{
	"file_path": "C:\\Users\\chupi\\AppData\\Local\\Packages\\Microsoft.MinecraftUWP_8wekyb3d8bbwe\\LocalState\\games\\com.mojang\\development_behavior_packs\\Ultra Farming Addon\\items\\chicken_coop_item.json",
	"file_type": "item",
	"format_version": 1,
	"file_uuid": "90a2042b_0103_43c7_93e1_9be6eb548a65",
	"file_version": 0,
	"cache_content": {
		"children": [
			{
				"data": "1.16.100",
				"key": "format_version"
			},
			{
				"open": {
					"format_version": "1.16.100",
					"minecraft:item": {
						"description": {
							"identifier": "uf:chicken_coop_item",
							"category": "items"
						},
						"components": {
							"minecraft:icon": {
								"texture": "uf_chicken_coop_item"
							},
							"minecraft:block_placer": {
								"block": "uf:chicken_coop",
								"use_block_description": true
							}
						},
						"events": {}
					}
				},
				"key": "minecraft:item",
				"children": [
					{
						"open": {
							"description": {
								"identifier": "uf:chicken_coop_item",
								"category": "items"
							},
							"components": {
								"minecraft:icon": {
									"texture": "uf_chicken_coop_item"
								},
								"minecraft:block_placer": {
									"block": "uf:chicken_coop",
									"use_block_description": true
								}
							},
							"events": {}
						},
						"key": "description",
						"is_minified": true,
						"children": {
							"identifier": "uf:chicken_coop_item",
							"category": "items"
						}
					},
					{
						"open": {
							"description": {
								"identifier": "uf:chicken_coop_item",
								"category": "items"
							},
							"components": {
								"minecraft:icon": {
									"texture": "uf_chicken_coop_item"
								},
								"minecraft:block_placer": {
									"block": "uf:chicken_coop",
									"use_block_description": true
								}
							},
							"events": {}
						},
						"key": "components",
						"children": [
							{
								"key": "minecraft:icon",
								"is_minified": true,
								"children": {
									"texture": "uf_chicken_coop_item"
								}
							},
							{
								"open": {
									"minecraft:icon": {
										"texture": "uf_chicken_coop_item"
									},
									"minecraft:block_placer": {
										"block": "uf:chicken_coop",
										"use_block_description": true
									}
								},
								"key": "minecraft:block_placer",
								"is_minified": true,
								"children": {
									"block": "uf:chicken_coop",
									"use_block_description": true
								}
							}
						]
					},
					{
						"key": "events",
						"is_minified": true,
						"children": {}
					}
				]
			}
		]
	}
}