{
	"file_path": "C:\\Users\\chupi\\AppData\\Local\\Packages\\Microsoft.MinecraftUWP_8wekyb3d8bbwe\\LocalState\\games\\com.mojang\\development_behavior_packs\\Ultra Farming Addon\\items\\cooking_pot_recipes_book_es.json",
	"file_type": "item",
	"format_version": 1,
	"file_uuid": "d23a8643_4498_4d60_a0ca_b5ff502ed246",
	"file_version": 4,
	"cache_content": {
		"children": [
			{
				"data": "1.16.100",
				"key": "format_version"
			},
			{
				"open": {
					"format_version": "1.16.100",
					"minecraft:item": {
						"description": {
							"identifier": "uf:cooking_pot_recipes_book_es"
						},
						"components": {
							"minecraft:icon": {
								"texture": "uf_cooking_pot_recipes_book"
							},
							"minecraft:on_use": {
								"on_use": {
									"event": "show_recipes"
								}
							},
							"minecraft:display_name": {
								"value": "Libro de recetas para ollas en español"
							}
						},
						"events": {
							"show_recipes": {
								"run_command": {
									"command": [
										"function show_cooking_pot_recipes_es"
									]
								}
							}
						}
					}
				},
				"key": "minecraft:item",
				"children": [
					{
						"open": {
							"description": {
								"identifier": "uf:cooking_pot_recipes_book_es"
							},
							"components": {
								"minecraft:icon": {
									"texture": "uf_cooking_pot_recipes_book"
								},
								"minecraft:on_use": {
									"on_use": {
										"event": "show_recipes"
									}
								},
								"minecraft:display_name": {
									"value": "Libro de recetas para ollas en español"
								}
							},
							"events": {
								"show_recipes": {
									"run_command": {
										"command": [
											"function show_cooking_pot_recipes_es"
										]
									}
								}
							}
						},
						"key": "description",
						"is_minified": true,
						"children": {
							"identifier": "uf:cooking_pot_recipes_book_es"
						}
					},
					{
						"open": {
							"description": {
								"identifier": "uf:cooking_pot_recipes_book_es"
							},
							"components": {
								"minecraft:icon": {
									"texture": "uf_cooking_pot_recipes_book"
								},
								"minecraft:on_use": {
									"on_use": {
										"event": "show_recipes"
									}
								},
								"minecraft:display_name": {
									"value": "Libro de recetas para ollas en español"
								}
							},
							"events": {
								"show_recipes": {
									"run_command": {
										"command": [
											"function show_cooking_pot_recipes_es"
										]
									}
								}
							}
						},
						"key": "components",
						"children": [
							{
								"key": "minecraft:icon",
								"is_minified": true,
								"children": {
									"texture": "uf_cooking_pot_recipes_book"
								}
							},
							{
								"open": {
									"minecraft:icon": {
										"texture": "uf_cooking_pot_recipes_book"
									},
									"minecraft:on_use": {
										"on_use": {
											"event": "show_recipes"
										}
									},
									"minecraft:display_name": {
										"value": "Libro de recetas para ollas en español"
									}
								},
								"key": "minecraft:on_use",
								"children": [
									{
										"open": {
											"on_use": {
												"event": "show_recipes"
											}
										},
										"key": "on_use",
										"is_minified": true,
										"children": {
											"event": "show_recipes"
										}
									}
								]
							},
							{
								"open": {
									"minecraft:icon": {
										"texture": "uf_cooking_pot_recipes_book"
									},
									"minecraft:on_use": {
										"on_use": {
											"event": "show_recipes"
										}
									},
									"minecraft:display_name": {
										"value": "Libro de recetas para ollas en español"
									}
								},
								"key": "minecraft:display_name",
								"is_minified": true,
								"children": {
									"value": "Libro de recetas para ollas en español"
								}
							}
						]
					},
					{
						"open": {
							"description": {
								"identifier": "uf:cooking_pot_recipes_book_es"
							},
							"components": {
								"minecraft:icon": {
									"texture": "uf_cooking_pot_recipes_book"
								},
								"minecraft:on_use": {
									"on_use": {
										"event": "show_recipes"
									}
								},
								"minecraft:display_name": {
									"value": "Libro de recetas para ollas en español"
								}
							},
							"events": {
								"show_recipes": {
									"run_command": {
										"command": [
											"function show_cooking_pot_recipes_es"
										]
									}
								}
							}
						},
						"key": "events",
						"children": [
							{
								"open": {
									"show_recipes": {
										"run_command": {
											"command": [
												"function show_cooking_pot_recipes_es"
											]
										}
									}
								},
								"key": "show_recipes",
								"children": [
									{
										"open": {
											"run_command": {
												"command": [
													"function show_cooking_pot_recipes_es"
												]
											}
										},
										"key": "run_command",
										"children": [
											{
												"open": {
													"command": [
														"function show_cooking_pot_recipes_es"
													]
												},
												"key": "command",
												"is_minified": true,
												"children": [
													"function show_cooking_pot_recipes_es"
												]
											}
										]
									}
								]
							}
						]
					}
				]
			}
		]
	}
}