{
	"file_path": "C:\\Users\\chupi\\AppData\\Local\\Packages\\Microsoft.MinecraftUWP_8wekyb3d8bbwe\\LocalState\\games\\com.mojang\\development_behavior_packs\\Ultra Farming Addon\\items\\cooking_pot_recipes_book.json",
	"file_type": "item",
	"format_version": 1,
	"file_uuid": "fd580345_3e96_4e4c_ac1f_8ce8a12034e2",
	"file_version": 3,
	"cache_content": {
		"children": [
			{
				"data": "1.16.100",
				"key": "format_version"
			},
			{
				"open": {
					"format_version": "1.16.100",
					"minecraft:item": {
						"description": {
							"identifier": "uf:cooking_pot_recipes_book"
						},
						"components": {
							"minecraft:icon": {
								"texture": "uf_cooking_pot_recipes_book"
							},
							"minecraft:on_use": {
								"on_use": {
									"event": "show_recipes"
								}
							},
							"minecraft:display_name": {
								"value": "English cooking pot recipes book"
							}
						},
						"events": {
							"show_recipes": {
								"run_command": {
									"command": [
										"function show_cooking_pot_recipes_en"
									]
								}
							}
						}
					}
				},
				"key": "minecraft:item",
				"children": [
					{
						"open": {
							"description": {
								"identifier": "uf:cooking_pot_recipes_book"
							},
							"components": {
								"minecraft:icon": {
									"texture": "uf_cooking_pot_recipes_book"
								},
								"minecraft:on_use": {
									"on_use": {
										"event": "show_recipes"
									}
								},
								"minecraft:display_name": {
									"value": "English cooking pot recipes book"
								}
							},
							"events": {
								"show_recipes": {
									"run_command": {
										"command": [
											"function show_cooking_pot_recipes_en"
										]
									}
								}
							}
						},
						"key": "description",
						"is_minified": true,
						"children": {
							"identifier": "uf:cooking_pot_recipes_book"
						}
					},
					{
						"open": {
							"description": {
								"identifier": "uf:cooking_pot_recipes_book"
							},
							"components": {
								"minecraft:icon": {
									"texture": "uf_cooking_pot_recipes_book"
								},
								"minecraft:on_use": {
									"on_use": {
										"event": "show_recipes"
									}
								},
								"minecraft:display_name": {
									"value": "English cooking pot recipes book"
								}
							},
							"events": {
								"show_recipes": {
									"run_command": {
										"command": [
											"function show_cooking_pot_recipes_en"
										]
									}
								}
							}
						},
						"key": "components",
						"children": [
							{
								"key": "minecraft:icon",
								"is_minified": true,
								"children": {
									"texture": "uf_cooking_pot_recipes_book"
								}
							},
							{
								"open": {
									"minecraft:icon": {
										"texture": "uf_cooking_pot_recipes_book"
									},
									"minecraft:on_use": {
										"on_use": {
											"event": "show_recipes"
										}
									},
									"minecraft:display_name": {
										"value": "English cooking pot recipes book"
									}
								},
								"key": "minecraft:on_use",
								"children": [
									{
										"open": {
											"on_use": {
												"event": "show_recipes"
											}
										},
										"key": "on_use",
										"is_minified": true,
										"children": {
											"event": "show_recipes"
										}
									}
								]
							},
							{
								"open": {
									"minecraft:icon": {
										"texture": "uf_cooking_pot_recipes_book"
									},
									"minecraft:on_use": {
										"on_use": {
											"event": "show_recipes"
										}
									},
									"minecraft:display_name": {
										"value": "English cooking pot recipes book"
									}
								},
								"key": "minecraft:display_name",
								"is_minified": true,
								"children": {
									"value": "English cooking pot recipes book"
								}
							}
						]
					},
					{
						"open": {
							"description": {
								"identifier": "uf:cooking_pot_recipes_book"
							},
							"components": {
								"minecraft:icon": {
									"texture": "uf_cooking_pot_recipes_book"
								},
								"minecraft:on_use": {
									"on_use": {
										"event": "show_recipes"
									}
								},
								"minecraft:display_name": {
									"value": "English cooking pot recipes book"
								}
							},
							"events": {
								"show_recipes": {
									"run_command": {
										"command": [
											"function show_cooking_pot_recipes_en"
										]
									}
								}
							}
						},
						"key": "events",
						"children": [
							{
								"open": {
									"show_recipes": {
										"run_command": {
											"command": [
												"function show_cooking_pot_recipes_en"
											]
										}
									}
								},
								"key": "show_recipes",
								"children": [
									{
										"open": {
											"run_command": {
												"command": [
													"function show_cooking_pot_recipes_en"
												]
											}
										},
										"key": "run_command",
										"children": [
											{
												"open": {
													"command": [
														"function show_cooking_pot_recipes_en"
													]
												},
												"key": "command",
												"is_minified": true,
												"children": [
													"function show_cooking_pot_recipes_en"
												]
											}
										]
									}
								]
							}
						]
					}
				]
			}
		]
	}
}