{
	"file_path": "C:\\Users\\chupi\\AppData\\Local\\Packages\\Microsoft.MinecraftUWP_8wekyb3d8bbwe\\LocalState\\games\\com.mojang\\development_behavior_packs\\Ultra Farming Addon\\items\\corn_crop_seeds.json",
	"file_type": "item",
	"format_version": 1,
	"file_uuid": "bb64c003_bc46_4581_8150_d6b0040340ce",
	"file_version": 0,
	"cache_content": {
		"children": [
			{
				"data": "1.16.100",
				"key": "format_version"
			},
			{
				"open": {
					"format_version": "1.16.100",
					"minecraft:item": {
						"description": {
							"category": "nature",
							"identifier": "uf:corn_crop_seeds"
						},
						"components": {
							"minecraft:creative_category": {
								"parent": "itemGroup.name.seed"
							},
							"minecraft:max_stack_size": 64,
							"minecraft:fuel": {
								"duration": 5
							},
							"minecraft:block_placer": {
								"block": "uf:corn_crop",
								"use_block_description": true
							},
							"minecraft:icon": {
								"texture": "uf_corn_crop_seeds"
							}
						}
					}
				},
				"key": "minecraft:item",
				"children": [
					{
						"open": {
							"description": {
								"category": "nature",
								"identifier": "uf:corn_crop_seeds"
							},
							"components": {
								"minecraft:creative_category": {
									"parent": "itemGroup.name.seed"
								},
								"minecraft:max_stack_size": 64,
								"minecraft:fuel": {
									"duration": 5
								},
								"minecraft:block_placer": {
									"block": "uf:corn_crop",
									"use_block_description": true
								},
								"minecraft:icon": {
									"texture": "uf_corn_crop_seeds"
								}
							}
						},
						"key": "description",
						"is_minified": true,
						"children": {
							"category": "nature",
							"identifier": "uf:corn_crop_seeds"
						}
					},
					{
						"open": {
							"description": {
								"category": "nature",
								"identifier": "uf:corn_crop_seeds"
							},
							"components": {
								"minecraft:creative_category": {
									"parent": "itemGroup.name.seed"
								},
								"minecraft:max_stack_size": 64,
								"minecraft:fuel": {
									"duration": 5
								},
								"minecraft:block_placer": {
									"block": "uf:corn_crop",
									"use_block_description": true
								},
								"minecraft:icon": {
									"texture": "uf_corn_crop_seeds"
								}
							}
						},
						"key": "components",
						"children": [
							{
								"key": "minecraft:creative_category",
								"is_minified": true,
								"children": {
									"parent": "itemGroup.name.seed"
								}
							},
							{
								"data": "64",
								"key": "minecraft:max_stack_size"
							},
							{
								"key": "minecraft:fuel",
								"is_minified": true,
								"children": {
									"duration": 5
								}
							},
							{
								"open": {
									"minecraft:creative_category": {
										"parent": "itemGroup.name.seed"
									},
									"minecraft:max_stack_size": 64,
									"minecraft:fuel": {
										"duration": 5
									},
									"minecraft:block_placer": {
										"block": "uf:corn_crop",
										"use_block_description": true
									},
									"minecraft:icon": {
										"texture": "uf_corn_crop_seeds"
									}
								},
								"key": "minecraft:block_placer",
								"is_minified": true,
								"children": {
									"block": "uf:corn_crop",
									"use_block_description": true
								}
							},
							{
								"key": "minecraft:icon",
								"is_minified": true,
								"children": {
									"texture": "uf_corn_crop_seeds"
								}
							}
						]
					}
				]
			}
		]
	}
}