{
	"file_path": "C:\\Users\\chupi\\AppData\\Local\\Packages\\Microsoft.MinecraftUWP_8wekyb3d8bbwe\\LocalState\\games\\com.mojang\\development_behavior_packs\\Ultra Farming Addon\\items\\grapes_crop_seeds.json",
	"file_type": "item",
	"format_version": 0,
	"cache_content": {
		"format_version": "1.16.100",
		"minecraft:item": {
			"description": {
				"category": "nature",
				"identifier": "uf:grapes_crop_seeds"
			},
			"components": {
				"minecraft:creative_category": {
					"parent": "itemGroup.name.seed"
				},
				"minecraft:max_stack_size": 64,
				"minecraft:fuel": {
					"duration": 5
				},
				"minecraft:block_placer": {
					"block": "uf:grapes_crop"
				},
				"minecraft:icon": {
					"texture": "uf_grapes_crop_seeds"
				}
			}
		}
	},
	"file_uuid": "3b62ca43_52a7_4d38_9981_d93d1d5eafca"
}