{
	"file_path": "C:\\Users\\chupi\\AppData\\Local\\Packages\\Microsoft.MinecraftUWP_8wekyb3d8bbwe\\LocalState\\games\\com.mojang\\development_behavior_packs\\Ultra Farming Addon\\items\\knife.json",
	"file_type": "item",
	"format_version": 1,
	"file_uuid": "2a8d0c4f_0b3f_4d16_a10c_8ac0c516043b",
	"file_version": 3,
	"cache_content": {
		"children": [
			{
				"data": "1.16.100",
				"key": "format_version"
			},
			{
				"open": {
					"format_version": "1.16.100",
					"minecraft:item": {
						"description": {
							"category": "equipment",
							"identifier": "uf:knife"
						},
						"components": {
							"minecraft:creative_category": {
								"parent": "itemGroup.name.sword"
							},
							"minecraft:max_stack_size": 1,
							"minecraft:use_duration": 3600,
							"minecraft:hand_equipped": true,
							"minecraft:durability": {
								"max_durability": 150
							},
							"minecraft:mining_speed": 1.5,
							"minecraft:damage": 4,
							"minecraft:icon": {
								"texture": "uf_knife"
							},
							"minecraft:enchantable": {
								"value": 14,
								"slot": "sword"
							},
							"minecraft:can_destroy_in_creative": false,
							"minecraft:digger": {
								"use_efficiency": true,
								"destroy_speeds": [
									{
										"block": "minecraft:web",
										"speed": 12
									},
									{
										"block": "minecraft:bamboo",
										"speed": 8
									}
								]
							},
							"minecraft:weapon": {},
							"tag:minecraft:is_sword": {},
							"minecraft:on_use_on": {
								"on_use_on": {
									"event": "minecraft:break"
								}
							}
						},
						"events": {
							"minecraft:break": {
								"damage": {
									"type": "durability",
									"amount": 1
								}
							}
						}
					}
				},
				"key": "minecraft:item",
				"children": [
					{
						"open": {
							"description": {
								"category": "equipment",
								"identifier": "uf:knife"
							},
							"components": {
								"minecraft:creative_category": {
									"parent": "itemGroup.name.sword"
								},
								"minecraft:max_stack_size": 1,
								"minecraft:use_duration": 3600,
								"minecraft:hand_equipped": true,
								"minecraft:durability": {
									"max_durability": 150
								},
								"minecraft:mining_speed": 1.5,
								"minecraft:damage": 4,
								"minecraft:icon": {
									"texture": "uf_knife"
								},
								"minecraft:enchantable": {
									"value": 14,
									"slot": "sword"
								},
								"minecraft:can_destroy_in_creative": false,
								"minecraft:digger": {
									"use_efficiency": true,
									"destroy_speeds": [
										{
											"block": "minecraft:web",
											"speed": 12
										},
										{
											"block": "minecraft:bamboo",
											"speed": 8
										}
									]
								},
								"minecraft:weapon": {},
								"tag:minecraft:is_sword": {},
								"minecraft:on_use_on": {
									"on_use_on": {
										"event": "minecraft:break"
									}
								}
							},
							"events": {
								"minecraft:break": {
									"damage": {
										"type": "durability",
										"amount": 1
									}
								}
							}
						},
						"key": "description",
						"is_minified": true,
						"children": {
							"category": "equipment",
							"identifier": "uf:knife"
						}
					},
					{
						"open": {
							"description": {
								"category": "equipment",
								"identifier": "uf:knife"
							},
							"components": {
								"minecraft:creative_category": {
									"parent": "itemGroup.name.sword"
								},
								"minecraft:max_stack_size": 1,
								"minecraft:use_duration": 3600,
								"minecraft:hand_equipped": true,
								"minecraft:durability": {
									"max_durability": 150
								},
								"minecraft:mining_speed": 1.5,
								"minecraft:damage": 4,
								"minecraft:icon": {
									"texture": "uf_knife"
								},
								"minecraft:enchantable": {
									"value": 14,
									"slot": "sword"
								},
								"minecraft:can_destroy_in_creative": false,
								"minecraft:digger": {
									"use_efficiency": true,
									"destroy_speeds": [
										{
											"block": "minecraft:web",
											"speed": 12
										},
										{
											"block": "minecraft:bamboo",
											"speed": 8
										}
									]
								},
								"minecraft:weapon": {},
								"tag:minecraft:is_sword": {},
								"minecraft:on_use_on": {
									"on_use_on": {
										"event": "minecraft:break"
									}
								}
							},
							"events": {
								"minecraft:break": {
									"damage": {
										"type": "durability",
										"amount": 1
									}
								}
							}
						},
						"key": "components",
						"children": [
							{
								"key": "minecraft:creative_category",
								"is_minified": true,
								"children": {
									"parent": "itemGroup.name.sword"
								}
							},
							{
								"data": "1",
								"key": "minecraft:max_stack_size"
							},
							{
								"data": "3600",
								"key": "minecraft:use_duration"
							},
							{
								"data": "true",
								"key": "minecraft:hand_equipped"
							},
							{
								"key": "minecraft:durability",
								"is_minified": true,
								"children": {
									"max_durability": 150
								}
							},
							{
								"data": "1.5",
								"key": "minecraft:mining_speed"
							},
							{
								"data": "4",
								"key": "minecraft:damage"
							},
							{
								"key": "minecraft:icon",
								"is_minified": true,
								"children": {
									"texture": "uf_knife"
								}
							},
							{
								"key": "minecraft:enchantable",
								"is_minified": true,
								"children": {
									"value": 14,
									"slot": "sword"
								}
							},
							{
								"data": "false",
								"key": "minecraft:can_destroy_in_creative"
							},
							{
								"key": "minecraft:digger",
								"is_minified": true,
								"children": {
									"use_efficiency": true,
									"destroy_speeds": [
										{
											"block": "minecraft:web",
											"speed": 12
										},
										{
											"block": "minecraft:bamboo",
											"speed": 8
										}
									]
								}
							},
							{
								"key": "minecraft:weapon",
								"is_minified": true,
								"children": {}
							},
							{
								"key": "tag:minecraft:is_sword",
								"is_minified": true,
								"children": {}
							},
							{
								"open": {
									"minecraft:creative_category": {
										"parent": "itemGroup.name.sword"
									},
									"minecraft:max_stack_size": 1,
									"minecraft:use_duration": 3600,
									"minecraft:hand_equipped": true,
									"minecraft:durability": {
										"max_durability": 150
									},
									"minecraft:mining_speed": 1.5,
									"minecraft:damage": 4,
									"minecraft:icon": {
										"texture": "uf_knife"
									},
									"minecraft:enchantable": {
										"value": 14,
										"slot": "sword"
									},
									"minecraft:can_destroy_in_creative": false,
									"minecraft:digger": {
										"use_efficiency": true,
										"destroy_speeds": [
											{
												"block": "minecraft:web",
												"speed": 12
											},
											{
												"block": "minecraft:bamboo",
												"speed": 8
											}
										]
									},
									"minecraft:weapon": {},
									"tag:minecraft:is_sword": {},
									"minecraft:on_use_on": {
										"on_use_on": {
											"event": "minecraft:break"
										}
									}
								},
								"key": "minecraft:on_use_on",
								"children": [
									{
										"open": {
											"on_use_on": {
												"event": "minecraft:break"
											}
										},
										"key": "on_use_on",
										"is_minified": true,
										"children": {
											"event": "minecraft:break"
										}
									}
								]
							}
						]
					},
					{
						"open": {
							"description": {
								"category": "equipment",
								"identifier": "uf:knife"
							},
							"components": {
								"minecraft:creative_category": {
									"parent": "itemGroup.name.sword"
								},
								"minecraft:max_stack_size": 1,
								"minecraft:use_duration": 3600,
								"minecraft:hand_equipped": true,
								"minecraft:durability": {
									"max_durability": 150
								},
								"minecraft:mining_speed": 1.5,
								"minecraft:damage": 4,
								"minecraft:icon": {
									"texture": "uf_knife"
								},
								"minecraft:enchantable": {
									"value": 14,
									"slot": "sword"
								},
								"minecraft:can_destroy_in_creative": false,
								"minecraft:digger": {
									"use_efficiency": true,
									"destroy_speeds": [
										{
											"block": "minecraft:web",
											"speed": 12
										},
										{
											"block": "minecraft:bamboo",
											"speed": 8
										}
									]
								},
								"minecraft:weapon": {},
								"tag:minecraft:is_sword": {},
								"minecraft:on_use_on": {
									"on_use_on": {
										"event": "minecraft:break"
									}
								}
							},
							"events": {
								"minecraft:break": {
									"damage": {
										"type": "durability",
										"amount": 1
									}
								}
							}
						},
						"key": "events",
						"children": [
							{
								"open": {
									"minecraft:break": {
										"damage": {
											"type": "durability",
											"amount": 1
										}
									}
								},
								"key": "minecraft:break",
								"children": [
									{
										"open": {
											"damage": {
												"type": "durability",
												"amount": 1
											}
										},
										"key": "damage",
										"is_minified": true,
										"children": {
											"type": "durability",
											"amount": 1
										}
									}
								]
							}
						]
					}
				]
			}
		]
	}
}