{
	"file_path": "C:\\Users\\chupi\\AppData\\Local\\Packages\\Microsoft.MinecraftUWP_8wekyb3d8bbwe\\LocalState\\games\\com.mojang\\development_behavior_packs\\Ultra Farming Addon\\items\\noodles.json",
	"file_type": "item",
	"format_version": 1,
	"file_uuid": "cf8386a3_da99_4058_b8d9_dca09a92e24e",
	"file_version": 0,
	"cache_content": {
		"children": [
			{
				"data": "1.16.100",
				"key": "format_version"
			},
			{
				"open": {
					"format_version": "1.16.100",
					"minecraft:item": {
						"description": {
							"identifier": "uf:noodles",
							"category": "equipment"
						},
						"components": {
							"minecraft:icon": {
								"texture": "uf_noodles"
							},
							"minecraft:creative_category": {
								"parent": "itemGroup.name.miscFood"
							}
						},
						"events": {}
					}
				},
				"key": "minecraft:item",
				"children": [
					{
						"open": {
							"description": {
								"identifier": "uf:noodles",
								"category": "equipment"
							},
							"components": {
								"minecraft:icon": {
									"texture": "uf_noodles"
								},
								"minecraft:creative_category": {
									"parent": "itemGroup.name.miscFood"
								}
							},
							"events": {}
						},
						"key": "description",
						"is_minified": true,
						"children": {
							"identifier": "uf:noodles",
							"category": "equipment"
						}
					},
					{
						"open": {
							"description": {
								"identifier": "uf:noodles",
								"category": "equipment"
							},
							"components": {
								"minecraft:icon": {
									"texture": "uf_noodles"
								},
								"minecraft:creative_category": {
									"parent": "itemGroup.name.miscFood"
								}
							},
							"events": {}
						},
						"key": "components",
						"is_minified": true,
						"children": {
							"minecraft:icon": {
								"texture": "uf_noodles"
							},
							"minecraft:creative_category": {
								"parent": "itemGroup.name.miscFood"
							}
						}
					},
					{
						"open": {
							"description": {
								"identifier": "uf:noodles",
								"category": "equipment"
							},
							"components": {
								"minecraft:icon": {
									"texture": "uf_noodles"
								},
								"minecraft:creative_category": {
									"parent": "itemGroup.name.miscFood"
								}
							},
							"events": {}
						},
						"key": "events",
						"is_minified": true,
						"children": {}
					}
				]
			}
		]
	}
}