{
	"file_path": "C:\\Users\\chupi\\AppData\\Local\\Packages\\Microsoft.MinecraftUWP_8wekyb3d8bbwe\\LocalState\\games\\com.mojang\\development_behavior_packs\\Ultra Farming Addon\\items\\orange.json",
	"file_type": "item",
	"format_version": 1,
	"file_uuid": "4562259a_2696_48a8_a2db_4858769eec2a",
	"file_version": 1,
	"cache_content": {
		"children": [
			{
				"data": "1.16.100",
				"key": "format_version"
			},
			{
				"open": {
					"format_version": "1.16.100",
					"minecraft:item": {
						"description": {
							"identifier": "uf:orange",
							"category": "equipment"
						},
						"components": {
							"minecraft:use_duration": 1,
							"minecraft:food": {
								"nutrition": 4,
								"saturation_modifier": "low"
							},
							"minecraft:icon": {
								"texture": "uf_orange"
							},
							"minecraft:use_animation": "eat",
							"minecraft:render_offsets": "apple",
							"minecraft:creative_category": {
								"parent": "itemGroup.name.miscFood"
							}
						}
					}
				},
				"key": "minecraft:item",
				"children": [
					{
						"open": {
							"description": {
								"identifier": "uf:orange",
								"category": "equipment"
							},
							"components": {
								"minecraft:use_duration": 1,
								"minecraft:food": {
									"nutrition": 4,
									"saturation_modifier": "low"
								},
								"minecraft:icon": {
									"texture": "uf_orange"
								},
								"minecraft:use_animation": "eat",
								"minecraft:render_offsets": "apple",
								"minecraft:creative_category": {
									"parent": "itemGroup.name.miscFood"
								}
							}
						},
						"key": "description",
						"is_minified": true,
						"children": {
							"identifier": "uf:orange",
							"category": "equipment"
						}
					},
					{
						"open": {
							"description": {
								"identifier": "uf:orange",
								"category": "equipment"
							},
							"components": {
								"minecraft:use_duration": 1,
								"minecraft:food": {
									"nutrition": 4,
									"saturation_modifier": "low"
								},
								"minecraft:icon": {
									"texture": "uf_orange"
								},
								"minecraft:use_animation": "eat",
								"minecraft:render_offsets": "apple",
								"minecraft:creative_category": {
									"parent": "itemGroup.name.miscFood"
								}
							}
						},
						"key": "components",
						"is_minified": true,
						"children": {
							"minecraft:use_duration": 1,
							"minecraft:food": {
								"nutrition": 4,
								"saturation_modifier": "low"
							},
							"minecraft:icon": {
								"texture": "uf_orange"
							},
							"minecraft:use_animation": "eat",
							"minecraft:render_offsets": "apple",
							"minecraft:creative_category": {
								"parent": "itemGroup.name.miscFood"
							}
						}
					}
				]
			}
		]
	}
}