{
	"file_path": "C:\\Users\\chupi\\AppData\\Local\\Packages\\Microsoft.MinecraftUWP_8wekyb3d8bbwe\\LocalState\\games\\com.mojang\\development_behavior_packs\\Ultra Farming Addon\\items\\orange_tree_sapling_item.json",
	"file_type": "item",
	"format_version": 1,
	"file_uuid": "c65c00de_1e86_4737_925b_f31dc8c0b7d7",
	"file_version": 6,
	"cache_content": {
		"children": [
			{
				"data": "1.16.100",
				"key": "format_version"
			},
			{
				"open": {
					"format_version": "1.16.100",
					"minecraft:item": {
						"description": {
							"identifier": "uf:orange_tree_sapling_item",
							"category": "nature"
						},
						"components": {
							"minecraft:icon": {
								"texture": "uf_orange_tree_sapling_item"
							},
							"minecraft:block_placer": {
								"block": "uf:orange_tree_sapling",
								"use_block_description": true
							},
							"minecraft:creative_category": {
								"parent": "itemGroup.name.sapling"
							}
						},
						"events": {}
					}
				},
				"key": "minecraft:item",
				"children": [
					{
						"open": {
							"description": {
								"identifier": "uf:orange_tree_sapling_item",
								"category": "nature"
							},
							"components": {
								"minecraft:icon": {
									"texture": "uf_orange_tree_sapling_item"
								},
								"minecraft:block_placer": {
									"block": "uf:orange_tree_sapling",
									"use_block_description": true
								},
								"minecraft:creative_category": {
									"parent": "itemGroup.name.sapling"
								}
							},
							"events": {}
						},
						"key": "description",
						"is_minified": true,
						"children": {
							"identifier": "uf:orange_tree_sapling_item",
							"category": "nature"
						}
					},
					{
						"open": {
							"description": {
								"identifier": "uf:orange_tree_sapling_item",
								"category": "nature"
							},
							"components": {
								"minecraft:icon": {
									"texture": "uf_orange_tree_sapling_item"
								},
								"minecraft:block_placer": {
									"block": "uf:orange_tree_sapling",
									"use_block_description": true
								},
								"minecraft:creative_category": {
									"parent": "itemGroup.name.sapling"
								}
							},
							"events": {}
						},
						"key": "components",
						"children": [
							{
								"open": {
									"minecraft:icon": {
										"texture": "uf_orange_tree_sapling_item"
									},
									"minecraft:block_placer": {
										"block": "uf:orange_tree_sapling",
										"use_block_description": true
									},
									"minecraft:creative_category": {
										"parent": "itemGroup.name.sapling"
									}
								},
								"key": "minecraft:icon",
								"is_minified": true,
								"children": {
									"texture": "uf_orange_tree_sapling_item"
								}
							},
							{
								"open": {
									"minecraft:icon": {
										"texture": "uf_orange_tree_sapling_item"
									},
									"minecraft:block_placer": {
										"block": "uf:orange_tree_sapling",
										"use_block_description": true
									},
									"minecraft:creative_category": {
										"parent": "itemGroup.name.sapling"
									}
								},
								"key": "minecraft:block_placer",
								"is_minified": true,
								"children": {
									"block": "uf:orange_tree_sapling",
									"use_block_description": true
								}
							},
							{
								"open": {
									"minecraft:icon": {
										"texture": "uf_orange_tree_sapling_item"
									},
									"minecraft:block_placer": {
										"block": "uf:orange_tree_sapling",
										"use_block_description": true
									},
									"minecraft:creative_category": {
										"parent": "itemGroup.name.sapling"
									}
								},
								"key": "minecraft:creative_category",
								"is_minified": true,
								"children": {
									"parent": "itemGroup.name.sapling"
								}
							}
						]
					},
					{
						"open": {
							"description": {
								"identifier": "uf:orange_tree_sapling_item",
								"category": "nature"
							},
							"components": {
								"minecraft:icon": {
									"texture": "uf_orange_tree_sapling_item"
								},
								"minecraft:block_placer": {
									"block": "uf:orange_tree_sapling",
									"use_block_description": true
								},
								"minecraft:creative_category": {
									"parent": "itemGroup.name.sapling"
								}
							},
							"events": {}
						},
						"key": "events",
						"is_minified": true,
						"children": {}
					}
				]
			}
		]
	}
}