{
	"file_path": "C:\\Users\\chupi\\AppData\\Local\\Packages\\Microsoft.MinecraftUWP_8wekyb3d8bbwe\\LocalState\\games\\com.mojang\\development_behavior_packs\\Ultra Farming Addon\\items\\plow_tool.json",
	"file_type": "item",
	"format_version": 1,
	"file_uuid": "8dabef89_4967_416c_b660_024306327e5c",
	"file_version": 8,
	"cache_content": {
		"children": [
			{
				"data": "1.16.100",
				"key": "format_version"
			},
			{
				"open": {
					"format_version": "1.16.100",
					"minecraft:item": {
						"description": {
							"identifier": "uf:plow_tool",
							"category": "equipment"
						},
						"components": {
							"minecraft:max_stack_size": 1,
							"minecraft:hand_equipped": true,
							"minecraft:durability": {
								"max_durability": 250
							},
							"minecraft:mining_speed": 1,
							"minecraft:damage": 3,
							"minecraft:enchantable": {
								"value": 14,
								"slot": "hoe"
							},
							"minecraft:use_on": {
								"blocks": [
									"grass",
									"dirt"
								]
							},
							"minecraft:icon": {
								"texture": "uf_plow_tool"
							},
							"tag:minecraft:is_hoe": {},
							"minecraft:on_use_on": {
								"on_use_on": {
									"event": "uf:ultra_plow"
								}
							},
							"minecraft:creative_category": {
								"parent": "itemGroup.name.hoe"
							}
						},
						"events": {
							"on_tool_used": {
								"run_command": {
									"command": [
										"fill ~-2~-1~-2 ~2~-1~2 farmland 0 replace grass",
										"fill ~-2~-1~-2 ~2~-1~2 farmland 0 replace dirt"
									]
								}
							}
						}
					}
				},
				"key": "minecraft:item",
				"children": [
					{
						"open": {
							"description": {
								"identifier": "uf:plow_tool",
								"category": "equipment"
							},
							"components": {
								"minecraft:max_stack_size": 1,
								"minecraft:hand_equipped": true,
								"minecraft:durability": {
									"max_durability": 250
								},
								"minecraft:mining_speed": 1,
								"minecraft:damage": 3,
								"minecraft:enchantable": {
									"value": 14,
									"slot": "hoe"
								},
								"minecraft:use_on": {
									"blocks": [
										"grass",
										"dirt"
									]
								},
								"minecraft:icon": {
									"texture": "uf_plow_tool"
								},
								"tag:minecraft:is_hoe": {},
								"minecraft:on_use_on": {
									"on_use_on": {
										"event": "uf:ultra_plow"
									}
								},
								"minecraft:creative_category": {
									"parent": "itemGroup.name.hoe"
								}
							},
							"events": {
								"on_tool_used": {
									"run_command": {
										"command": [
											"fill ~-2~-1~-2 ~2~-1~2 farmland 0 replace grass",
											"fill ~-2~-1~-2 ~2~-1~2 farmland 0 replace dirt"
										]
									}
								}
							}
						},
						"key": "description",
						"is_minified": true,
						"children": {
							"identifier": "uf:plow_tool",
							"category": "equipment"
						}
					},
					{
						"open": {
							"description": {
								"identifier": "uf:plow_tool",
								"category": "equipment"
							},
							"components": {
								"minecraft:max_stack_size": 1,
								"minecraft:hand_equipped": true,
								"minecraft:durability": {
									"max_durability": 250
								},
								"minecraft:mining_speed": 1,
								"minecraft:damage": 3,
								"minecraft:enchantable": {
									"value": 14,
									"slot": "hoe"
								},
								"minecraft:use_on": {
									"blocks": [
										"grass",
										"dirt"
									]
								},
								"minecraft:icon": {
									"texture": "uf_plow_tool"
								},
								"tag:minecraft:is_hoe": {},
								"minecraft:on_use_on": {
									"on_use_on": {
										"event": "uf:ultra_plow"
									}
								},
								"minecraft:creative_category": {
									"parent": "itemGroup.name.hoe"
								}
							},
							"events": {
								"on_tool_used": {
									"run_command": {
										"command": [
											"fill ~-2~-1~-2 ~2~-1~2 farmland 0 replace grass",
											"fill ~-2~-1~-2 ~2~-1~2 farmland 0 replace dirt"
										]
									}
								}
							}
						},
						"key": "components",
						"children": [
							{
								"data": "1",
								"key": "minecraft:max_stack_size"
							},
							{
								"data": "true",
								"key": "minecraft:hand_equipped"
							},
							{
								"key": "minecraft:durability",
								"is_minified": true,
								"children": {
									"max_durability": 250
								}
							},
							{
								"data": "1",
								"key": "minecraft:mining_speed"
							},
							{
								"data": "3",
								"key": "minecraft:damage"
							},
							{
								"key": "minecraft:enchantable",
								"is_minified": true,
								"children": {
									"value": 14,
									"slot": "hoe"
								}
							},
							{
								"key": "minecraft:use_on",
								"children": [
									{
										"open": {
											"blocks": [
												"grass",
												"dirt"
											]
										},
										"key": "blocks",
										"is_minified": true,
										"children": [
											"grass",
											"dirt"
										]
									}
								]
							},
							{
								"key": "minecraft:icon",
								"is_minified": true,
								"children": {
									"texture": "uf_plow_tool"
								}
							},
							{
								"key": "tag:minecraft:is_hoe",
								"is_minified": true,
								"children": {}
							},
							{
								"open": {
									"minecraft:max_stack_size": 1,
									"minecraft:hand_equipped": true,
									"minecraft:durability": {
										"max_durability": 250
									},
									"minecraft:mining_speed": 1,
									"minecraft:damage": 3,
									"minecraft:enchantable": {
										"value": 14,
										"slot": "hoe"
									},
									"minecraft:use_on": {
										"blocks": [
											"grass",
											"dirt"
										]
									},
									"minecraft:icon": {
										"texture": "uf_plow_tool"
									},
									"tag:minecraft:is_hoe": {},
									"minecraft:on_use_on": {
										"on_use_on": {
											"event": "uf:ultra_plow"
										}
									},
									"minecraft:creative_category": {
										"parent": "itemGroup.name.hoe"
									}
								},
								"key": "minecraft:on_use_on",
								"children": [
									{
										"open": {
											"on_use_on": {
												"event": "uf:ultra_plow"
											}
										},
										"key": "on_use_on",
										"is_minified": true,
										"children": {
											"event": "uf:ultra_plow"
										}
									}
								]
							},
							{
								"open": {
									"minecraft:max_stack_size": 1,
									"minecraft:hand_equipped": true,
									"minecraft:durability": {
										"max_durability": 250
									},
									"minecraft:mining_speed": 1,
									"minecraft:damage": 3,
									"minecraft:enchantable": {
										"value": 14,
										"slot": "hoe"
									},
									"minecraft:use_on": {
										"blocks": [
											"grass",
											"dirt"
										]
									},
									"minecraft:icon": {
										"texture": "uf_plow_tool"
									},
									"tag:minecraft:is_hoe": {},
									"minecraft:on_use_on": {
										"on_use_on": {
											"event": "uf:ultra_plow"
										}
									},
									"minecraft:creative_category": {
										"parent": "itemGroup.name.hoe"
									}
								},
								"key": "minecraft:creative_category",
								"is_minified": true,
								"children": {
									"parent": "itemGroup.name.hoe"
								}
							}
						]
					},
					{
						"open": {
							"description": {
								"identifier": "uf:plow_tool",
								"category": "equipment"
							},
							"components": {
								"minecraft:max_stack_size": 1,
								"minecraft:hand_equipped": true,
								"minecraft:durability": {
									"max_durability": 250
								},
								"minecraft:mining_speed": 1,
								"minecraft:damage": 3,
								"minecraft:enchantable": {
									"value": 14,
									"slot": "hoe"
								},
								"minecraft:use_on": {
									"blocks": [
										"grass",
										"dirt"
									]
								},
								"minecraft:icon": {
									"texture": "uf_plow_tool"
								},
								"tag:minecraft:is_hoe": {},
								"minecraft:on_use_on": {
									"on_use_on": {
										"event": "uf:ultra_plow"
									}
								},
								"minecraft:creative_category": {
									"parent": "itemGroup.name.hoe"
								}
							},
							"events": {
								"on_tool_used": {
									"run_command": {
										"command": [
											"fill ~-2~-1~-2 ~2~-1~2 farmland 0 replace grass",
											"fill ~-2~-1~-2 ~2~-1~2 farmland 0 replace dirt"
										]
									}
								}
							}
						},
						"key": "events",
						"children": [
							{
								"open": {
									"on_tool_used": {
										"run_command": {
											"command": [
												"fill ~-2~-1~-2 ~2~-1~2 farmland 0 replace grass",
												"fill ~-2~-1~-2 ~2~-1~2 farmland 0 replace dirt"
											]
										}
									}
								},
								"key": "on_tool_used",
								"children": [
									{
										"open": {
											"run_command": {
												"command": [
													"fill ~-2~-1~-2 ~2~-1~2 farmland 0 replace grass",
													"fill ~-2~-1~-2 ~2~-1~2 farmland 0 replace dirt"
												]
											}
										},
										"key": "run_command",
										"children": [
											{
												"open": {
													"command": [
														"fill ~-2~-1~-2 ~2~-1~2 farmland 0 replace grass",
														"fill ~-2~-1~-2 ~2~-1~2 farmland 0 replace dirt"
													]
												},
												"key": "command",
												"is_minified": true,
												"children": [
													"fill ~-2~-1~-2 ~2~-1~2 farmland 0 replace grass",
													"fill ~-2~-1~-2 ~2~-1~2 farmland 0 replace dirt"
												]
											}
										]
									}
								]
							}
						]
					}
				]
			}
		]
	}
}