{
	"file_path": "C:\\Users\\chupi\\AppData\\Local\\Packages\\Microsoft.MinecraftUWP_8wekyb3d8bbwe\\LocalState\\games\\com.mojang\\development_behavior_packs\\Ultra Farming Addon\\items\\rice.json",
	"file_type": "item",
	"format_version": 1,
	"file_uuid": "b5dcddcb_03a5_47be_8327_7e445094d6da",
	"file_version": 2,
	"cache_content": {
		"children": [
			{
				"data": "1.16.100",
				"key": "format_version"
			},
			{
				"open": {
					"format_version": "1.16.100",
					"minecraft:item": {
						"description": {
							"identifier": "uf:rice",
							"category": "nature"
						},
						"components": {
							"minecraft:creative_category": {
								"parent": "itemGroup.name.seed"
							},
							"minecraft:max_stack_size": 64,
							"minecraft:fuel": {
								"duration": 5
							},
							"minecraft:block_placer": {
								"block": "uf:rice_crop"
							},
							"minecraft:icon": {
								"texture": "uf_rice_crop_seeds"
							}
						}
					}
				},
				"key": "minecraft:item",
				"children": [
					{
						"open": {
							"description": {
								"identifier": "uf:rice",
								"category": "nature"
							},
							"components": {
								"minecraft:creative_category": {
									"parent": "itemGroup.name.seed"
								},
								"minecraft:max_stack_size": 64,
								"minecraft:fuel": {
									"duration": 5
								},
								"minecraft:block_placer": {
									"block": "uf:rice_crop"
								},
								"minecraft:icon": {
									"texture": "uf_rice_crop_seeds"
								}
							}
						},
						"key": "description",
						"is_minified": true,
						"children": {
							"identifier": "uf:rice",
							"category": "nature"
						}
					},
					{
						"open": {
							"description": {
								"identifier": "uf:rice",
								"category": "nature"
							},
							"components": {
								"minecraft:creative_category": {
									"parent": "itemGroup.name.seed"
								},
								"minecraft:max_stack_size": 64,
								"minecraft:fuel": {
									"duration": 5
								},
								"minecraft:block_placer": {
									"block": "uf:rice_crop"
								},
								"minecraft:icon": {
									"texture": "uf_rice_crop_seeds"
								}
							}
						},
						"key": "components",
						"is_minified": true,
						"children": {
							"minecraft:creative_category": {
								"parent": "itemGroup.name.seed"
							},
							"minecraft:max_stack_size": 64,
							"minecraft:fuel": {
								"duration": 5
							},
							"minecraft:block_placer": {
								"block": "uf:rice_crop"
							},
							"minecraft:icon": {
								"texture": "uf_rice_crop_seeds"
							}
						}
					}
				]
			}
		]
	}
}