{
	"file_path": "C:\\Users\\chupi\\AppData\\Local\\Packages\\Microsoft.MinecraftUWP_8wekyb3d8bbwe\\LocalState\\games\\com.mojang\\development_behavior_packs\\Ultra Farming Addon\\items\\wheat_feeder_item.json",
	"file_type": "item",
	"format_version": 1,
	"file_uuid": "883ee6a2_8d0b_4b46_b2fa_a6448328644e",
	"file_version": 5,
	"cache_content": {
		"children": [
			{
				"data": "1.16.100",
				"key": "format_version"
			},
			{
				"open": {
					"format_version": "1.16.100",
					"minecraft:item": {
						"description": {
							"identifier": "uf:wheat_feeder_item",
							"category": "items"
						},
						"components": {
							"minecraft:icon": {
								"texture": "uf_wheat_feeder_item"
							},
							"minecraft:block_placer": {
								"block": "uf:wheat_feeder",
								"use_block_description": true
							}
						},
						"events": {}
					}
				},
				"key": "minecraft:item",
				"children": [
					{
						"open": {
							"description": {
								"identifier": "uf:wheat_feeder_item",
								"category": "items"
							},
							"components": {
								"minecraft:icon": {
									"texture": "uf_wheat_feeder_item"
								},
								"minecraft:block_placer": {
									"block": "uf:wheat_feeder",
									"use_block_description": true
								}
							},
							"events": {}
						},
						"key": "description",
						"is_minified": true,
						"children": {
							"identifier": "uf:wheat_feeder_item",
							"category": "items"
						}
					},
					{
						"open": {
							"description": {
								"identifier": "uf:wheat_feeder_item",
								"category": "items"
							},
							"components": {
								"minecraft:icon": {
									"texture": "uf_wheat_feeder_item"
								},
								"minecraft:block_placer": {
									"block": "uf:wheat_feeder",
									"use_block_description": true
								}
							},
							"events": {}
						},
						"key": "components",
						"children": [
							{
								"open": {
									"minecraft:icon": {
										"texture": "uf_wheat_feeder_item"
									},
									"minecraft:block_placer": {
										"block": "uf:wheat_feeder",
										"use_block_description": true
									}
								},
								"key": "minecraft:icon",
								"is_minified": true,
								"children": {
									"texture": "uf_wheat_feeder_item"
								}
							},
							{
								"open": {
									"minecraft:icon": {
										"texture": "uf_wheat_feeder_item"
									},
									"minecraft:block_placer": {
										"block": "uf:wheat_feeder",
										"use_block_description": true
									}
								},
								"key": "minecraft:block_placer",
								"is_minified": true,
								"children": {
									"block": "uf:wheat_feeder",
									"use_block_description": true
								}
							}
						]
					},
					{
						"key": "events",
						"is_minified": true,
						"children": {}
					}
				]
			}
		]
	}
}