{
	"file_path": "C:\\Users\\chupi\\AppData\\Local\\Packages\\Microsoft.MinecraftUWP_8wekyb3d8bbwe\\LocalState\\games\\com.mojang\\development_resource_packs\\Ultra Farming\\sounds\\sound_definitions.json",
	"file_type": "sound_definition",
	"format_version": 1,
	"file_uuid": "42bec876_6893_4cd8_83b2_190a5a4b6491",
	"file_version": 5,
	"cache_content": {
		"children": [
			{
				"open": {
					"sound_definitions": {
						"mob.tractor.hurt": {
							"category": "neutral",
							"sounds": [
								"sounds/mob/tractor/hurt1",
								"sounds/mob/tractor/hurt2",
								"sounds/mob/tractor/hurt3"
							]
						},
						"mob.tractor.say": {
							"category": "neutral",
							"sounds": [
								{
									"name": "sounds/mob/tractor/say1",
									"load_on_low_memory": true
								},
								"sounds/mob/tractor/say2",
								"sounds/mob/tractor/say3",
								"sounds/mob/tractor/say4"
							]
						},
						"mob.tractor.step": {
							"category": "neutral",
							"sounds": [
								"sounds/mob/tractor/step1",
								"sounds/mob/tractor/step2",
								"sounds/mob/tractor/step3",
								"sounds/mob/tractor/step4"
							]
						},
						"mob.tractor.milk": {
							"category": "neutral",
							"sounds": [
								"sounds/mob/tractor/milk1",
								"sounds/mob/tractor/milk2",
								"sounds/mob/tractor/milk3"
							]
						},
						"mob.tractor.engine": {
							"sounds": [
								"sounds/mob/tractor/engine"
							],
							"category": "block"
						},
						"uf.popcorn": {
							"category": "neutral",
							"sounds": [
								"sounds/random/popcorn"
							]
						}
					}
				},
				"key": "sound_definitions",
				"children": [
					{
						"key": "mob.tractor.hurt",
						"is_minified": true,
						"children": {
							"category": "neutral",
							"sounds": [
								"sounds/mob/tractor/hurt1",
								"sounds/mob/tractor/hurt2",
								"sounds/mob/tractor/hurt3"
							]
						}
					},
					{
						"key": "mob.tractor.say",
						"is_minified": true,
						"children": {
							"category": "neutral",
							"sounds": [
								{
									"name": "sounds/mob/tractor/say1",
									"load_on_low_memory": true
								},
								"sounds/mob/tractor/say2",
								"sounds/mob/tractor/say3",
								"sounds/mob/tractor/say4"
							]
						}
					},
					{
						"key": "mob.tractor.step",
						"is_minified": true,
						"children": {
							"category": "neutral",
							"sounds": [
								"sounds/mob/tractor/step1",
								"sounds/mob/tractor/step2",
								"sounds/mob/tractor/step3",
								"sounds/mob/tractor/step4"
							]
						}
					},
					{
						"key": "mob.tractor.milk",
						"is_minified": true,
						"children": {
							"category": "neutral",
							"sounds": [
								"sounds/mob/tractor/milk1",
								"sounds/mob/tractor/milk2",
								"sounds/mob/tractor/milk3"
							]
						}
					},
					{
						"open": {
							"mob.tractor.hurt": {
								"category": "neutral",
								"sounds": [
									"sounds/mob/tractor/hurt1",
									"sounds/mob/tractor/hurt2",
									"sounds/mob/tractor/hurt3"
								]
							},
							"mob.tractor.say": {
								"category": "neutral",
								"sounds": [
									{
										"name": "sounds/mob/tractor/say1",
										"load_on_low_memory": true
									},
									"sounds/mob/tractor/say2",
									"sounds/mob/tractor/say3",
									"sounds/mob/tractor/say4"
								]
							},
							"mob.tractor.step": {
								"category": "neutral",
								"sounds": [
									"sounds/mob/tractor/step1",
									"sounds/mob/tractor/step2",
									"sounds/mob/tractor/step3",
									"sounds/mob/tractor/step4"
								]
							},
							"mob.tractor.milk": {
								"category": "neutral",
								"sounds": [
									"sounds/mob/tractor/milk1",
									"sounds/mob/tractor/milk2",
									"sounds/mob/tractor/milk3"
								]
							},
							"mob.tractor.engine": {
								"sounds": [
									"sounds/mob/tractor/engine"
								],
								"category": "block"
							},
							"uf.popcorn": {
								"category": "neutral",
								"sounds": [
									"sounds/random/popcorn"
								]
							}
						},
						"key": "mob.tractor.engine",
						"children": [
							{
								"open": {
									"sounds": [
										"sounds/mob/tractor/engine"
									],
									"category": "block"
								},
								"key": "sounds",
								"is_minified": true,
								"children": [
									"sounds/mob/tractor/engine"
								]
							},
							{
								"data": "block",
								"key": "category"
							}
						]
					},
					{
						"open": {
							"mob.tractor.hurt": {
								"category": "neutral",
								"sounds": [
									"sounds/mob/tractor/hurt1",
									"sounds/mob/tractor/hurt2",
									"sounds/mob/tractor/hurt3"
								]
							},
							"mob.tractor.say": {
								"category": "neutral",
								"sounds": [
									{
										"name": "sounds/mob/tractor/say1",
										"load_on_low_memory": true
									},
									"sounds/mob/tractor/say2",
									"sounds/mob/tractor/say3",
									"sounds/mob/tractor/say4"
								]
							},
							"mob.tractor.step": {
								"category": "neutral",
								"sounds": [
									"sounds/mob/tractor/step1",
									"sounds/mob/tractor/step2",
									"sounds/mob/tractor/step3",
									"sounds/mob/tractor/step4"
								]
							},
							"mob.tractor.milk": {
								"category": "neutral",
								"sounds": [
									"sounds/mob/tractor/milk1",
									"sounds/mob/tractor/milk2",
									"sounds/mob/tractor/milk3"
								]
							},
							"mob.tractor.engine": {
								"sounds": [
									"sounds/mob/tractor/engine"
								],
								"category": "block"
							},
							"uf.popcorn": {
								"category": "neutral",
								"sounds": [
									"sounds/random/popcorn"
								]
							}
						},
						"key": "uf.popcorn",
						"children": [
							{
								"open": {
									"category": "neutral",
									"sounds": [
										"sounds/random/popcorn"
									]
								},
								"data": "neutral",
								"key": "category"
							},
							{
								"open": {
									"category": "neutral",
									"sounds": [
										"sounds/random/popcorn"
									]
								},
								"key": "sounds",
								"is_minified": true,
								"children": [
									"sounds/random/popcorn"
								]
							}
						]
					}
				]
			}
		]
	}
}