{
	"format_version": [
		1,
		1,
		0
	],
	"uf:corn_crop": {
		"textures": "uf_corn_crop_0",
		"sound": "grass"
	},
	"uf:custom_farm_land": {
		"textures": "uf_custom_farm_land",
		"sound": "gravel"
	},
	"uf:lettuce_crop": {
		"textures": "uf_lettuce_crop",
		"sound": "grass"
	},
	"uf:wheat_feeder": {
		"textures": "uf_wheat_feeder",
		"sound": "grass"
	},
	"uf:wheat_feeder_1": {
		"textures": "uf_wheat_feeder",
		"sound": "grass"
	},
	"uf:wheat_feeder_2": {
		"textures": "uf_wheat_feeder",
		"sound": "grass"
	},
	"uf:wheat_feeder_3": {
		"textures": "uf_wheat_feeder",
		"sound": "grass"
	},
	"uf:apple_tree_leafs": {
		"textures": "uf_apple_tree_leafs",
		"sound": "grass"
	},
	"uf:apple_block": {
		"textures": "uf_apple_block",
		"sound": "stone"
	},
	"uf:apple_tree_sappling": {
		"textures": "uf_apple_tree_sappling",
		"sound": "grass"
	},
	"uf:botany_table": {
		"textures": "uf_botany_table",
		"sound": "stone"
	},
	"uf:rice_farmland": {
		"textures": "uf_rice_farmland",
		"isotropic": {
			"up": true
		},
		"sound": "gravel"
	},
	"uf:chicken_coop": {
		"textures": "uf_chicken_coop",
		"sound": "stone"
	},
	"uf:orange_tree_leafs": {
		"textures": "uf_orange_tree_leafs",
		"sound": "stone"
	},
	"uf:orange_block": {
		"textures": "uf_orange_block",
		"sound": "stone"
	},
	"uf:orange_tree_sapling": {
		"textures": "uf_orange_tree_sapling",
		"sound": "stone"
	},
	"uf:olive_tree_leafs": {
		"textures": "uf_olive_tree_leafs",
		"sound": "stone"
	},
	"uf:olive_tree_sapling": {
		"textures": "uf_olive_tree_sapling",
		"sound": "stone"
	},
	"uf:olive_tree_leafs_full": {
		"textures": "uf_olive_tree_leafs_full",
		"sound": "stone"
	},
	"uf:wine_barrel": {
		"textures": "uf_wine_barrel",
		"sound": "stone"
	},
	"uf:chese_mold": {
		"textures": "uf_chese_mold",
		"sound": "stone"
	},
	"uf:popcorn_machine": {
		"textures": "uf_popcorn_machine",
		"sound": "stone"
	},
	"uf:sprinkler": {
		"textures": "uf_sprinkler",
		"sound": "stone"
	},
	"uf:cherry_tree_leafs": {
		"textures": "uf_cherry_tree_leafs",
		"sound": "stone"
	},
	"uf:cherry_tree_leaves_blossom": {
		"textures": "uf_cherry_tree_leaves_blossom",
		"sound": "grass"
	},
	"uf:cherry_tree_leaves_fruit": {
		"textures": "uf_cherry_tree_leaves_fruit",
		"sound": "stone"
	},
	"uf:cherry_tree_sapling": {
		"textures": "uf_cherry_tree_sapling",
		"sound": "grass"
	},
	"uf:kelp_hatchery": {
		"textures": "uf_kelp_hatchery",
		"sound": "stone"
	},
	"uf:sushi_set": {
		"textures": "uf_sushi_set",
		"sound": "stone"
	},
	"uf:juicer": {
		"textures": "uf_juicer",
		"sound": "stone"
	},
	"uf:cut_table": {
		"textures": "uf_cut_table",
		"sound": "stone"
	},
	"uf:cooking_pot": {
		"textures": "uf_cooking_pot",
		"sound": "stone"
	},
	"uf:brown_spores_block": {
		"textures": "uf_brown_spores_block",
		"sound": "gravel"
	},
	"uf:tiny_brown_mushroom": {
		"textures": "uf_tiny_brown_mushroom",
		"sound": "grass"
	},
	"uf:red_spores_block": {
		"textures": "uf_red_spores_block",
		"sound": "stone"
	},
	"uf:tiny_red_mushroom": {
		"textures": "uf_tiny_red_mushroom",
		"sound": "gravel"
	},
	"uf:chicken_coop_full": {
		"textures": "uf_chicken_coop_full",
		"sound": "stone"
	},
	"uf:chicken_coop_eggs": {
		"textures": "uf_chicken_coop_eggs",
		"sound": "stone"
	},
	"uf:cherry_block": {
		"textures": "uf_cherry_block",
		"sound": "stone"
	},
	"uf:cherry_tree_leaves_blossom_fake": {
		"textures": "uf_cherry_tree_leaves_blossom_fake",
		"sound": "grass"
	},
	"uf:garlic_crop": {
		"textures": "garlic",
		"sound": "grass"
	},
	"uf:cauliflower_crop": {
		"textures": "garlic",
		"sound": "grass"
	},
	"uf:eggplant_crop": {
		"textures": "garlic",
		"sound": "grass"
	},
	"uf:stove": {
		"sound": "stone"
	},
	"uf:wine_bottle_block": {
		"sound": "stone"
	},
	"uf:countertop": {
		"textures": {
			"side": "uf_rustic_countertop_side",
			"up": "uf_rustic_countertop_top",
			"down": "uf_rustic_countertop_top"
		},
		"isotropic": {
			"up": true
		}
	},
	"uf:brick_countertop": {
		"textures": {
			"side": "uf_brick_countertop",
			"up": "uf_rustic_countertop_top",
			"down": "uf_rustic_countertop_top"
		},
		"isotropic": {
			"up": true
		}
	},
	"uf:mud_countertop": {
		"textures": {
			"side": "uf_mud_countertop",
			"up": "uf_rustic_countertop_top",
			"down": "uf_rustic_countertop_top"
		},
		"isotropic": {
			"up": true
		}
	},
	"uf:wild_plant": {
		"sound": "stone"
	}
}