{
	"format_version": "1.16.100",
	"minecraft:item": {
		"description": {
			"identifier": "uf:cooking_pot_recipes_book"
		},
		"components": {
			"minecraft:icon": {
				"texture": "uf_cooking_pot_recipes_book"
			},
			"minecraft:on_use": {
				"on_use": {
					"event": "show_recipes"
				}
			},
			"minecraft:display_name": {
				"value": "English cooking pot recipes book"
			}
		},
		"events": {
			"show_recipes": {
				"run_command": {
					"command": [
						"function show_cooking_pot_recipes_en"
					]
				}
			}
		}
	}
}