{
	"file_path": "C:\\Users\\chupi\\AppData\\Local\\Packages\\Microsoft.MinecraftUWP_8wekyb3d8bbwe\\LocalState\\games\\com.mojang\\development_behavior_packs\\Ultra Farming Addon\\loot_tables\\lettuce_loot_not_grown.json",
	"file_type": "loot_table",
	"format_version": 1,
	"file_uuid": "cd65a2a6_3693_40f2_a200_2a915e14a661",
	"file_version": 0,
	"cache_content": {
		"children": [
			{
				"open": {
					"pools": [
						{
							"rolls": 1,
							"entries": [
								{
									"type": "item",
									"name": "uf:lettuce_crop_seeds"
								}
							]
						}
					]
				},
				"key": "pools",
				"children": [
					{
						"open": [
							{
								"rolls": 1,
								"entries": [
									{
										"type": "item",
										"name": "uf:lettuce_crop_seeds"
									}
								]
							}
						],
						"children": [
							{
								"open": {
									"rolls": 1,
									"entries": [
										{
											"type": "item",
											"name": "uf:lettuce_crop_seeds"
										}
									]
								},
								"data": "1",
								"key": "rolls"
							},
							{
								"open": {
									"rolls": 1,
									"entries": [
										{
											"type": "item",
											"name": "uf:lettuce_crop_seeds"
										}
									]
								},
								"key": "entries",
								"children": [
									{
										"open": [
											{
												"type": "item",
												"name": "uf:lettuce_crop_seeds"
											}
										],
										"is_minified": true,
										"children": {
											"type": "item",
											"name": "uf:lettuce_crop_seeds"
										}
									}
								]
							}
						]
					}
				]
			}
		]
	}
}