{
	"file_path": "C:\\Users\\chupi\\AppData\\Local\\Packages\\Microsoft.MinecraftUWP_8wekyb3d8bbwe\\LocalState\\games\\com.mojang\\development_behavior_packs\\Ultra Farming Addon\\loot_tables\\lettuce_loot_grown.json",
	"file_type": "loot_table",
	"format_version": 1,
	"file_uuid": "046699b0_a861_4285_b018_adb9aa878f8d",
	"file_version": 2,
	"cache_content": {
		"children": [
			{
				"open": {
					"pools": [
						{
							"rolls": 1,
							"entries": [
								{
									"type": "item",
									"name": "uf:lettuce",
									"functions": [
										{
											"function": "set_count",
											"count": {
												"min": 1,
												"max": 2
											}
										}
									]
								}
							]
						}
					]
				},
				"key": "pools",
				"children": [
					{
						"open": [
							{
								"rolls": 1,
								"entries": [
									{
										"type": "item",
										"name": "uf:lettuce",
										"functions": [
											{
												"function": "set_count",
												"count": {
													"min": 1,
													"max": 2
												}
											}
										]
									}
								]
							}
						],
						"children": [
							{
								"data": "1",
								"key": "rolls"
							},
							{
								"open": {
									"rolls": 1,
									"entries": [
										{
											"type": "item",
											"name": "uf:lettuce",
											"functions": [
												{
													"function": "set_count",
													"count": {
														"min": 1,
														"max": 2
													}
												}
											]
										}
									]
								},
								"key": "entries",
								"children": [
									{
										"open": [
											{
												"type": "item",
												"name": "uf:lettuce",
												"functions": [
													{
														"function": "set_count",
														"count": {
															"min": 1,
															"max": 2
														}
													}
												]
											}
										],
										"is_minified": true,
										"children": {
											"type": "item",
											"name": "uf:lettuce",
											"functions": [
												{
													"function": "set_count",
													"count": {
														"min": 1,
														"max": 2
													}
												}
											]
										}
									}
								]
							}
						]
					}
				]
			}
		]
	}
}