{
	"file_path": "C:\\Users\\chupi\\AppData\\Local\\Packages\\Microsoft.MinecraftUWP_8wekyb3d8bbwe\\LocalState\\games\\com.mojang\\development_behavior_packs\\Ultra Farming Addon\\loot_tables\\olive_tree_leafs_loot.json",
	"file_type": "loot_table",
	"format_version": 1,
	"file_uuid": "e29a818f_98e8_4da9_a20b_05d43668f7a3",
	"file_version": 3,
	"cache_content": {
		"children": [
			{
				"open": {
					"pools": [
						{
							"rolls": {
								"min": 0,
								"max": 1
							},
							"entries": [
								{
									"type": "item",
									"name": "uf:olive_tree_sapling_item",
									"functions": [
										{
											"function": "set_count",
											"count": {
												"min": 0,
												"max": 1
											}
										}
									]
								}
							]
						}
					]
				},
				"key": "pools",
				"children": [
					{
						"open": [
							{
								"rolls": {
									"min": 0,
									"max": 1
								},
								"entries": [
									{
										"type": "item",
										"name": "uf:olive_tree_sapling_item",
										"functions": [
											{
												"function": "set_count",
												"count": {
													"min": 0,
													"max": 1
												}
											}
										]
									}
								]
							}
						],
						"children": [
							{
								"open": {
									"rolls": {
										"min": 0,
										"max": 1
									},
									"entries": [
										{
											"type": "item",
											"name": "uf:olive_tree_sapling_item",
											"functions": [
												{
													"function": "set_count",
													"count": {
														"min": 0,
														"max": 1
													}
												}
											]
										}
									]
								},
								"key": "rolls",
								"is_minified": true,
								"children": {
									"min": 0,
									"max": 1
								}
							},
							{
								"open": {
									"rolls": {
										"min": 0,
										"max": 1
									},
									"entries": [
										{
											"type": "item",
											"name": "uf:olive_tree_sapling_item",
											"functions": [
												{
													"function": "set_count",
													"count": {
														"min": 0,
														"max": 1
													}
												}
											]
										}
									]
								},
								"key": "entries",
								"children": [
									{
										"open": [
											{
												"type": "item",
												"name": "uf:olive_tree_sapling_item",
												"functions": [
													{
														"function": "set_count",
														"count": {
															"min": 0,
															"max": 1
														}
													}
												]
											}
										],
										"children": [
											{
												"data": "item",
												"key": "type"
											},
											{
												"open": {
													"type": "item",
													"name": "uf:olive_tree_sapling_item",
													"functions": [
														{
															"function": "set_count",
															"count": {
																"min": 0,
																"max": 1
															}
														}
													]
												},
												"data": "uf:olive_tree_sapling_item",
												"key": "name"
											},
											{
												"open": {
													"type": "item",
													"name": "uf:olive_tree_sapling_item",
													"functions": [
														{
															"function": "set_count",
															"count": {
																"min": 0,
																"max": 1
															}
														}
													]
												},
												"key": "functions",
												"children": [
													{
														"open": [
															{
																"function": "set_count",
																"count": {
																	"min": 0,
																	"max": 1
																}
															}
														],
														"children": [
															{
																"open": {
																	"function": "set_count",
																	"count": {
																		"min": 0,
																		"max": 1
																	}
																},
																"data": "set_count",
																"key": "function"
															},
															{
																"open": {
																	"function": "set_count",
																	"count": {
																		"min": 0,
																		"max": 1
																	}
																},
																"key": "count",
																"is_minified": true,
																"children": {
																	"min": 0,
																	"max": 1
																}
															}
														]
													}
												]
											}
										]
									}
								]
							}
						]
					}
				]
			}
		]
	}
}