{
	"format_version": "1.12.0",
	"minecraft:geometry": [
		{
			"description": {
				"identifier": "geometry.blinds_middle_open",
				"texture_width": 64,
				"texture_height": 64,
				"visible_bounds_width": 3,
				"visible_bounds_height": 2.5,
				"visible_bounds_offset": [0, 0.75, 0]
			},
			"bones": [
				{
					"name": "base",
					"pivot": [0, 0, 0],
					"cubes": [
						{"origin": [-5.5, 0, 7.5], "size": [0.5, 16, 0.5], "uv": [0, 54]},
						{"origin": [5, 0, 7.5], "size": [0.5, 16, 0.5], "uv": [0, 54]}
					]
				},
				{
					"name": "extra",
					"pivot": [0, 0, 0]
				},
				{
					"name": "bone",
					"parent": "extra",
					"pivot": [0, 0, 8],
					"rotation": [10, 0, 0],
					"cubes": [
						{"origin": [-8, 0, 6], "size": [16, 0.5, 2], "uv": [0, 0]}
					]
				},
				{
					"name": "bone2",
					"parent": "extra",
					"pivot": [0, 2, 8],
					"rotation": [5, 0, 0],
					"cubes": [
						{"origin": [-8, 2, 6], "size": [16, 0.5, 2], "uv": [0, 0]}
					]
				},
				{
					"name": "bone3",
					"parent": "extra",
					"pivot": [0, 4, 8],
					"rotation": [5, 0, 0],
					"cubes": [
						{"origin": [-8, 4, 6], "size": [16, 0.5, 2], "uv": [0, 0]}
					]
				},
				{
					"name": "bone4",
					"parent": "extra",
					"pivot": [0, 6, 8],
					"rotation": [5, 0, 0],
					"cubes": [
						{"origin": [-8, 6, 6], "size": [16, 0.5, 2], "uv": [0, 0]}
					]
				},
				{
					"name": "bone5",
					"parent": "extra",
					"pivot": [0, 8, 8],
					"rotation": [5, 0, 0],
					"cubes": [
						{"origin": [-8, 8, 6], "size": [16, 0.5, 2], "uv": [0, 0]}
					]
				},
				{
					"name": "bone6",
					"parent": "extra",
					"pivot": [0, 10, 8],
					"rotation": [5, 0, 0],
					"cubes": [
						{"origin": [-8, 10, 6], "size": [16, 0.5, 2], "uv": [0, 0]}
					]
				},
				{
					"name": "bone7",
					"parent": "extra",
					"pivot": [0, 12, 8],
					"rotation": [5, 0, 0],
					"cubes": [
						{"origin": [-8, 12, 6], "size": [16, 0.5, 2], "uv": [0, 0]}
					]
				},
				{
					"name": "bone9",
					"parent": "extra",
					"pivot": [0, 14, 8],
					"rotation": [5, 0, 0],
					"cubes": [
						{"origin": [-8, 14, 6], "size": [16, 0.5, 2], "uv": [0, 0]}
					]
				},
				{
					"name": "bone10",
					"parent": "extra",
					"pivot": [0, 16, 8],
					"rotation": [5, 0, 0],
					"cubes": [
						{"origin": [-8, 16, 6], "size": [16, 0.5, 2], "uv": [0, 0]}
					]
				},
				{
					"name": "bone8",
					"parent": "extra",
					"pivot": [0, 14, 8],
					"rotation": [5, 0, 0]
				}
			]
		}
	]
}