{
	"format_version": "1.12.0",
	"minecraft:geometry": [
		{
			"description": {
				"identifier": "geometry.botany_table",
				"texture_width": 64,
				"texture_height": 64,
				"visible_bounds_width": 3,
				"visible_bounds_height": 2.5,
				"visible_bounds_offset": [0, 0.75, 0]
			},
			"bones": [
				{
					"name": "bb_main",
					"pivot": [0, 0, 0],
					"cubes": [
						{"origin": [-8, 4, -8], "size": [16, 12, 16], "uv": [0, 0]},
						{"origin": [6, 0, -8], "size": [2, 4, 2], "uv": [0, 0]},
						{"origin": [6, 0, 6], "size": [2, 4, 2], "uv": [0, 0]},
						{"origin": [-8, 0, 6], "size": [2, 4, 2], "uv": [0, 0]},
						{"origin": [-8, 0, -8], "size": [2, 4, 2], "uv": [0, 0]},
						{"origin": [-9, 8, -1], "size": [1, 6, 2], "uv": [0, 36]},
						{"origin": [8, 8, -1], "size": [1, 6, 2], "uv": [0, 36]}
					]
				}
			]
		}
	]
}