{
	"format_version": "1.12.0",
	"minecraft:geometry": [
		{
			"description": {
				"identifier": "geometry.cheese_mold_empty",
				"texture_width": 64,
				"texture_height": 64,
				"visible_bounds_width": 2,
				"visible_bounds_height": 2.5,
				"visible_bounds_offset": [0, 0.75, 0]
			},
			"bones": [
				{
					"name": "bb_main2",
					"pivot": [0, 0, 0],
					"cubes": [
						{"origin": [-5, 0, -5], "size": [10, 1, 10], "uv": [0, 19]},
						{"origin": [5, 0, -4], "size": [1, 1, 8], "uv": [0, 19]},
						{"origin": [6, 1, -5], "size": [1, 14, 10], "uv": [3, 34]},
						{"origin": [-7, 1, -5], "size": [1, 14, 10], "uv": [6, 34]},
						{"origin": [-5, 1, 6], "size": [10, 14, 1], "uv": [0, 43]},
						{"origin": [-5, 1, -7], "size": [10, 14, 1], "uv": [1, 43]},
						{"origin": [-6, 1, -6], "size": [12, 2, 12], "uv": [0, 16]},
						{"origin": [-6, 3, -6], "size": [1, 12, 1], "uv": [0, 43]},
						{"origin": [5, 3, -6], "size": [1, 12, 1], "uv": [0, 43]},
						{"origin": [5, 3, 5], "size": [1, 12, 1], "uv": [0, 43]},
						{"origin": [-6, 3, 5], "size": [1, 12, 1], "uv": [0, 43]}
					]
				}
			]
		}
	]
}