{
	"format_version": "1.12.0",
	"minecraft:geometry": [
		{
			"description": {
				"identifier": "geometry.chicken_coop",
				"texture_width": 128,
				"texture_height": 128,
				"visible_bounds_width": 3,
				"visible_bounds_height": 2.5,
				"visible_bounds_offset": [0, 0.75, 0]
			},
			"bones": [
				{
					"name": "bb_main",
					"pivot": [0, 0, 0],
					"cubes": [
						{"origin": [-6, 0, -6], "size": [12, 1, 12], "uv": [0, 63]},
						{"origin": [5, 1, -6], "size": [1, 1, 12], "uv": [0, 63]},
						{"origin": [-6, 1, -6], "size": [1, 1, 12], "uv": [0, 63]},
						{"origin": [-5, 1, -6], "size": [10, 1, 1], "uv": [0, 63]},
						{"origin": [-5, 1, 5], "size": [10, 1, 1], "uv": [0, 63]}
					]
				},
				{
					"name": "chicken",
					"pivot": [3, 1, -1],
					"cubes": [
						{"origin": [3, 3, -3], "size": [1, 4, 6], "uv": [24, 50]},
						{"origin": [-4, 3, -3], "size": [1, 4, 6], "uv": [24, 50]},
						{"origin": [-2, 5, -5], "size": [4, 6, 3], "uv": [0, 37]},
						{"origin": [-2, 7, -7], "size": [4, 2, 2], "uv": [14, 37]},
						{"origin": [-1, 5, -6], "size": [2, 2, 1], "uv": [15, 42]}
					]
				},
				{
					"name": "bone",
					"parent": "chicken",
					"pivot": [3, 1, 4],
					"rotation": [90, 0, 0],
					"cubes": [
						{"origin": [-3, 1, 4], "size": [6, 8, 6], "uv": [0, 46]}
					]
				}
			]
		}
	]
}