{
	"format_version": "1.12.0",
	"minecraft:geometry": [
		{
			"description": {
				"identifier": "geometry.chicken_coop_empty",
				"texture_width": 128,
				"texture_height": 128,
				"visible_bounds_width": 3,
				"visible_bounds_height": 2.5,
				"visible_bounds_offset": [0, 0.75, 0]
			},
			"bones": [
				{
					"name": "bb_main",
					"pivot": [0, 0, 0],
					"cubes": [
						{"origin": [-6, 0, -6], "size": [12, 1, 12], "uv": [0, 63]},
						{"origin": [5, 1, -6], "size": [1, 1, 12], "uv": [0, 63]},
						{"origin": [-6, 1, -6], "size": [1, 1, 12], "uv": [0, 63]},
						{"origin": [-5, 1, -6], "size": [10, 1, 1], "uv": [0, 63]},
						{"origin": [-5, 1, 5], "size": [10, 1, 1], "uv": [0, 63]}
					]
				}
			]
		}
	]
}