{
	"format_version": "1.12.0",
	"minecraft:geometry": [
		{
			"description": {
				"identifier": "geometry.chicken_coop_eggs",
				"texture_width": 128,
				"texture_height": 128,
				"visible_bounds_width": 3,
				"visible_bounds_height": 2.5,
				"visible_bounds_offset": [0, 0.75, 0]
			},
			"bones": [
				{
					"name": "bb_main",
					"pivot": [0, 0, 0],
					"cubes": [
						{"origin": [-6, 0, -6], "size": [12, 1, 12], "uv": [0, 63]},
						{"origin": [5, 1, -6], "size": [1, 1, 12], "uv": [0, 63]},
						{"origin": [-6, 1, -6], "size": [1, 1, 12], "uv": [0, 63]},
						{"origin": [-5, 1, -6], "size": [10, 1, 1], "uv": [0, 63]},
						{"origin": [-5, 1, 5], "size": [10, 1, 1], "uv": [0, 63]}
					]
				},
				{
					"name": "bone",
					"pivot": [0, 0.8, 1],
					"rotation": [-5, 47.5, 0],
					"cubes": [
						{"origin": [-1, 0.8, 0], "size": [2, 3, 2], "uv": [0, 96]}
					]
				},
				{
					"name": "bone2",
					"pivot": [0.8, 0.8, -1.5],
					"rotation": [-7.5, 5, 15],
					"cubes": [
						{"origin": [-0.2, 0.8, -2.5], "size": [2, 3, 2], "uv": [0, 96]}
					]
				},
				{
					"name": "bone3",
					"pivot": [-1.4, 0.8, -0.7],
					"rotation": [7.5, 37.5, 2.5],
					"cubes": [
						{"origin": [-2.4, 0.8, -1.7], "size": [2, 3, 2], "uv": [0, 96]}
					]
				}
			]
		}
	]
}