{
	"format_version": "1.12.0",
	"minecraft:geometry": [
		{
			"description": {
				"identifier": "geometry.cooking_pot",
				"texture_width": 64,
				"texture_height": 64,
				"visible_bounds_width": 2,
				"visible_bounds_height": 4,
				"visible_bounds_offset": [0, 1, 0]
			},
			"bones": [
				{
					"name": "bb_main",
					"pivot": [0, 0, 0],
					"cubes": [
						{
							"origin": [-8, -19, 7],
							"size": [1, 16, 1],
							"uv": {
								"north": {"uv": [0, 0], "uv_size": [1, 16]},
								"east": {"uv": [0, 0], "uv_size": [1, 16]},
								"south": {"uv": [0, 0], "uv_size": [1, 16]},
								"west": {"uv": [0, 0], "uv_size": [1, 16]},
								"up": {"uv": [1, 0], "uv_size": [1, 1]},
								"down": {"uv": [2, 1], "uv_size": [1, -1]}
							}
						},
						{
							"origin": [7, -19, 7],
							"size": [1, 16, 1],
							"uv": {
								"north": {"uv": [0, 0], "uv_size": [1, 16]},
								"east": {"uv": [0, 0], "uv_size": [1, 16]},
								"south": {"uv": [0, 0], "uv_size": [1, 16]},
								"west": {"uv": [0, 0], "uv_size": [1, 16]},
								"up": {"uv": [1, 0], "uv_size": [1, 1]},
								"down": {"uv": [2, 1], "uv_size": [1, -1]}
							}
						},
						{
							"origin": [7, -19, -8],
							"size": [1, 16, 1],
							"uv": {
								"north": {"uv": [0, 0], "uv_size": [1, 16]},
								"east": {"uv": [0, 0], "uv_size": [1, 16]},
								"south": {"uv": [0, 0], "uv_size": [1, 16]},
								"west": {"uv": [0, 0], "uv_size": [1, 16]},
								"up": {"uv": [1, 0], "uv_size": [1, 1]},
								"down": {"uv": [2, 1], "uv_size": [1, -1]}
							}
						},
						{
							"origin": [-8, -19, -8],
							"size": [1, 16, 1],
							"uv": {
								"north": {"uv": [0, 0], "uv_size": [1, 16]},
								"east": {"uv": [0, 0], "uv_size": [1, 16]},
								"south": {"uv": [0, 0], "uv_size": [1, 16]},
								"west": {"uv": [0, 0], "uv_size": [1, 16]},
								"up": {"uv": [1, 0], "uv_size": [1, 1]},
								"down": {"uv": [2, 1], "uv_size": [1, -1]}
							}
						},
						{
							"origin": [-8, -3, -8],
							"size": [16, 1, 16],
							"uv": {
								"north": {"uv": [0, 0], "uv_size": [16, 1]},
								"east": {"uv": [0, 0], "uv_size": [16, 1]},
								"south": {"uv": [0, 0], "uv_size": [16, 1]},
								"west": {"uv": [0, 0], "uv_size": [16, 1]},
								"up": {"uv": [16, 16], "uv_size": [-16, -16]},
								"down": {"uv": [16, 16], "uv_size": [-16, -16]}
							}
						},
						{
							"origin": [-6, -2, 5],
							"size": [12, 8, 1],
							"uv": {
								"north": {"uv": [18, 0], "uv_size": [12, 8]},
								"east": {"uv": [16, 0], "uv_size": [1, 8]},
								"south": {"uv": [18, 0], "uv_size": [12, 8]},
								"west": {"uv": [17, 0], "uv_size": [1, 8]},
								"up": {"uv": [30, 1], "uv_size": [-12, -1]},
								"down": {"uv": [12, 1], "uv_size": [-12, -1]}
							}
						},
						{
							"origin": [-6, -2, -6],
							"size": [12, 8, 1],
							"uv": {
								"north": {"uv": [18, 0], "uv_size": [12, 8]},
								"east": {"uv": [16, 0], "uv_size": [1, 8]},
								"south": {"uv": [18, 0], "uv_size": [12, 8]},
								"west": {"uv": [17, 0], "uv_size": [1, 8]},
								"up": {"uv": [30, 1], "uv_size": [-12, -1]},
								"down": {"uv": [12, 1], "uv_size": [-12, -1]}
							}
						},
						{
							"origin": [5, -2, -5],
							"size": [1, 8, 10],
							"uv": {
								"north": {"uv": [0, 0], "uv_size": [1, 8]},
								"east": {"uv": [19, 0], "uv_size": [10, 8]},
								"south": {"uv": [0, 0], "uv_size": [1, 8]},
								"west": {"uv": [19, 0], "uv_size": [10, 8]},
								"up": {"uv": [17, 14], "uv_size": [-1, -10]},
								"down": {"uv": [1, 10], "uv_size": [-1, -10]}
							}
						},
						{
							"origin": [-6, -2, -5],
							"size": [1, 8, 10],
							"uv": {
								"north": {"uv": [0, 0], "uv_size": [1, 8]},
								"east": {"uv": [19, 0], "uv_size": [10, 8]},
								"south": {"uv": [0, 0], "uv_size": [1, 8]},
								"west": {"uv": [19, 0], "uv_size": [10, 8]},
								"up": {"uv": [17, 14], "uv_size": [-1, -10]},
								"down": {"uv": [1, 10], "uv_size": [-1, -10]}
							}
						},
						{
							"origin": [6, 4, 2],
							"size": [2, 1, 1],
							"uv": {
								"north": {"uv": [22, 0], "uv_size": [2, 1]},
								"east": {"uv": [0, 0], "uv_size": [1, 1]},
								"south": {"uv": [19, 0], "uv_size": [2, 1]},
								"west": {"uv": [27, 0], "uv_size": [1, 1]},
								"up": {"uv": [23, 1], "uv_size": [-2, -1]},
								"down": {"uv": [24, 1], "uv_size": [-2, -1]}
							}
						},
						{
							"origin": [-8, 4, 2],
							"size": [2, 1, 1],
							"uv": {
								"north": {"uv": [22, 0], "uv_size": [2, 1]},
								"east": {"uv": [20, 0], "uv_size": [1, 1]},
								"south": {"uv": [19, 0], "uv_size": [2, 1]},
								"west": {"uv": [27, 0], "uv_size": [1, 1]},
								"up": {"uv": [23, 1], "uv_size": [-2, -1]},
								"down": {"uv": [24, 1], "uv_size": [-2, -1]}
							}
						},
						{
							"origin": [6, 4, -3],
							"size": [2, 1, 1],
							"uv": {
								"north": {"uv": [22, 0], "uv_size": [2, 1]},
								"east": {"uv": [0, 0], "uv_size": [1, 1]},
								"south": {"uv": [19, 0], "uv_size": [2, 1]},
								"west": {"uv": [27, 0], "uv_size": [1, 1]},
								"up": {"uv": [23, 1], "uv_size": [-2, -1]},
								"down": {"uv": [24, 1], "uv_size": [-2, -1]}
							}
						},
						{
							"origin": [-8, 4, -3],
							"size": [2, 1, 1],
							"uv": {
								"north": {"uv": [22, 0], "uv_size": [2, 1]},
								"east": {"uv": [19, 0], "uv_size": [1, 1]},
								"south": {"uv": [19, 0], "uv_size": [2, 1]},
								"west": {"uv": [27, 0], "uv_size": [1, 1]},
								"up": {"uv": [23, 1], "uv_size": [-2, -1]},
								"down": {"uv": [24, 1], "uv_size": [-2, -1]}
							}
						},
						{
							"origin": [7, 4, -2],
							"size": [1, 1, 4],
							"uv": {
								"north": {"uv": [0, 0], "uv_size": [1, 1]},
								"east": {"uv": [24, 0], "uv_size": [4, 1]},
								"south": {"uv": [0, 0], "uv_size": [1, 1]},
								"west": {"uv": [19, 10], "uv_size": [4, 1]},
								"up": {"uv": [19, 13], "uv_size": [-1, -4]},
								"down": {"uv": [22, 13], "uv_size": [-1, -4]}
							}
						},
						{
							"origin": [-8, 4, -2],
							"size": [1, 1, 4],
							"uv": {
								"north": {"uv": [0, 0], "uv_size": [1, 1]},
								"east": {"uv": [24, 0], "uv_size": [4, 1]},
								"south": {"uv": [0, 0], "uv_size": [1, 1]},
								"west": {"uv": [19, 10], "uv_size": [4, 1]},
								"up": {"uv": [19, 13], "uv_size": [-1, -4]},
								"down": {"uv": [22, 13], "uv_size": [-1, -4]}
							}
						},
						{
							"origin": [-5, 3, -5],
							"size": [10, 1, 10],
							"uv": {
								"north": {"uv": [0, 0], "uv_size": [10, 1]},
								"east": {"uv": [0, 0], "uv_size": [10, 1]},
								"south": {"uv": [0, 0], "uv_size": [10, 1]},
								"west": {"uv": [0, 0], "uv_size": [10, 1]},
								"up": {"uv": [42, 10], "uv_size": [-10, -10]},
								"down": {"uv": [10, 10], "uv_size": [-10, -10]}
							}
						}
					]
				},
				{
					"name": "bone",
					"pivot": [2.3, 22, 3],
					"rotation": [-10, 0, 27.5],
					"cubes": [
						{
							"origin": [10.07322, 3.40283, 4.92653],
							"size": [2, 10, 2],
							"uv": {
								"north": {"uv": [48, 0], "uv_size": [2, 10]},
								"east": {"uv": [51, 0], "uv_size": [2, 10]},
								"south": {"uv": [50, 0], "uv_size": [2, 10]},
								"west": {"uv": [60, 0], "uv_size": [2, 10]},
								"up": {"uv": [2, 2], "uv_size": [-2, -2]},
								"down": {"uv": [2, 2], "uv_size": [-2, -2]}
							}
						}
					]
				}
			]
		}
	]
}