{
	"format_version": "1.12.0",
	"minecraft:geometry": [
		{
			"description": {
				"identifier": "geometry.corn_crop_0",
				"texture_width": 32,
				"texture_height": 32,
				"visible_bounds_width": 2,
				"visible_bounds_height": 4,
				"visible_bounds_offset": [0, 1, 0]
			},
			"bones": [
				{
					"name": "main",
					"pivot": [0, 0, 0],
					"cubes": [
						{
							"origin": [-8, 0, 0],
							"size": [16, 32, 0.1],
							"uv": {
								"north": {"uv": [0, 0], "uv_size": [16, 32]},
								"east": {"uv": [0, 0], "uv_size": [0, 32]},
								"west": {"uv": [16, 0], "uv_size": [0, 32]},
								"up": {"uv": [0, 0], "uv_size": [16, 0]},
								"down": {"uv": [16, 0], "uv_size": [16, 0]}
							}
						},
						{
							"origin": [-8, 0, 0],
							"size": [16, 32, 0.1],
							"pivot": [0, 0, 0],
							"rotation": [0, -90, 0],
							"uv": {
								"north": {"uv": [0, 0], "uv_size": [16, 32]},
								"east": {"uv": [0, 0], "uv_size": [0, 32]},
								"west": {"uv": [16, 0], "uv_size": [0, 32]},
								"up": {"uv": [0, 0], "uv_size": [16, 0]},
								"down": {"uv": [16, 0], "uv_size": [16, 0]}
							}
						}
					]
				},
				{
					"name": "corn2",
					"pivot": [1, 17, 0],
					"rotation": [30, -12.5, 0],
					"cubes": [
						{
							"origin": [0, 17, -1],
							"size": [2, 3, 2],
							"uv": {
								"north": {"uv": [26, 2], "uv_size": [2, 3]},
								"east": {"uv": [24, 2], "uv_size": [2, 3]},
								"south": {"uv": [30, 2], "uv_size": [2, 3]},
								"west": {"uv": [28, 2], "uv_size": [2, 3]},
								"up": {"uv": [26, 0], "uv_size": [2, 2]},
								"down": {"uv": [28, 2], "uv_size": [2, -2]}
							}
						}
					]
				},
				{
					"name": "corn",
					"pivot": [4, 19, 0],
					"rotation": [-30, 30, 0],
					"cubes": [
						{
							"origin": [3, 19, -1],
							"size": [2, 3, 2],
							"uv": {
								"north": {"uv": [26, 2], "uv_size": [2, 3]},
								"east": {"uv": [24, 2], "uv_size": [2, 3]},
								"south": {"uv": [30, 2], "uv_size": [2, 3]},
								"west": {"uv": [28, 2], "uv_size": [2, 3]},
								"up": {"uv": [26, 0], "uv_size": [2, 2]},
								"down": {"uv": [28, 2], "uv_size": [2, -2]}
							}
						}
					]
				},
				{
					"name": "corn3",
					"pivot": [-3, 27, 0],
					"rotation": [35, 30, 0],
					"cubes": [
						{
							"origin": [-4, 27, -1],
							"size": [2, 3, 2],
							"uv": {
								"north": {"uv": [26, 2], "uv_size": [2, 3]},
								"east": {"uv": [24, 2], "uv_size": [2, 3]},
								"south": {"uv": [30, 2], "uv_size": [2, 3]},
								"west": {"uv": [28, 2], "uv_size": [2, 3]},
								"up": {"uv": [26, 0], "uv_size": [2, 2]},
								"down": {"uv": [28, 2], "uv_size": [2, -2]}
							}
						}
					]
				},
				{
					"name": "corn4",
					"pivot": [-2, 26, 0],
					"rotation": [35, -155, 0],
					"cubes": [
						{
							"origin": [-3, 26, -1],
							"size": [2, 3, 2],
							"uv": {
								"north": {"uv": [26, 2], "uv_size": [2, 3]},
								"east": {"uv": [24, 2], "uv_size": [2, 3]},
								"south": {"uv": [30, 2], "uv_size": [2, 3]},
								"west": {"uv": [28, 2], "uv_size": [2, 3]},
								"up": {"uv": [26, 0], "uv_size": [2, 2]},
								"down": {"uv": [28, 2], "uv_size": [2, -2]}
							}
						}
					]
				},
				{
					"name": "corn5",
					"pivot": [3, 27, 0],
					"rotation": [35, -155, 0],
					"cubes": [
						{
							"origin": [2, 27, -1],
							"size": [2, 3, 2],
							"uv": {
								"north": {"uv": [26, 2], "uv_size": [2, 3]},
								"east": {"uv": [24, 2], "uv_size": [2, 3]},
								"south": {"uv": [30, 2], "uv_size": [2, 3]},
								"west": {"uv": [28, 2], "uv_size": [2, 3]},
								"up": {"uv": [26, 0], "uv_size": [2, 2]},
								"down": {"uv": [28, 2], "uv_size": [2, -2]}
							}
						}
					]
				},
				{
					"name": "corn6",
					"pivot": [0, 27, -2],
					"rotation": [57.5, -65, 0],
					"cubes": [
						{
							"origin": [-1, 27, -3],
							"size": [2, 3, 2],
							"uv": {
								"north": {"uv": [26, 2], "uv_size": [2, 3]},
								"east": {"uv": [24, 2], "uv_size": [2, 3]},
								"south": {"uv": [30, 2], "uv_size": [2, 3]},
								"west": {"uv": [28, 2], "uv_size": [2, 3]},
								"up": {"uv": [26, 0], "uv_size": [2, 2]},
								"down": {"uv": [28, 2], "uv_size": [2, -2]}
							}
						}
					]
				},
				{
					"name": "corn7",
					"pivot": [0, 13.9, -1.2],
					"rotation": [-55, -130, 0],
					"cubes": [
						{
							"origin": [-1, 13.9, -2.2],
							"size": [2, 3, 2],
							"uv": {
								"north": {"uv": [26, 2], "uv_size": [2, 3]},
								"east": {"uv": [24, 2], "uv_size": [2, 3]},
								"south": {"uv": [30, 2], "uv_size": [2, 3]},
								"west": {"uv": [28, 2], "uv_size": [2, 3]},
								"up": {"uv": [26, 0], "uv_size": [2, 2]},
								"down": {"uv": [28, 2], "uv_size": [2, -2]}
							}
						}
					]
				},
				{
					"name": "corn8",
					"pivot": [0, 22, 4],
					"rotation": [47.5, -132.5, 0],
					"cubes": [
						{
							"origin": [-1, 22, 3],
							"size": [2, 3, 2],
							"uv": {
								"north": {"uv": [26, 2], "uv_size": [2, 3]},
								"east": {"uv": [24, 2], "uv_size": [2, 3]},
								"south": {"uv": [30, 2], "uv_size": [2, 3]},
								"west": {"uv": [28, 2], "uv_size": [2, 3]},
								"up": {"uv": [26, 0], "uv_size": [2, 2]},
								"down": {"uv": [28, 2], "uv_size": [2, -2]}
							}
						}
					]
				},
				{
					"name": "corn9",
					"pivot": [-2, 19, 2],
					"rotation": [130, -100, 0],
					"cubes": [
						{
							"origin": [-3, 19, 1],
							"size": [2, 3, 2],
							"uv": {
								"north": {"uv": [26, 2], "uv_size": [2, 3]},
								"east": {"uv": [24, 2], "uv_size": [2, 3]},
								"south": {"uv": [30, 2], "uv_size": [2, 3]},
								"west": {"uv": [28, 2], "uv_size": [2, 3]},
								"up": {"uv": [26, 0], "uv_size": [2, 2]},
								"down": {"uv": [28, 2], "uv_size": [2, -2]}
							}
						}
					]
				}
			]
		}
	]
}