{
	"format_version": "1.12.0",
	"minecraft:geometry": [
		{
			"description": {
				"identifier": "geometry.crop.v2",
				"texture_width": 16,
				"texture_height": 16,
				"visible_bounds_width": 2,
				"visible_bounds_height": 2.5,
				"visible_bounds_offset": [0, 0.75, 0]
			},
			"bones": [
				{
					"name": "bb_main",
					"pivot": [0, 0, 0],
					"cubes": [
						{"origin": [-8, 0, 4], "size": [16, 16, 0], "uv": [0, 0]},
						{"origin": [-8, 0, -4], "size": [16, 16, 0], "uv": [0, 0]}
					]
				},
				{
					"name": "bone",
					"pivot": [0, 0, 0],
					"rotation": [0, -90, 0],
					"cubes": [
						{"origin": [-8, 0, 4], "size": [16, 16, 0], "uv": [0, 0]},
						{"origin": [-8, 0, -4], "size": [16, 16, 0], "uv": [0, 0]}
					]
				}
			]
		}
	]
}