{
	"format_version": "1.12.0",
	"minecraft:geometry": [
		{
			"description": {
				"identifier": "geometry.cut_table_potato",
				"texture_width": 32,
				"texture_height": 32,
				"visible_bounds_width": 2,
				"visible_bounds_height": 1.5,
				"visible_bounds_offset": [0, 0.25, 0]
			},
			"bones": [
				{
					"name": "bb_main3",
					"pivot": [0, 0, 0],
					"cubes": [
						{
							"origin": [-2, 1, -2],
							"size": [4, 3, 4],
							"uv": {
								"north": {"uv": [6, 10], "uv_size": [4, 3]},
								"east": {"uv": [6, 10], "uv_size": [4, 3]},
								"south": {"uv": [6, 10], "uv_size": [4, 3]},
								"west": {"uv": [6, 10], "uv_size": [4, 3]},
								"up": {"uv": [4, 14], "uv_size": [-4, -4]},
								"down": {"uv": [4, 4], "uv_size": [-4, -4]}
							}
						}
					]
				},
				{
					"name": "bb_main2",
					"pivot": [0, 0, 0]
				},
				{
					"name": "bb_main",
					"pivot": [0, 0, 0],
					"cubes": [
						{
							"origin": [-5, 0, -5],
							"size": [10, 1, 10],
							"uv": {
								"north": {"uv": [0, 0], "uv_size": [10, 1]},
								"east": {"uv": [0, 0], "uv_size": [10, 1]},
								"south": {"uv": [0, 0], "uv_size": [10, 1]},
								"west": {"uv": [0, 0], "uv_size": [10, 0]},
								"up": {"uv": [0, 0], "uv_size": [10, 10]},
								"down": {"uv": [0, 10], "uv_size": [10, -10]}
							}
						}
					]
				}
			]
		}
	]
}