{
	"format_version": "1.12.0",
	"minecraft:geometry": [
		{
			"description": {
				"identifier": "geometry.cut_table_raw_chicken",
				"texture_width": 32,
				"texture_height": 32,
				"visible_bounds_width": 2,
				"visible_bounds_height": 1.5,
				"visible_bounds_offset": [0, 0.25, 0]
			},
			"bones": [
				{
					"name": "bb_main",
					"pivot": [0, 0, 0],
					"cubes": [
						{
							"origin": [-5, 0, -5],
							"size": [10, 1, 10],
							"uv": {
								"north": {"uv": [0, 0], "uv_size": [10, 1]},
								"east": {"uv": [0, 0], "uv_size": [10, 1]},
								"south": {"uv": [0, 0], "uv_size": [10, 1]},
								"west": {"uv": [0, 0], "uv_size": [10, 0]},
								"up": {"uv": [0, 0], "uv_size": [10, 10]},
								"down": {"uv": [0, 10], "uv_size": [10, -10]}
							}
						},
						{
							"origin": [-4, 1, -3],
							"size": [8, 4, 6],
							"uv": {
								"north": {"uv": [8, 28], "uv_size": [8, 4]},
								"east": {"uv": [17, 28], "uv_size": [6, 4]},
								"south": {"uv": [8, 28], "uv_size": [8, 4]},
								"west": {"uv": [10, 28], "uv_size": [6, 4]},
								"up": {"uv": [8, 32], "uv_size": [-8, -6]},
								"down": {"uv": [8, 6], "uv_size": [-8, -6]}
							}
						},
						{
							"origin": [2, 1, -5],
							"size": [3, 2, 2],
							"uv": {
								"north": {"uv": [0, 30], "uv_size": [3, 2]},
								"east": {"uv": [4, 30], "uv_size": [2, 2]},
								"south": {"uv": [0, 30], "uv_size": [3, 2]},
								"west": {"uv": [9, 29], "uv_size": [2, 2]},
								"up": {"uv": [3, 28], "uv_size": [-3, -2]},
								"down": {"uv": [3, 2], "uv_size": [-3, -2]}
							}
						},
						{
							"origin": [2, 1, 3],
							"size": [3, 2, 2],
							"uv": {
								"north": {"uv": [0, 30], "uv_size": [3, 2]},
								"east": {"uv": [4, 30], "uv_size": [2, 2]},
								"south": {"uv": [0, 30], "uv_size": [3, 2]},
								"west": {"uv": [9, 29], "uv_size": [2, 2]},
								"up": {"uv": [3, 28], "uv_size": [-3, -2]},
								"down": {"uv": [3, 2], "uv_size": [-3, -2]}
							}
						}
					]
				},
				{
					"name": "bone",
					"pivot": [0, 3, -4],
					"rotation": [0, 0, -17.5],
					"cubes": [
						{
							"origin": [-4, 3, -4],
							"size": [4, 2, 1],
							"uv": {
								"north": {"uv": [5, 29], "uv_size": [4, 2]},
								"east": {"uv": [9, 28], "uv_size": [1, 2]},
								"south": {"uv": [0, 30], "uv_size": [4, 2]},
								"west": {"uv": [9, 28], "uv_size": [1, 2]},
								"up": {"uv": [7, 29], "uv_size": [-4, -1]},
								"down": {"uv": [4, 1], "uv_size": [-4, -1]}
							}
						}
					]
				},
				{
					"name": "bone2",
					"pivot": [0, 3, 3],
					"rotation": [0, 0, -17.5],
					"cubes": [
						{
							"origin": [-4, 3, 3],
							"size": [4, 2, 1],
							"uv": {
								"north": {"uv": [5, 29], "uv_size": [4, 2]},
								"east": {"uv": [9, 28], "uv_size": [1, 2]},
								"south": {"uv": [0, 30], "uv_size": [4, 2]},
								"west": {"uv": [9, 28], "uv_size": [1, 2]},
								"up": {"uv": [7, 29], "uv_size": [-4, -1]},
								"down": {"uv": [4, 1], "uv_size": [-4, -1]}
							}
						}
					]
				}
			]
		}
	]
}