{
	"format_version": "1.12.0",
	"minecraft:geometry": [
		{
			"description": {
				"identifier": "geometry.cut_table_melon",
				"texture_width": 32,
				"texture_height": 32,
				"visible_bounds_width": 2,
				"visible_bounds_height": 1.5,
				"visible_bounds_offset": [0, 0.25, 0]
			},
			"bones": [
				{
					"name": "bb_main",
					"pivot": [0, 0, 0],
					"cubes": [
						{
							"origin": [-5, 0, -5],
							"size": [10, 1, 10],
							"uv": {
								"north": {"uv": [0, 0], "uv_size": [10, 1]},
								"east": {"uv": [0, 0], "uv_size": [10, 1]},
								"south": {"uv": [0, 0], "uv_size": [10, 1]},
								"west": {"uv": [0, 0], "uv_size": [10, 0]},
								"up": {"uv": [0, 0], "uv_size": [10, 10]},
								"down": {"uv": [0, 10], "uv_size": [10, -10]}
							}
						},
						{
							"origin": [-3, 1, -3],
							"size": [6, 6, 6],
							"uv": {
								"north": {"uv": [0, 10], "uv_size": [16, 16]},
								"east": {"uv": [0, 10], "uv_size": [16, 16]},
								"south": {"uv": [0, 10], "uv_size": [16, 16]},
								"west": {"uv": [0, 10], "uv_size": [16, 16]},
								"up": {"uv": [32, 26], "uv_size": [-16, -16]},
								"down": {"uv": [8, 8], "uv_size": [-8, -8]}
							}
						}
					]
				}
			]
		}
	]
}