{
	"format_version": "1.12.0",
	"minecraft:geometry": [
		{
			"description": {
				"identifier": "geometry.grape_plant",
				"texture_width": 64,
				"texture_height": 64,
				"visible_bounds_width": 3,
				"visible_bounds_height": 3,
				"visible_bounds_offset": [0, 0.5, 0]
			},
			"bones": [
				{
					"name": "bb_main",
					"pivot": [0, 0, 0],
					"cubes": [
						{"origin": [-8, 11, -8], "size": [16, 10, 16], "uv": [0, 16]}
					]
				},
				{
					"name": "main",
					"pivot": [0, 0, 0],
					"cubes": [
						{"origin": [-2, 5, -2], "size": [4, 7, 4], "uv": [0, 0]},
						{"origin": [-1, 0, -2], "size": [4, 5, 4], "uv": [0, 7]},
						{"origin": [-3, 4, 0], "size": [2, 8, 2], "uv": [0, 0]},
						{"origin": [-1, 0, 2], "size": [2, 10, 1], "uv": [2, 4]},
						{"origin": [2, 5, -1], "size": [1, 5, 2], "uv": [2, 5]},
						{"origin": [0, 0, -3], "size": [2, 8, 1], "uv": [2, 5]}
					]
				},
				{
					"name": "bone",
					"pivot": [0, 8, 10],
					"rotation": [0, 0, -45],
					"cubes": [
						{"origin": [-8, 0, 10], "size": [16, 16, 0], "inflate": -3, "uv": [0, 48]}
					]
				},
				{
					"name": "bone2",
					"pivot": [0, 8, -4],
					"rotation": [0, 0, -45],
					"cubes": [
						{"origin": [-8, 0, -4], "size": [16, 16, 0], "inflate": -3, "uv": [0, 48]}
					]
				}
			]
		}
	]
}