{
	"format_version": "1.12.0",
	"minecraft:geometry": [
		{
			"description": {
				"identifier": "geometry.juicer_orange_progress",
				"texture_width": 32,
				"texture_height": 32,
				"visible_bounds_width": 2,
				"visible_bounds_height": 2.5,
				"visible_bounds_offset": [0, 0.75, 0]
			},
			"bones": [
				{
					"name": "bb_main2",
					"pivot": [0, 0, 0],
					"cubes": [
						{
							"origin": [-0.5, 1, -0.5],
							"size": [1, 6, 1],
							"uv": {
								"north": {"uv": [8, 24], "uv_size": [1, 6]},
								"east": {"uv": [8, 24], "uv_size": [1, 6]},
								"south": {"uv": [8, 24], "uv_size": [1, 6]},
								"west": {"uv": [8, 24], "uv_size": [1, 6]},
								"up": {"uv": [9, 25], "uv_size": [-1, -1]},
								"down": {"uv": [9, 25], "uv_size": [-1, -1]}
							}
						}
					]
				},
				{
					"name": "bb_main",
					"pivot": [0, 0, 0],
					"cubes": [
						{
							"origin": [-6, 8, -6],
							"size": [12, 1, 12],
							"uv": {
								"north": {"uv": [0, 9], "uv_size": [12, 1]},
								"east": {"uv": [0, 12], "uv_size": [12, 1]},
								"south": {"uv": [0, 8], "uv_size": [12, 1]},
								"west": {"uv": [1, 7], "uv_size": [12, 1]},
								"up": {"uv": [0, 0], "uv_size": [12, 12]},
								"down": {"uv": [0, 14], "uv_size": [12, -12]}
							}
						},
						{
							"origin": [-6, 14, -6],
							"size": [12, 1, 12],
							"uv": {
								"north": {"uv": [0, 9], "uv_size": [12, 1]},
								"east": {"uv": [0, 12], "uv_size": [12, 1]},
								"south": {"uv": [0, 8], "uv_size": [12, 1]},
								"west": {"uv": [1, 7], "uv_size": [12, 1]},
								"up": {"uv": [0, 0], "uv_size": [12, 12]},
								"down": {"uv": [0, 14], "uv_size": [12, -12]}
							}
						},
						{
							"origin": [-6, 9, 6],
							"size": [12, 5, 0],
							"uv": {
								"north": {"uv": [31, 31], "uv_size": [1, 1]},
								"east": {"uv": [0, 0], "uv_size": [1, 5]},
								"south": {"uv": [16, 0], "uv_size": [12, 5]},
								"west": {"uv": [0, 0], "uv_size": [1, 5]},
								"up": {"uv": [12, 1], "uv_size": [-12, -1]},
								"down": {"uv": [12, 1], "uv_size": [-12, -1]}
							}
						},
						{
							"origin": [-6, 9, -6],
							"size": [12, 5, 0],
							"uv": {
								"north": {"uv": [16, 0], "uv_size": [12, 5]},
								"east": {"uv": [0, 0], "uv_size": [1, 5]},
								"south": {"uv": [31, 31], "uv_size": [1, 1]},
								"west": {"uv": [0, 0], "uv_size": [1, 5]},
								"up": {"uv": [12, 1], "uv_size": [-12, -1]},
								"down": {"uv": [12, 1], "uv_size": [-12, -1]}
							}
						},
						{
							"origin": [6, 9, -6],
							"size": [0, 5, 12],
							"uv": {
								"north": {"uv": [0, 0], "uv_size": [0, 5]},
								"east": {"uv": [31, 31], "uv_size": [1, 1]},
								"south": {"uv": [0, 0], "uv_size": [0, 5]},
								"west": {"uv": [16, 0], "uv_size": [12, 5]},
								"up": {"uv": [0, 12], "uv_size": [0, -12]},
								"down": {"uv": [0, 12], "uv_size": [0, -12]}
							}
						},
						{
							"origin": [-6, 9, -6],
							"size": [0, 5, 12],
							"uv": {
								"north": {"uv": [0, 0], "uv_size": [0, 5]},
								"east": {"uv": [16, 0], "uv_size": [12, 5]},
								"south": {"uv": [0, 0], "uv_size": [0, 5]},
								"west": {"uv": [31, 31], "uv_size": [1, 1]},
								"up": {"uv": [0, 12], "uv_size": [0, -12]},
								"down": {"uv": [0, 12], "uv_size": [0, -12]}
							}
						},
						{
							"origin": [-5, 0, -5],
							"size": [1, 8, 1],
							"uv": {
								"north": {"uv": [0, 0], "uv_size": [1, 8]},
								"east": {"uv": [0, 0], "uv_size": [1, 8]},
								"south": {"uv": [0, 0], "uv_size": [1, 8]},
								"west": {"uv": [0, 0], "uv_size": [1, 8]},
								"up": {"uv": [1, 1], "uv_size": [-1, -1]},
								"down": {"uv": [1, 1], "uv_size": [-1, -1]}
							}
						},
						{
							"origin": [-5, 0, 4],
							"size": [1, 8, 1],
							"uv": {
								"north": {"uv": [0, 0], "uv_size": [1, 8]},
								"east": {"uv": [0, 0], "uv_size": [1, 8]},
								"south": {"uv": [0, 0], "uv_size": [1, 8]},
								"west": {"uv": [0, 0], "uv_size": [1, 8]},
								"up": {"uv": [1, 1], "uv_size": [-1, -1]},
								"down": {"uv": [1, 1], "uv_size": [-1, -1]}
							}
						},
						{
							"origin": [4, 0, -5],
							"size": [1, 8, 1],
							"uv": {
								"north": {"uv": [0, 0], "uv_size": [1, 8]},
								"east": {"uv": [0, 0], "uv_size": [1, 8]},
								"south": {"uv": [0, 0], "uv_size": [1, 8]},
								"west": {"uv": [0, 0], "uv_size": [1, 8]},
								"up": {"uv": [1, 1], "uv_size": [-1, -1]},
								"down": {"uv": [1, 1], "uv_size": [-1, -1]}
							}
						},
						{
							"origin": [4, 0, 4],
							"size": [1, 8, 1],
							"uv": {
								"north": {"uv": [0, 0], "uv_size": [1, 8]},
								"east": {"uv": [0, 0], "uv_size": [1, 8]},
								"south": {"uv": [0, 0], "uv_size": [1, 8]},
								"west": {"uv": [0, 0], "uv_size": [1, 8]},
								"up": {"uv": [1, 1], "uv_size": [-1, -1]},
								"down": {"uv": [1, 1], "uv_size": [-1, -1]}
							}
						},
						{
							"origin": [-0.5, 7, -0.5],
							"size": [1, 2, 1],
							"uv": {
								"north": {"uv": [16, 5], "uv_size": [1, 3]},
								"east": {"uv": [16, 5], "uv_size": [1, 3]},
								"south": {"uv": [16, 5], "uv_size": [1, 3]},
								"west": {"uv": [16, 5], "uv_size": [1, 3]},
								"up": {"uv": [1, 1], "uv_size": [-1, -1]},
								"down": {"uv": [18, 8], "uv_size": [-1, -1]}
							}
						}
					]
				},
				{
					"name": "bone",
					"pivot": [0.5, 0, 0.5],
					"cubes": [
						{
							"origin": [-1.5, 0, -1.5],
							"size": [3, 1, 3],
							"uv": {
								"north": {"uv": [0, 16], "uv_size": [3, 1]},
								"east": {"uv": [0, 16], "uv_size": [3, 1]},
								"south": {"uv": [0, 17], "uv_size": [3, 1]},
								"west": {"uv": [0, 16], "uv_size": [3, 1]},
								"up": {"uv": [3, 19], "uv_size": [-3, -3]},
								"down": {"uv": [3, 19], "uv_size": [-3, -3]}
							}
						},
						{
							"origin": [-1.5, 1, 1.5],
							"size": [3, 3, 1],
							"uv": {
								"north": {"uv": [0, 17], "uv_size": [3, 3]},
								"east": {"uv": [0, 16], "uv_size": [1, 3]},
								"south": {"uv": [0, 16], "uv_size": [3, 3]},
								"west": {"uv": [0, 16], "uv_size": [1, 3]},
								"up": {"uv": [3, 17], "uv_size": [-3, -1]},
								"down": {"uv": [3, 19], "uv_size": [-3, -1]}
							}
						},
						{
							"origin": [-1.5, 1, -2.5],
							"size": [3, 3, 1],
							"uv": {
								"north": {"uv": [0, 16], "uv_size": [3, 3]},
								"east": {"uv": [0, 16], "uv_size": [1, 3]},
								"south": {"uv": [0, 16], "uv_size": [3, 3]},
								"west": {"uv": [0, 16], "uv_size": [1, 3]},
								"up": {"uv": [3, 17], "uv_size": [-3, -1]},
								"down": {"uv": [3, 17], "uv_size": [-3, -1]}
							}
						},
						{
							"origin": [1.5, 1, -1.5],
							"size": [1, 3, 3],
							"uv": {
								"north": {"uv": [0, 16], "uv_size": [1, 3]},
								"east": {"uv": [0, 16], "uv_size": [3, 3]},
								"south": {"uv": [0, 16], "uv_size": [1, 3]},
								"west": {"uv": [0, 17], "uv_size": [3, 3]},
								"up": {"uv": [1, 19], "uv_size": [-1, -3]},
								"down": {"uv": [1, 19], "uv_size": [-1, -3]}
							}
						},
						{
							"origin": [-2.5, 1, -1.5],
							"size": [1, 3, 3],
							"uv": {
								"north": {"uv": [0, 16], "uv_size": [1, 3]},
								"east": {"uv": [0, 16], "uv_size": [3, 3]},
								"south": {"uv": [0, 16], "uv_size": [1, 3]},
								"west": {"uv": [0, 16], "uv_size": [3, 3]},
								"up": {"uv": [1, 19], "uv_size": [-1, -3]},
								"down": {"uv": [1, 19], "uv_size": [-1, -3]}
							}
						},
						{
							"origin": [-1.5, 4, -1.5],
							"size": [3, 1, 3],
							"uv": {
								"north": {"uv": [0, 16], "uv_size": [3, 1]},
								"east": {"uv": [0, 16], "uv_size": [3, 1]},
								"south": {"uv": [0, 16], "uv_size": [3, 1]},
								"west": {"uv": [0, 17], "uv_size": [3, 1]},
								"up": {"uv": [3, 19], "uv_size": [-3, -3]},
								"down": {"uv": [3, 20], "uv_size": [-3, -3]}
							}
						},
						{
							"origin": [-1, 5, -1],
							"size": [2, 2, 2],
							"uv": {
								"north": {"uv": [0, 16], "uv_size": [2, 2]},
								"east": {"uv": [0, 16], "uv_size": [2, 2]},
								"south": {"uv": [0, 16], "uv_size": [2, 2]},
								"west": {"uv": [0, 16], "uv_size": [2, 2]},
								"up": {"uv": [2, 18], "uv_size": [-2, -2]},
								"down": {"uv": [2, 18], "uv_size": [-2, -2]}
							}
						}
					]
				},
				{
					"name": "bone5",
					"pivot": [0, 9, 2],
					"cubes": [
						{
							"origin": [-3, 9, 2],
							"size": [3, 3, 3],
							"uv": {
								"north": {"uv": [8, 24], "uv_size": [3, 3]},
								"east": {"uv": [8, 24], "uv_size": [3, 3]},
								"south": {"uv": [8, 24], "uv_size": [3, 3]},
								"west": {"uv": [8, 24], "uv_size": [3, 3]},
								"up": {"uv": [11, 27], "uv_size": [-3, -3]},
								"down": {"uv": [11, 27], "uv_size": [-3, -3]}
							}
						}
					]
				},
				{
					"name": "bone2",
					"pivot": [3, 9, 0],
					"cubes": [
						{
							"origin": [0, 9, 0],
							"size": [3, 3, 3],
							"uv": {
								"north": {"uv": [8, 24], "uv_size": [3, 3]},
								"east": {"uv": [8, 24], "uv_size": [3, 3]},
								"south": {"uv": [8, 24], "uv_size": [3, 3]},
								"west": {"uv": [8, 24], "uv_size": [3, 3]},
								"up": {"uv": [11, 27], "uv_size": [-3, -3]},
								"down": {"uv": [11, 27], "uv_size": [-3, -3]}
							}
						}
					]
				},
				{
					"name": "bone3",
					"pivot": [1, 9, -4],
					"cubes": [
						{
							"origin": [-2, 9, -4],
							"size": [3, 3, 3],
							"uv": {
								"north": {"uv": [8, 24], "uv_size": [3, 3]},
								"east": {"uv": [8, 24], "uv_size": [3, 3]},
								"south": {"uv": [8, 24], "uv_size": [3, 3]},
								"west": {"uv": [8, 24], "uv_size": [3, 3]},
								"up": {"uv": [11, 27], "uv_size": [-3, -3]},
								"down": {"uv": [11, 27], "uv_size": [-3, -3]}
							}
						}
					]
				},
				{
					"name": "bone4",
					"pivot": [-2, 9, -1],
					"cubes": [
						{
							"origin": [-5, 9, -1],
							"size": [3, 3, 3],
							"uv": {
								"north": {"uv": [8, 24], "uv_size": [3, 3]},
								"east": {"uv": [8, 24], "uv_size": [3, 3]},
								"south": {"uv": [8, 24], "uv_size": [3, 3]},
								"west": {"uv": [8, 24], "uv_size": [3, 3]},
								"up": {"uv": [11, 27], "uv_size": [-3, -3]},
								"down": {"uv": [11, 27], "uv_size": [-3, -3]}
							}
						}
					]
				},
				{
					"name": "bone6",
					"pivot": [5, 9, -3],
					"cubes": [
						{
							"origin": [2, 9, -3],
							"size": [3, 3, 3],
							"uv": {
								"north": {"uv": [8, 24], "uv_size": [3, 3]},
								"east": {"uv": [8, 24], "uv_size": [3, 3]},
								"south": {"uv": [8, 24], "uv_size": [3, 3]},
								"west": {"uv": [8, 24], "uv_size": [3, 3]},
								"up": {"uv": [11, 27], "uv_size": [-3, -3]},
								"down": {"uv": [11, 27], "uv_size": [-3, -3]}
							}
						}
					]
				}
			]
		}
	]
}