{
	"format_version": "1.12.0",
	"minecraft:geometry": [
		{
			"description": {
				"identifier": "geometry.kelp_hatchery",
				"texture_width": 64,
				"texture_height": 64,
				"visible_bounds_width": 2,
				"visible_bounds_height": 2.5,
				"visible_bounds_offset": [0, 0.75, 0]
			},
			"bones": [
				{
					"name": "bb_main",
					"pivot": [0, 0, 0],
					"cubes": [
						{
							"origin": [-8, 1, 6],
							"size": [2, 14, 2],
							"uv": {
								"north": {"uv": [2, 2], "uv_size": [2, 14]},
								"east": {"uv": [0, 2], "uv_size": [2, 14]},
								"south": {"uv": [6, 2], "uv_size": [2, 14]},
								"west": {"uv": [4, 2], "uv_size": [2, 14]},
								"up": {"uv": [6, 4], "uv_size": [-2, -2]},
								"down": {"uv": [8, 2], "uv_size": [-2, -2]}
							}
						},
						{
							"origin": [-8, 1, -8],
							"size": [2, 14, 2],
							"uv": {
								"north": {"uv": [2, 2], "uv_size": [2, 14]},
								"east": {"uv": [0, 2], "uv_size": [2, 14]},
								"south": {"uv": [6, 2], "uv_size": [2, 14]},
								"west": {"uv": [4, 2], "uv_size": [2, 14]},
								"up": {"uv": [6, 4], "uv_size": [-2, -2]},
								"down": {"uv": [8, 2], "uv_size": [-2, -2]}
							}
						},
						{
							"origin": [6, 1, 6],
							"size": [2, 14, 2],
							"uv": {
								"north": {"uv": [5, 2], "uv_size": [2, 14]},
								"east": {"uv": [3, 2], "uv_size": [2, 14]},
								"south": {"uv": [9, 2], "uv_size": [2, 14]},
								"west": {"uv": [7, 2], "uv_size": [2, 14]},
								"up": {"uv": [5, 0], "uv_size": [2, 2]},
								"down": {"uv": [7, 2], "uv_size": [2, -2]}
							}
						},
						{
							"origin": [6, 1, -8],
							"size": [2, 14, 2],
							"uv": {
								"north": {"uv": [5, 2], "uv_size": [2, 14]},
								"east": {"uv": [3, 2], "uv_size": [2, 14]},
								"south": {"uv": [9, 2], "uv_size": [2, 14]},
								"west": {"uv": [7, 2], "uv_size": [2, 14]},
								"up": {"uv": [5, 0], "uv_size": [2, 2]},
								"down": {"uv": [7, 2], "uv_size": [2, -2]}
							}
						},
						{
							"origin": [-7, 1, -6],
							"size": [0, 14, 12],
							"uv": {
								"north": {"uv": [43, 12], "uv_size": [0, 14]},
								"east": {"uv": [31, 2], "uv_size": [12, 14]},
								"south": {"uv": [55, 12], "uv_size": [0, 14]},
								"west": {"uv": [31, 2], "uv_size": [12, 14]},
								"up": {"uv": [43, 0], "uv_size": [0, 12]},
								"down": {"uv": [43, 12], "uv_size": [0, -12]}
							}
						},
						{
							"origin": [-8, 0, -8],
							"size": [16, 1, 16],
							"uv": {
								"north": {"uv": [0, 0], "uv_size": [16, 1]},
								"east": {"uv": [0, 0], "uv_size": [16, 1]},
								"south": {"uv": [0, 0], "uv_size": [16, 1]},
								"west": {"uv": [0, 0], "uv_size": [16, 1]},
								"up": {"uv": [16, 16], "uv_size": [-16, -16]},
								"down": {"uv": [16, 16], "uv_size": [-16, -16]}
							}
						},
						{
							"origin": [-6, 1, -6],
							"size": [12, 13, 12],
							"uv": {
								"north": {"uv": [31, 39], "uv_size": [12, 13]},
								"east": {"uv": [31, 39], "uv_size": [12, 13]},
								"south": {"uv": [32, 39], "uv_size": [12, 13]},
								"west": {"uv": [31, 38], "uv_size": [12, 13]},
								"up": {"uv": [41, 33], "uv_size": [-12, -12]},
								"down": {"uv": [12, 12], "uv_size": [-12, -12]}
							}
						}
					]
				},
				{
					"name": "bone",
					"pivot": [7, 0, 0],
					"rotation": [0, 180, 0],
					"cubes": [
						{
							"origin": [7, 1, -6],
							"size": [0, 14, 12],
							"uv": {
								"north": {"uv": [43, 12], "uv_size": [0, 14]},
								"east": {"uv": [31, 2], "uv_size": [12, 14]},
								"south": {"uv": [55, 12], "uv_size": [0, 14]},
								"west": {"uv": [31, 2], "uv_size": [12, 14]},
								"up": {"uv": [43, 0], "uv_size": [0, 12]},
								"down": {"uv": [43, 12], "uv_size": [0, -12]}
							}
						}
					]
				},
				{
					"name": "bone2",
					"pivot": [0, 0, -7],
					"rotation": [0, -90, 0],
					"cubes": [
						{
							"origin": [0, 1, -13],
							"size": [0, 14, 12],
							"uv": {
								"north": {"uv": [43, 12], "uv_size": [0, 14]},
								"east": {"uv": [31, 2], "uv_size": [12, 14]},
								"south": {"uv": [55, 12], "uv_size": [0, 14]},
								"west": {"uv": [31, 2], "uv_size": [12, 14]},
								"up": {"uv": [43, 0], "uv_size": [0, 12]},
								"down": {"uv": [43, 12], "uv_size": [0, -12]}
							}
						}
					]
				},
				{
					"name": "bone3",
					"pivot": [0, 0, 7],
					"rotation": [0, 90, 0],
					"cubes": [
						{
							"origin": [0, 1, 1],
							"size": [0, 14, 12],
							"uv": {
								"north": {"uv": [43, 12], "uv_size": [0, 14]},
								"east": {"uv": [31, 2], "uv_size": [12, 14]},
								"south": {"uv": [55, 12], "uv_size": [0, 14]},
								"west": {"uv": [31, 2], "uv_size": [12, 14]},
								"up": {"uv": [43, 0], "uv_size": [0, 12]},
								"down": {"uv": [43, 12], "uv_size": [0, -12]}
							}
						}
					]
				},
				{
					"name": "bone4",
					"pivot": [0, 0, 0],
					"rotation": [0, -45, 0],
					"cubes": [
						{
							"origin": [-8, 0, 0],
							"size": [16, 14, 0],
							"uv": {
								"north": {"uv": [3, 48], "uv_size": [16, 16]},
								"east": {"uv": [0, 0], "uv_size": [0, 16]},
								"south": {"uv": [3, 48], "uv_size": [16, 16]},
								"west": {"uv": [0, 0], "uv_size": [0, 16]},
								"up": {"uv": [16, 0], "uv_size": [-16, 0]},
								"down": {"uv": [16, 0], "uv_size": [-16, 0]}
							}
						}
					]
				},
				{
					"name": "bone5",
					"pivot": [0, 0, 0],
					"rotation": [0, 45, 0],
					"cubes": [
						{
							"origin": [-8, 0, 0],
							"size": [16, 14, 0],
							"uv": {
								"north": {"uv": [3, 48], "uv_size": [16, 16]},
								"east": {"uv": [0, 0], "uv_size": [0, 16]},
								"south": {"uv": [3, 48], "uv_size": [16, 16]},
								"west": {"uv": [0, 0], "uv_size": [0, 16]},
								"up": {"uv": [16, 0], "uv_size": [-16, 0]},
								"down": {"uv": [16, 0], "uv_size": [-16, 0]}
							}
						}
					]
				}
			]
		}
	]
}