{
	"format_version": "1.12.0",
	"minecraft:geometry": [
		{
			"description": {
				"identifier": "geometry.lettuce",
				"texture_width": 32,
				"texture_height": 32,
				"visible_bounds_width": 2,
				"visible_bounds_height": 4,
				"visible_bounds_offset": [0, 1, 0]
			},
			"bones": [
				{
					"name": "bb_main",
					"pivot": [0, 0, 0],
					"cubes": [
						{"origin": [-4, 0, -4], "size": [8, 8, 8], "uv": [0, 0]}
					]
				},
				{
					"name": "main",
					"pivot": [0, 0, 0],
					"cubes": [
						{"origin": [-8, 0, 3], "size": [16, 15, 0.1], "uv": [0, 17]},
						{"origin": [-8, 0, -3], "size": [16, 15, 0.1], "uv": [0, 17]},
						{"origin": [-8, 0, 3], "size": [16, 15, 0.1], "pivot": [0, 0, 0], "rotation": [0, -90, 0], "uv": [0, 17]},
						{"origin": [-8, 0, -3], "size": [16, 15, 0.1], "pivot": [0, 0, 0], "rotation": [0, -90, 0], "uv": [0, 17]}
					]
				}
			]
		}
	]
}