{
	"format_version": "1.12.0",
	"minecraft:geometry": [
		{
			"description": {
				"identifier": "geometry.onion_crop_stage_3",
				"texture_width": 16,
				"texture_height": 16,
				"visible_bounds_width": 2,
				"visible_bounds_height": 2.5,
				"visible_bounds_offset": [0, 0.75, 0]
			},
			"bones": [
				{
					"name": "base",
					"pivot": [0, 0, 0],
					"rotation": [-2.50239, 0.10881, -5.00713],
					"cubes": [
						{
							"origin": [-1, -1, -1],
							"size": [2, 3, 2],
							"uv": {
								"north": {"uv": [7, 14], "uv_size": [2, 2]},
								"east": {"uv": [7, 14], "uv_size": [2, 2]},
								"south": {"uv": [7, 14], "uv_size": [2, 2]},
								"west": {"uv": [7, 14], "uv_size": [2, 2]},
								"up": {"uv": [9, 16], "uv_size": [-2, -2]},
								"down": {"uv": [9, 16], "uv_size": [-2, -2]}
							}
						}
					]
				},
				{
					"name": "bone",
					"parent": "base",
					"pivot": [0, 0, 0],
					"rotation": [0, 45, 0],
					"cubes": [
						{
							"origin": [0, 2, -3],
							"size": [0, 9, 6],
							"uv": {
								"north": {"uv": [0, 0], "uv_size": [0, 9]},
								"east": {"uv": [15, 0], "uv_size": [1, 2]},
								"south": {"uv": [0, 0], "uv_size": [0, 9]},
								"west": {"uv": [5, 4], "uv_size": [6, 9]},
								"up": {"uv": [0, 6], "uv_size": [0, -6]},
								"down": {"uv": [0, 6], "uv_size": [0, -6]}
							}
						}
					]
				},
				{
					"name": "bone2",
					"parent": "base",
					"pivot": [0, 0, 0],
					"rotation": [0, -45, 0],
					"cubes": [
						{
							"origin": [0, 2, -3],
							"size": [0, 9, 6],
							"uv": {
								"north": {"uv": [0, 0], "uv_size": [0, 9]},
								"east": {"uv": [15, 0], "uv_size": [1, 2]},
								"south": {"uv": [0, 0], "uv_size": [0, 9]},
								"west": {"uv": [5, 4], "uv_size": [6, 9]},
								"up": {"uv": [0, 6], "uv_size": [0, -6]},
								"down": {"uv": [0, 6], "uv_size": [0, -6]}
							}
						}
					]
				}
			]
		}
	]
}