{
	"format_version": "1.12.0",
	"minecraft:geometry": [
		{
			"description": {
				"identifier": "geometry.onion_crop_stage_4",
				"texture_width": 16,
				"texture_height": 16,
				"visible_bounds_width": 2,
				"visible_bounds_height": 2.5,
				"visible_bounds_offset": [0, 0.75, 0]
			},
			"bones": [
				{
					"name": "base",
					"pivot": [0, 0, 0],
					"rotation": [-2.50239, 0.10881, -5.00713],
					"cubes": [
						{
							"origin": [-1.5, -1, -1.5],
							"size": [3, 4, 3],
							"uv": {
								"north": {"uv": [7, 12], "uv_size": [3, 4]},
								"east": {"uv": [7, 12], "uv_size": [3, 4]},
								"south": {"uv": [7, 12], "uv_size": [3, 4]},
								"west": {"uv": [7, 12], "uv_size": [3, 4]},
								"up": {"uv": [10, 15], "uv_size": [-3, -3]},
								"down": {"uv": [10, 15], "uv_size": [-3, -3]}
							}
						}
					]
				},
				{
					"name": "bone",
					"parent": "base",
					"pivot": [0, 0, 0],
					"rotation": [0, 45, 0],
					"cubes": [
						{
							"origin": [0.0616, 2.9981, -3.99968],
							"size": [0, 10, 8],
							"uv": {
								"north": {"uv": [0, 0], "uv_size": [0, 9]},
								"east": {"uv": [15, 0], "uv_size": [1, 2]},
								"south": {"uv": [0, 0], "uv_size": [0, 9]},
								"west": {"uv": [4, 1], "uv_size": [8, 10]},
								"up": {"uv": [0, 6], "uv_size": [0, -6]},
								"down": {"uv": [0, 6], "uv_size": [0, -6]}
							}
						}
					]
				},
				{
					"name": "bone2",
					"parent": "base",
					"pivot": [0, 0, 0],
					"rotation": [0, -45, 0],
					"cubes": [
						{
							"origin": [0.00032, 2.9981, -4.0616],
							"size": [0, 10, 8],
							"uv": {
								"north": {"uv": [0, 0], "uv_size": [0, 9]},
								"east": {"uv": [15, 0], "uv_size": [1, 2]},
								"south": {"uv": [0, 0], "uv_size": [0, 9]},
								"west": {"uv": [4, 1], "uv_size": [8, 10]},
								"up": {"uv": [0, 6], "uv_size": [0, -6]},
								"down": {"uv": [0, 6], "uv_size": [0, -6]}
							}
						}
					]
				}
			]
		}
	]
}