{
	"format_version": "1.12.0",
	"minecraft:geometry": [
		{
			"description": {
				"identifier": "geometry.cucumber_crop_grown",
				"texture_width": 16,
				"texture_height": 16,
				"visible_bounds_width": 2,
				"visible_bounds_height": 2.5,
				"visible_bounds_offset": [0, 0.75, 0]
			},
			"bones": [
				{
					"name": "bb_main",
					"pivot": [0, 0, 0],
					"cubes": [
						{
							"origin": [-8, 0, 4],
							"size": [16, 12, 0],
							"uv": {
								"north": {"uv": [0, 4], "uv_size": [16, 12]},
								"east": {"uv": [0, 0], "uv_size": [0, 16]},
								"south": {"uv": [16, 0], "uv_size": [16, 16]},
								"west": {"uv": [16, 0], "uv_size": [0, 16]},
								"up": {"uv": [0, 0], "uv_size": [16, 0]},
								"down": {"uv": [16, 0], "uv_size": [16, 0]}
							}
						},
						{
							"origin": [-8, 0, -4],
							"size": [16, 12, 0],
							"uv": {
								"north": {"uv": [0, 4], "uv_size": [16, 12]},
								"east": {"uv": [0, 0], "uv_size": [0, 16]},
								"south": {"uv": [16, 0], "uv_size": [16, 16]},
								"west": {"uv": [16, 0], "uv_size": [0, 16]},
								"up": {"uv": [0, 0], "uv_size": [16, 0]},
								"down": {"uv": [16, 0], "uv_size": [16, 0]}
							}
						}
					]
				},
				{
					"name": "bone",
					"pivot": [0, 0, 0],
					"rotation": [0, -90, 0],
					"cubes": [
						{
							"origin": [-8, 0, 4],
							"size": [16, 12, 0],
							"uv": {
								"north": {"uv": [0, 4], "uv_size": [16, 12]},
								"east": {"uv": [0, 0], "uv_size": [0, 16]},
								"south": {"uv": [16, 0], "uv_size": [16, 16]},
								"west": {"uv": [16, 0], "uv_size": [0, 16]},
								"up": {"uv": [0, 0], "uv_size": [16, 0]},
								"down": {"uv": [16, 0], "uv_size": [16, 0]}
							}
						},
						{
							"origin": [-8, 0, -4],
							"size": [16, 12, 0],
							"uv": {
								"north": {"uv": [0, 4], "uv_size": [16, 12]},
								"east": {"uv": [0, 0], "uv_size": [0, 16]},
								"south": {"uv": [16, 0], "uv_size": [16, 16]},
								"west": {"uv": [16, 0], "uv_size": [0, 16]},
								"up": {"uv": [0, 0], "uv_size": [16, 0]},
								"down": {"uv": [16, 0], "uv_size": [16, 0]}
							}
						}
					]
				},
				{
					"name": "fruit",
					"pivot": [2, 6, -4.5],
					"rotation": [-14.33574, 27.83165, -2.25974],
					"cubes": [
						{
							"origin": [1, 3, -5.5],
							"size": [2, 4, 2],
							"pivot": [2, 6, -4.5],
							"rotation": [-5.38316, -5.01219, -0.81802],
							"uv": {
								"north": {"uv": [0, 0], "uv_size": [2, 3]},
								"east": {"uv": [0, 0], "uv_size": [2, 3]},
								"south": {"uv": [0, 0], "uv_size": [2, 4]},
								"west": {"uv": [0, 0], "uv_size": [2, 3]},
								"up": {"uv": [4, 2], "uv_size": [-2, -2]},
								"down": {"uv": [6, 2], "uv_size": [-2, -2]}
							}
						}
					]
				},
				{
					"name": "fruit2",
					"pivot": [-2.6, 3.4, -4.5],
					"rotation": [-13.9014, -11.47014, -12.6882],
					"cubes": [
						{
							"origin": [-3.6, 0.4, -5.5],
							"size": [2, 4, 2],
							"pivot": [-2.6, 3.4, -4.5],
							"rotation": [-3.20069, -6.4302, 2.07488],
							"uv": {
								"north": {"uv": [0, 0], "uv_size": [2, 3]},
								"east": {"uv": [0, 0], "uv_size": [2, 3]},
								"south": {"uv": [0, 0], "uv_size": [2, 4]},
								"west": {"uv": [0, 0], "uv_size": [2, 3]},
								"up": {"uv": [4, 2], "uv_size": [-2, -2]},
								"down": {"uv": [6, 2], "uv_size": [-2, -2]}
							}
						}
					]
				},
				{
					"name": "fruit3",
					"pivot": [-3.6, 6.2, -1.5],
					"rotation": [11.31469, -3.12352, 16.39489],
					"cubes": [
						{
							"origin": [-4.6, 3.2, -2.5],
							"size": [2, 4, 2],
							"pivot": [-3.6, 6.2, -1.5],
							"rotation": [-5.99435, -2.45412, 3.76397],
							"uv": {
								"north": {"uv": [0, 0], "uv_size": [2, 3]},
								"east": {"uv": [0, 0], "uv_size": [2, 3]},
								"south": {"uv": [0, 0], "uv_size": [2, 4]},
								"west": {"uv": [0, 0], "uv_size": [2, 3]},
								"up": {"uv": [4, 2], "uv_size": [-2, -2]},
								"down": {"uv": [6, 2], "uv_size": [-2, -2]}
							}
						}
					]
				},
				{
					"name": "fruit4",
					"pivot": [-3.6, 3.8, 1.9],
					"rotation": [-16.01522, 2.41443, -10.55278],
					"cubes": [
						{
							"origin": [-4.6, 0.8, 0.9],
							"size": [2, 4, 2],
							"pivot": [-3.6, 3.8, 1.9],
							"rotation": [-4.08306, -6.1448, 1.09701],
							"uv": {
								"north": {"uv": [0, 0], "uv_size": [2, 3]},
								"east": {"uv": [0, 0], "uv_size": [2, 3]},
								"south": {"uv": [0, 0], "uv_size": [2, 4]},
								"west": {"uv": [0, 0], "uv_size": [2, 3]},
								"up": {"uv": [4, 2], "uv_size": [-2, -2]},
								"down": {"uv": [6, 2], "uv_size": [-2, -2]}
							}
						}
					]
				},
				{
					"name": "fruit5",
					"pivot": [-2.5, 8.1, 4],
					"rotation": [11.53977, -2.13229, 11.4889],
					"cubes": [
						{
							"origin": [-3.5, 5.1, 3],
							"size": [2, 4, 2],
							"pivot": [-2.5, 8.1, 4],
							"rotation": [-5.75875, -2.96637, 3.78469],
							"uv": {
								"north": {"uv": [0, 0], "uv_size": [2, 3]},
								"east": {"uv": [0, 0], "uv_size": [2, 3]},
								"south": {"uv": [0, 0], "uv_size": [2, 4]},
								"west": {"uv": [0, 0], "uv_size": [2, 3]},
								"up": {"uv": [4, 2], "uv_size": [-2, -2]},
								"down": {"uv": [6, 2], "uv_size": [-2, -2]}
							}
						}
					]
				},
				{
					"name": "fruit6",
					"pivot": [2, 5.1, 4],
					"rotation": [4.21028, 0.44238, -5.78662],
					"cubes": [
						{
							"origin": [1, 2.1, 3],
							"size": [2, 4, 2],
							"pivot": [2, 5.1, 4],
							"rotation": [-4.53747, -5.01817, 3.2695],
							"uv": {
								"north": {"uv": [0, 0], "uv_size": [2, 3]},
								"east": {"uv": [0, 0], "uv_size": [2, 3]},
								"south": {"uv": [0, 0], "uv_size": [2, 4]},
								"west": {"uv": [0, 0], "uv_size": [2, 3]},
								"up": {"uv": [4, 2], "uv_size": [-2, -2]},
								"down": {"uv": [6, 2], "uv_size": [-2, -2]}
							}
						}
					]
				},
				{
					"name": "fruit7",
					"pivot": [3.8, 5.1, -2.2],
					"rotation": [4.21028, 0.44238, -5.78662],
					"cubes": [
						{
							"origin": [2.8, 2.1, -3.2],
							"size": [2, 4, 2],
							"pivot": [3.8, 5.1, -2.2],
							"rotation": [-4.53747, -5.01817, 3.2695],
							"uv": {
								"north": {"uv": [0, 0], "uv_size": [2, 3]},
								"east": {"uv": [0, 0], "uv_size": [2, 3]},
								"south": {"uv": [0, 0], "uv_size": [2, 4]},
								"west": {"uv": [0, 0], "uv_size": [2, 3]},
								"up": {"uv": [4, 2], "uv_size": [-2, -2]},
								"down": {"uv": [6, 2], "uv_size": [-2, -2]}
							}
						}
					]
				},
				{
					"name": "fruit8",
					"pivot": [3.8, 8.5, 1.8],
					"rotation": [-5.93009, 1.16616, -15.76144],
					"cubes": [
						{
							"origin": [2.8, 5.5, 0.8],
							"size": [2, 4, 2],
							"pivot": [3.8, 8.5, 1.8],
							"rotation": [-3.55357, -6.20628, 2.20376],
							"uv": {
								"north": {"uv": [0, 0], "uv_size": [2, 3]},
								"east": {"uv": [0, 0], "uv_size": [2, 3]},
								"south": {"uv": [0, 0], "uv_size": [2, 4]},
								"west": {"uv": [0, 0], "uv_size": [2, 3]},
								"up": {"uv": [4, 2], "uv_size": [-2, -2]},
								"down": {"uv": [6, 2], "uv_size": [-2, -2]}
							}
						}
					]
				}
			]
		}
	]
}