{
	"format_version": "1.12.0",
	"minecraft:geometry": [
		{
			"description": {
				"identifier": "geometry.popcorn_machine",
				"texture_width": 128,
				"texture_height": 128,
				"visible_bounds_width": 2,
				"visible_bounds_height": 2.5,
				"visible_bounds_offset": [0, 0.75, 0]
			},
			"bones": [
				{
					"name": "bb_main",
					"pivot": [0, 0, 0],
					"cubes": [
						{"origin": [-6, 0, -6], "size": [12, 1, 12], "uv": [0, 1]},
						{"origin": [-7, 15, -7], "size": [14, 3, 14], "uv": [0, 5]},
						{"origin": [-6, 1, -6], "size": [12, 14, 0], "uv": [0, 42]},
						{"origin": [-2, 13, -5], "size": [4, 2, 6], "uv": [0, 71]}
					]
				},
				{
					"name": "bone",
					"pivot": [0, 0, 6],
					"rotation": [0, 180, 0],
					"cubes": [
						{"origin": [-6, 1, 6], "size": [12, 14, 0], "uv": [0, 42]}
					]
				},
				{
					"name": "bone2",
					"pivot": [6, 0, 0],
					"rotation": [0, -90, 0],
					"cubes": [
						{"origin": [0, 1, 0], "size": [12, 14, 0], "uv": [0, 42]}
					]
				},
				{
					"name": "bone3",
					"pivot": [-6, 0, 0],
					"rotation": [0, 90, 0],
					"cubes": [
						{"origin": [-12, 1, 0], "size": [12, 14, 0], "uv": [0, 42]}
					]
				}
			]
		}
	]
}