{
	"format_version": "1.12.0",
	"minecraft:geometry": [
		{
			"description": {
				"identifier": "geometry.recipes_book",
				"texture_width": 64,
				"texture_height": 32,
				"visible_bounds_width": 2,
				"visible_bounds_height": 1.5,
				"visible_bounds_offset": [0, 0.25, 0]
			},
			"bones": [
				{
					"name": "base",
					"pivot": [0, 2, 0],
					"rotation": [20, 0, 0]
				},
				{
					"name": "bone",
					"parent": "base",
					"pivot": [0, 2, 0],
					"rotation": [0, 0, 12.5],
					"cubes": [
						{
							"origin": [-7, 2, -5],
							"size": [7, 1, 10],
							"uv": {
								"north": {"uv": [37, 9], "uv_size": [7, 1]},
								"east": {"uv": [33, 9], "uv_size": [10, 1]},
								"south": {"uv": [33, 9], "uv_size": [7, 1]},
								"west": {"uv": [31, 9], "uv_size": [10, 1]},
								"up": {"uv": [22, 10], "uv_size": [-7, -10]},
								"down": {"uv": [22, 10], "uv_size": [-7, -10]}
							}
						},
						{
							"origin": [-5.25, 3, -4],
							"size": [5, 1, 8],
							"uv": {
								"north": {"uv": [3, 10], "uv_size": [5, 1]},
								"east": {"uv": [2, 10], "uv_size": [8, 1]},
								"south": {"uv": [3, 10], "uv_size": [5, 1]},
								"west": {"uv": [2, 10], "uv_size": [8, 1]},
								"up": {"uv": [6, 19], "uv_size": [-5, -8]},
								"down": {"uv": [6, 19], "uv_size": [-5, -8]}
							}
						}
					]
				},
				{
					"name": "bone2",
					"parent": "base",
					"pivot": [0, 2, 0],
					"rotation": [0, 0, -12.5],
					"cubes": [
						{
							"origin": [0, 2, -5],
							"size": [7, 1, 10],
							"uv": {
								"north": {"uv": [37, 9], "uv_size": [7, 1]},
								"east": {"uv": [33, 9], "uv_size": [10, 1]},
								"south": {"uv": [33, 9], "uv_size": [7, 1]},
								"west": {"uv": [31, 9], "uv_size": [10, 1]},
								"up": {"uv": [7, 10], "uv_size": [-7, -10]},
								"down": {"uv": [7, 10], "uv_size": [-7, -10]}
							}
						},
						{
							"origin": [0.25, 3, -4],
							"size": [5, 1, 8],
							"uv": {
								"north": {"uv": [3, 10], "uv_size": [5, 1]},
								"east": {"uv": [2, 10], "uv_size": [8, 1]},
								"south": {"uv": [3, 10], "uv_size": [5, 1]},
								"west": {"uv": [2, 10], "uv_size": [8, 1]},
								"up": {"uv": [6, 19], "uv_size": [-5, -8]},
								"down": {"uv": [6, 19], "uv_size": [-5, -8]}
							}
						}
					]
				}
			]
		}
	]
}