{
	"format_version": "1.12.0",
	"minecraft:geometry": [
		{
			"description": {
				"identifier": "geometry.rice_crop",
				"texture_width": 32,
				"texture_height": 32,
				"visible_bounds_width": 2,
				"visible_bounds_height": 2.5,
				"visible_bounds_offset": [0, 0.75, 0]
			},
			"bones": [
				{
					"name": "bb_main",
					"pivot": [0, 0, 0],
					"cubes": [
						{"origin": [-8, -1, -4], "size": [16, 17, 0], "uv": [0, 15]},
						{"origin": [-8, -1, 4], "size": [16, 17, 0], "uv": [0, 15]},
						{"origin": [-4, -1, -8], "size": [0, 17, 16], "uv": [0, 0]},
						{"origin": [4, -1, -8], "size": [0, 17, 16], "uv": [0, 0]}
					]
				}
			]
		}
	]
}