{
	"format_version": "1.12.0",
	"minecraft:geometry": [
		{
			"description": {
				"identifier": "geometry.rice_farmland",
				"texture_width": 64,
				"texture_height": 64,
				"visible_bounds_width": 2,
				"visible_bounds_height": 2.5,
				"visible_bounds_offset": [0, 0.75, 0]
			},
			"bones": [
				{
					"name": "bb_main",
					"pivot": [0, 0, 0],
					"cubes": [
						{"origin": [-8, 0, 7], "size": [16, 16, 1], "uv": [0, 0]},
						{"origin": [-8, 0, -8], "size": [16, 16, 1], "uv": [0, 0]},
						{"origin": [7, 0, -7], "size": [1, 16, 14], "uv": [0, 0]},
						{"origin": [-8, 0, -7], "size": [1, 16, 14], "uv": [0, 0]},
						{"origin": [-7, 0, -7], "size": [14, 1, 14], "uv": [0, 0]},
						{"origin": [-7, 15, -7], "size": [14, 0, 14], "uv": [3, 33]}
					]
				}
			]
		}
	]
}