{
	"format_version": "1.12.0",
	"minecraft:geometry": [
		{
			"description": {
				"identifier": "geometry.sprinkler",
				"texture_width": 64,
				"texture_height": 64,
				"visible_bounds_width": 2,
				"visible_bounds_height": 1.5,
				"visible_bounds_offset": [0, 0.25, 0]
			},
			"bones": [
				{
					"name": "bb_main",
					"pivot": [0, 0, 0],
					"cubes": [
						{"origin": [-8, 0, -7], "size": [8, 1, 14], "uv": [0, 0]},
						{"origin": [1, 0, -7], "size": [7, 1, 14], "uv": [0, 0]},
						{"origin": [-4, 1, 6], "size": [9, 1, 1], "uv": [0, 30]},
						{"origin": [-4, 1, -7], "size": [9, 1, 1], "uv": [0, 30]},
						{"origin": [4, 1, -6], "size": [1, 1, 12], "uv": [0, 30]},
						{"origin": [-4, 1, -6], "size": [1, 1, 12], "uv": [0, 30]}
					]
				}
			]
		}
	]
}