{
	"format_version": "1.12.0",
	"minecraft:geometry": [
		{
			"description": {
				"identifier": "geometry.stove",
				"texture_width": 32,
				"texture_height": 32,
				"visible_bounds_width": 3,
				"visible_bounds_height": 2,
				"visible_bounds_offset": [0, 0, 0]
			},
			"bones": [
				{
					"name": "base",
					"pivot": [0, -16, 0],
					"cubes": [
						{
							"origin": [7, -16, -8],
							"size": [1, 16, 16],
							"uv": {
								"north": {"uv": [0, 0], "uv_size": [1, 16]},
								"east": {"uv": [0, 0], "uv_size": [16, 16]},
								"south": {"uv": [0, 0], "uv_size": [1, 16]},
								"west": {"uv": [0, 0], "uv_size": [16, 16]},
								"up": {"uv": [1, 16], "uv_size": [-1, -16]},
								"down": {"uv": [1, 16], "uv_size": [-1, -16]}
							}
						},
						{
							"origin": [-8, -16, -8],
							"size": [1, 16, 16],
							"uv": {
								"north": {"uv": [0, 0], "uv_size": [1, 16]},
								"east": {"uv": [0, 0], "uv_size": [16, 16]},
								"south": {"uv": [0, 0], "uv_size": [1, 16]},
								"west": {"uv": [0, 0], "uv_size": [16, 16]},
								"up": {"uv": [1, 16], "uv_size": [-1, -16]},
								"down": {"uv": [1, 16], "uv_size": [-1, -16]}
							}
						},
						{
							"origin": [-7, -16, 7],
							"size": [14, 16, 1],
							"uv": {
								"north": {"uv": [0, 0], "uv_size": [14, 16]},
								"east": {"uv": [0, 0], "uv_size": [1, 16]},
								"south": {"uv": [0, 0], "uv_size": [14, 16]},
								"west": {"uv": [0, 0], "uv_size": [1, 16]},
								"up": {"uv": [14, 1], "uv_size": [-14, -1]},
								"down": {"uv": [14, 1], "uv_size": [-14, -1]}
							}
						},
						{
							"origin": [-7, -16, -8],
							"size": [14, 3, 1],
							"uv": {
								"north": {"uv": [0, 4], "uv_size": [14, 3]},
								"east": {"uv": [0, 0], "uv_size": [1, 3]},
								"south": {"uv": [0, 0], "uv_size": [14, 3]},
								"west": {"uv": [0, 0], "uv_size": [1, 3]},
								"up": {"uv": [15, 7], "uv_size": [-14, -1]},
								"down": {"uv": [14, 1], "uv_size": [-14, -1]}
							}
						},
						{
							"origin": [-7, -4, -8],
							"size": [14, 4, 1],
							"uv": {
								"north": {"uv": [0, 0], "uv_size": [14, 4]},
								"east": {"uv": [0, 0], "uv_size": [1, 4]},
								"south": {"uv": [0, 0], "uv_size": [14, 4]},
								"west": {"uv": [0, 0], "uv_size": [1, 4]},
								"up": {"uv": [14, 1], "uv_size": [-14, -1]},
								"down": {"uv": [14, 5], "uv_size": [-14, -1]}
							}
						},
						{
							"origin": [-7, -8, -8],
							"size": [2, 4, 1],
							"uv": {
								"north": {"uv": [0, 4], "uv_size": [2, 4]},
								"east": {"uv": [0, 0], "uv_size": [1, 4]},
								"south": {"uv": [0, 0], "uv_size": [2, 4]},
								"west": {"uv": [0, 0], "uv_size": [1, 4]},
								"up": {"uv": [2, 1], "uv_size": [-2, -1]},
								"down": {"uv": [2, 6], "uv_size": [-2, -1]}
							}
						},
						{
							"origin": [5, -8, -8],
							"size": [2, 4, 1],
							"uv": {
								"north": {"uv": [0, 4], "uv_size": [2, 4]},
								"east": {"uv": [0, 0], "uv_size": [1, 4]},
								"south": {"uv": [0, 0], "uv_size": [2, 4]},
								"west": {"uv": [0, 0], "uv_size": [1, 4]},
								"up": {"uv": [2, 1], "uv_size": [-2, -1]},
								"down": {"uv": [2, 6], "uv_size": [-2, -1]}
							}
						},
						{
							"origin": [2, -6, -8],
							"size": [3, 2, 1],
							"uv": {
								"north": {"uv": [0, 4], "uv_size": [3, 2]},
								"east": {"uv": [5, 5], "uv_size": [1, 2]},
								"south": {"uv": [0, 0], "uv_size": [3, 2]},
								"west": {"uv": [0, 0], "uv_size": [1, 2]},
								"up": {"uv": [3, 1], "uv_size": [-3, -1]},
								"down": {"uv": [7, 6], "uv_size": [-3, -1]}
							}
						},
						{
							"origin": [-5, -6, -8],
							"size": [3, 2, 1],
							"uv": {
								"north": {"uv": [0, 4], "uv_size": [3, 2]},
								"east": {"uv": [0, 0], "uv_size": [1, 2]},
								"south": {"uv": [0, 0], "uv_size": [3, 2]},
								"west": {"uv": [0, 5], "uv_size": [1, 2]},
								"up": {"uv": [3, 1], "uv_size": [-3, -1]},
								"down": {"uv": [3, 5], "uv_size": [-3, -1]}
							}
						},
						{
							"origin": [-7, -11, -8],
							"size": [1, 3, 1],
							"uv": {
								"north": {"uv": [0, 4], "uv_size": [1, 3]},
								"east": {"uv": [0, 0], "uv_size": [1, 3]},
								"south": {"uv": [0, 0], "uv_size": [1, 3]},
								"west": {"uv": [3, 4], "uv_size": [1, 3]},
								"up": {"uv": [1, 1], "uv_size": [-1, -1]},
								"down": {"uv": [1, 1], "uv_size": [-1, -1]}
							}
						},
						{
							"origin": [6, -11, -8],
							"size": [1, 3, 1],
							"uv": {
								"north": {"uv": [0, 4], "uv_size": [1, 3]},
								"east": {"uv": [3, 4], "uv_size": [1, 3]},
								"south": {"uv": [0, 0], "uv_size": [1, 3]},
								"west": {"uv": [0, 0], "uv_size": [1, 3]},
								"up": {"uv": [1, 1], "uv_size": [-1, -1]},
								"down": {"uv": [1, 1], "uv_size": [-1, -1]}
							}
						},
						{
							"origin": [-8, 0, -8],
							"size": [16, 1, 16],
							"uv": {
								"north": {"uv": [16, 0], "uv_size": [16, 1]},
								"east": {"uv": [16, 0], "uv_size": [16, 1]},
								"south": {"uv": [16, 0], "uv_size": [16, 1]},
								"west": {"uv": [16, 0], "uv_size": [16, 1]},
								"up": {"uv": [16, 32], "uv_size": [-16, -16]},
								"down": {"uv": [16, 32], "uv_size": [-16, -16]}
							}
						}
					]
				},
				{
					"name": "pan",
					"parent": "base",
					"pivot": [0, 1, 0],
					"cubes": [
						{
							"origin": [-4, 1, -4],
							"size": [8, 1, 8],
							"uv": {
								"north": {"uv": [0, 0], "uv_size": [8, 1]},
								"east": {"uv": [0, 0], "uv_size": [8, 1]},
								"south": {"uv": [0, 0], "uv_size": [8, 1]},
								"west": {"uv": [0, 0], "uv_size": [8, 1]},
								"up": {"uv": [12, 27], "uv_size": [-8, -8]},
								"down": {"uv": [12, 27], "uv_size": [-8, -8]}
							}
						},
						{
							"origin": [-4, 1, 4],
							"size": [8, 2, 1],
							"uv": {
								"north": {"uv": [0, 0], "uv_size": [8, 2]},
								"east": {"uv": [0, 0], "uv_size": [1, 2]},
								"south": {"uv": [0, 0], "uv_size": [8, 2]},
								"west": {"uv": [0, 0], "uv_size": [1, 2]},
								"up": {"uv": [8, 1], "uv_size": [-8, -1]},
								"down": {"uv": [8, 1], "uv_size": [-8, -1]}
							}
						},
						{
							"origin": [-4, 1, -5],
							"size": [8, 2, 1],
							"uv": {
								"north": {"uv": [0, 0], "uv_size": [8, 2]},
								"east": {"uv": [0, 0], "uv_size": [1, 2]},
								"south": {"uv": [0, 0], "uv_size": [8, 2]},
								"west": {"uv": [0, 0], "uv_size": [1, 2]},
								"up": {"uv": [8, 1], "uv_size": [-8, -1]},
								"down": {"uv": [8, 1], "uv_size": [-8, -1]}
							}
						},
						{
							"origin": [-5, 1, -4],
							"size": [1, 2, 8],
							"uv": {
								"north": {"uv": [0, 0], "uv_size": [1, 2]},
								"east": {"uv": [0, 0], "uv_size": [8, 2]},
								"south": {"uv": [0, 0], "uv_size": [1, 2]},
								"west": {"uv": [0, 0], "uv_size": [8, 2]},
								"up": {"uv": [1, 8], "uv_size": [-1, -8]},
								"down": {"uv": [1, 8], "uv_size": [-1, -8]}
							}
						},
						{
							"origin": [4, 1, -4],
							"size": [1, 2, 8],
							"uv": {
								"north": {"uv": [0, 0], "uv_size": [1, 2]},
								"east": {"uv": [0, 0], "uv_size": [8, 2]},
								"south": {"uv": [0, 0], "uv_size": [1, 2]},
								"west": {"uv": [0, 0], "uv_size": [8, 2]},
								"up": {"uv": [1, 8], "uv_size": [-1, -8]},
								"down": {"uv": [1, 8], "uv_size": [-1, -8]}
							}
						}
					]
				}
			]
		}
	]
}