{
	"format_version": "1.12.0",
	"minecraft:geometry": [
		{
			"description": {
				"identifier": "geometry.strawberry_cake",
				"texture_width": 32,
				"texture_height": 32,
				"visible_bounds_width": 2,
				"visible_bounds_height": 2.5,
				"visible_bounds_offset": [0, 0.75, 0]
			},
			"bones": [
				{
					"name": "bb_main",
					"pivot": [0, 0, 0],
					"cubes": [
						{
							"origin": [-7, 0, -7],
							"size": [14, 8, 14],
							"uv": {
								"north": {"uv": [14, 6], "uv_size": [14, 8]},
								"east": {"uv": [14, 6], "uv_size": [14, 8]},
								"south": {"uv": [14, 6], "uv_size": [14, 8]},
								"west": {"uv": [14, 6], "uv_size": [14, 8]},
								"up": {"uv": [14, 14], "uv_size": [-14, -14]},
								"down": {"uv": [14, 28], "uv_size": [-14, -14]}
							}
						}
					]
				},
				{
					"name": "strawberry",
					"pivot": [2, 8.6, 1],
					"rotation": [-17.5, 0, 35],
					"cubes": [
						{
							"origin": [1, 6.6, 0],
							"size": [2, 3, 2],
							"uv": {
								"north": {"uv": [20, 28], "uv_size": [2, 3]},
								"east": {"uv": [20, 28], "uv_size": [2, 3]},
								"south": {"uv": [20, 28], "uv_size": [2, 3]},
								"west": {"uv": [20, 28], "uv_size": [2, 3]},
								"up": {"uv": [22, 30], "uv_size": [-2, -2]},
								"down": {"uv": [22, 30], "uv_size": [-2, -2]}
							}
						}
					]
				},
				{
					"name": "bone",
					"parent": "strawberry",
					"pivot": [2, 8.6, 1.1],
					"rotation": [12.5, 0, 0],
					"cubes": [
						{
							"origin": [1, 9.6, 1.1],
							"size": [2, 0, 2],
							"uv": {
								"north": {"uv": [20, 24], "uv_size": [2, 0]},
								"east": {"uv": [20, 24], "uv_size": [2, 0]},
								"south": {"uv": [20, 24], "uv_size": [2, 0]},
								"west": {"uv": [20, 24], "uv_size": [2, 0]},
								"up": {"uv": [22, 26], "uv_size": [-2, -2]},
								"down": {"uv": [22, 26], "uv_size": [-2, -2]}
							}
						}
					]
				},
				{
					"name": "bone2",
					"parent": "strawberry",
					"pivot": [2, 8.6, 0.9],
					"rotation": [-12.5, 0, 0],
					"cubes": [
						{
							"origin": [1, 9.6, -1.1],
							"size": [2, 0, 2],
							"uv": {
								"north": {"uv": [20, 24], "uv_size": [2, 0]},
								"east": {"uv": [20, 24], "uv_size": [2, 0]},
								"south": {"uv": [20, 24], "uv_size": [2, 0]},
								"west": {"uv": [20, 24], "uv_size": [2, 0]},
								"up": {"uv": [22, 26], "uv_size": [-2, -2]},
								"down": {"uv": [22, 26], "uv_size": [-2, -2]}
							}
						}
					]
				},
				{
					"name": "strawberry2",
					"pivot": [-2, 8.9, -3],
					"rotation": [148.55001, 27.25864, 142.94231],
					"cubes": [
						{
							"origin": [-3, 6.9, -4],
							"size": [2, 3, 2],
							"uv": {
								"north": {"uv": [20, 28], "uv_size": [2, 3]},
								"east": {"uv": [20, 28], "uv_size": [2, 3]},
								"south": {"uv": [20, 28], "uv_size": [2, 3]},
								"west": {"uv": [20, 28], "uv_size": [2, 3]},
								"up": {"uv": [22, 30], "uv_size": [-2, -2]},
								"down": {"uv": [22, 30], "uv_size": [-2, -2]}
							}
						}
					]
				},
				{
					"name": "bone3",
					"parent": "strawberry2",
					"pivot": [-2, 8.9, -2.9],
					"rotation": [12.5, 0, 0],
					"cubes": [
						{
							"origin": [-3, 9.9, -2.9],
							"size": [2, 0, 2],
							"uv": {
								"north": {"uv": [20, 24], "uv_size": [2, 0]},
								"east": {"uv": [20, 24], "uv_size": [2, 0]},
								"south": {"uv": [20, 24], "uv_size": [2, 0]},
								"west": {"uv": [20, 24], "uv_size": [2, 0]},
								"up": {"uv": [22, 26], "uv_size": [-2, -2]},
								"down": {"uv": [22, 26], "uv_size": [-2, -2]}
							}
						}
					]
				},
				{
					"name": "bone4",
					"parent": "strawberry2",
					"pivot": [-2, 8.9, -3.1],
					"rotation": [-12.5, 0, 0],
					"cubes": [
						{
							"origin": [-3, 9.9, -5.1],
							"size": [2, 0, 2],
							"uv": {
								"north": {"uv": [20, 24], "uv_size": [2, 0]},
								"east": {"uv": [20, 24], "uv_size": [2, 0]},
								"south": {"uv": [20, 24], "uv_size": [2, 0]},
								"west": {"uv": [20, 24], "uv_size": [2, 0]},
								"up": {"uv": [22, 26], "uv_size": [-2, -2]},
								"down": {"uv": [22, 26], "uv_size": [-2, -2]}
							}
						}
					]
				}
			]
		}
	]
}