{
	"format_version": "1.12.0",
	"minecraft:geometry": [
		{
			"description": {
				"identifier": "geometry.strawberry_cake_stage_3",
				"texture_width": 32,
				"texture_height": 32,
				"visible_bounds_width": 2,
				"visible_bounds_height": 2.5,
				"visible_bounds_offset": [0, 0.75, 0]
			},
			"bones": [
				{
					"name": "bb_main",
					"pivot": [0, 0, 0],
					"cubes": [
						{
							"origin": [1, 0, -7],
							"size": [6, 8, 14],
							"uv": {
								"north": {"uv": [22, 6], "uv_size": [6, 8]},
								"east": {"uv": [14, 14], "uv_size": [14, 8]},
								"south": {"uv": [22, 6], "uv_size": [6, 8]},
								"west": {"uv": [14, 6], "uv_size": [14, 8]},
								"up": {"uv": [14, 14], "uv_size": [-6, -14]},
								"down": {"uv": [6, 28], "uv_size": [-6, -14]}
							}
						}
					]
				}
			]
		}
	]
}