{
	"format_version": "1.12.0",
	"minecraft:geometry": [
		{
			"description": {
				"identifier": "geometry.sushi_set_3",
				"texture_width": 64,
				"texture_height": 64,
				"visible_bounds_width": 2,
				"visible_bounds_height": 1.5,
				"visible_bounds_offset": [0, 0.25, 0]
			},
			"bones": [
				{
					"name": "bb_main",
					"pivot": [0, 0, 0],
					"cubes": [
						{
							"origin": [-5, 1, -5],
							"size": [10, 1, 10],
							"uv": {
								"north": {"uv": [4, 12], "uv_size": [10, 1]},
								"east": {"uv": [0, 10], "uv_size": [10, 1]},
								"south": {"uv": [3, 13], "uv_size": [10, 1]},
								"west": {"uv": [2, 9], "uv_size": [10, 1]},
								"up": {"uv": [2, 1], "uv_size": [10, 10]},
								"down": {"uv": [3, 12], "uv_size": [10, -10]}
							}
						},
						{
							"origin": [-4, 0, -4],
							"size": [8, 1, 1],
							"uv": {
								"north": {"uv": [1, 1], "uv_size": [8, 1]},
								"east": {"uv": [2, 1], "uv_size": [1, 1]},
								"south": {"uv": [5, 5], "uv_size": [8, 1]},
								"west": {"uv": [9, 1], "uv_size": [1, 1]},
								"up": {"uv": [1, 0], "uv_size": [8, 1]},
								"down": {"uv": [3, 6], "uv_size": [8, -1]}
							}
						},
						{
							"origin": [-4, 0, 3],
							"size": [8, 1, 1],
							"uv": {
								"north": {"uv": [1, 1], "uv_size": [8, 1]},
								"east": {"uv": [0, 1], "uv_size": [1, 1]},
								"south": {"uv": [3, 5], "uv_size": [8, 1]},
								"west": {"uv": [9, 1], "uv_size": [1, 1]},
								"up": {"uv": [1, 0], "uv_size": [8, 1]},
								"down": {"uv": [3, 5], "uv_size": [8, -1]}
							}
						}
					]
				},
				{
					"name": "bone",
					"pivot": [-1, 0, 1],
					"cubes": [
						{
							"origin": [-2, 2, 1],
							"size": [1, 2, 2],
							"uv": {
								"north": {"uv": [23, 5], "uv_size": [1, 2]},
								"east": {"uv": [0, 0], "uv_size": [2, 2]},
								"south": {"uv": [21, 0], "uv_size": [1, 2]},
								"west": {"uv": [21, 5], "uv_size": [2, 2]},
								"up": {"uv": [24, 2], "uv_size": [-1, -2]},
								"down": {"uv": [1, 2], "uv_size": [-1, -2]}
							}
						},
						{
							"origin": [-4, 2, 2],
							"size": [1, 2, 2],
							"uv": {
								"north": {"uv": [21, 0], "uv_size": [1, 2]},
								"east": {"uv": [21, 5], "uv_size": [2, 2]},
								"south": {"uv": [23, 4], "uv_size": [1, 2]},
								"west": {"uv": [21, 0], "uv_size": [2, 2]},
								"up": {"uv": [22, 2], "uv_size": [-1, -2]},
								"down": {"uv": [1, 2], "uv_size": [-1, -2]}
							}
						},
						{
							"origin": [-4, 2, 1],
							"size": [2, 2, 1],
							"uv": {
								"north": {"uv": [22, 4], "uv_size": [2, 2]},
								"east": {"uv": [22, 4], "uv_size": [1, 2]},
								"south": {"uv": [0, 0], "uv_size": [2, 2]},
								"west": {"uv": [22, 0], "uv_size": [1, 2]},
								"up": {"uv": [23, 1], "uv_size": [-2, -1]},
								"down": {"uv": [2, 1], "uv_size": [-2, -1]}
							}
						},
						{
							"origin": [-3, 2, 3],
							"size": [2, 2, 1],
							"uv": {
								"north": {"uv": [21, 0], "uv_size": [2, 2]},
								"east": {"uv": [22, 0], "uv_size": [1, 2]},
								"south": {"uv": [21, 5], "uv_size": [2, 2]},
								"west": {"uv": [21, 4], "uv_size": [1, 2]},
								"up": {"uv": [23, 1], "uv_size": [-2, -1]},
								"down": {"uv": [2, 1], "uv_size": [-2, -1]}
							}
						},
						{
							"origin": [-3, 2, 2],
							"size": [1, 2, 1],
							"uv": {
								"north": {"uv": [0, 0], "uv_size": [1, 2]},
								"east": {"uv": [0, 0], "uv_size": [1, 2]},
								"south": {"uv": [0, 0], "uv_size": [1, 2]},
								"west": {"uv": [0, 0], "uv_size": [1, 2]},
								"up": {"uv": [18, 1], "uv_size": [-1, -1]},
								"down": {"uv": [1, 1], "uv_size": [-1, -1]}
							}
						}
					]
				},
				{
					"name": "bone5",
					"pivot": [-6, 0, 0],
					"cubes": [
						{
							"origin": [-6.5, 0, -6],
							"size": [0.5, 0.5, 11],
							"uv": {
								"north": {"uv": [0, 0], "uv_size": [0.5, 0.5]},
								"east": {"uv": [0, 0], "uv_size": [11, 0.5]},
								"south": {"uv": [0, 0], "uv_size": [0.5, 0.5]},
								"west": {"uv": [0, 0], "uv_size": [11, 0.5]},
								"up": {"uv": [0.5, 11], "uv_size": [-0.5, -11]},
								"down": {"uv": [0.5, 11], "uv_size": [-0.5, -11]}
							}
						},
						{
							"origin": [-7.5, 0, -6],
							"size": [0.5, 0.5, 11],
							"uv": {
								"north": {"uv": [0, 0], "uv_size": [0.5, 0.5]},
								"east": {"uv": [0, 0], "uv_size": [11, 0.5]},
								"south": {"uv": [0, 0], "uv_size": [0.5, 0.5]},
								"west": {"uv": [0, 0], "uv_size": [11, 0.5]},
								"up": {"uv": [0.5, 11], "uv_size": [-0.5, -11]},
								"down": {"uv": [0.5, 11], "uv_size": [-0.5, -11]}
							}
						}
					]
				},
				{
					"name": "bone2",
					"pivot": [7, 0, 0],
					"cubes": [
						{
							"origin": [6.5, 0, -6],
							"size": [0.5, 0.5, 11],
							"uv": {
								"north": {"uv": [0, 0], "uv_size": [0.5, 0.5]},
								"east": {"uv": [0, 0], "uv_size": [11, 0.5]},
								"south": {"uv": [0, 0], "uv_size": [0.5, 0.5]},
								"west": {"uv": [0, 0], "uv_size": [11, 0.5]},
								"up": {"uv": [0.5, 11], "uv_size": [-0.5, -11]},
								"down": {"uv": [0.5, 11], "uv_size": [-0.5, -11]}
							}
						},
						{
							"origin": [5.5, 0, -6],
							"size": [0.5, 0.5, 11],
							"uv": {
								"north": {"uv": [0, 0], "uv_size": [0.5, 0.5]},
								"east": {"uv": [0, 0], "uv_size": [11, 0.5]},
								"south": {"uv": [0, 0], "uv_size": [0.5, 0.5]},
								"west": {"uv": [0, 0], "uv_size": [11, 0.5]},
								"up": {"uv": [0.5, 11], "uv_size": [-0.5, -11]},
								"down": {"uv": [0.5, 11], "uv_size": [-0.5, -11]}
							}
						}
					]
				}
			]
		}
	]
}