{
	"format_version": "1.12.0",
	"minecraft:geometry": [
		{
			"description": {
				"identifier": "geometry.toaster",
				"texture_width": 128,
				"texture_height": 128,
				"visible_bounds_width": 2,
				"visible_bounds_height": 2.5,
				"visible_bounds_offset": [0, 0.75, 0]
			},
			"bones": [
				{
					"name": "bb_main",
					"pivot": [0, 0, 0],
					"cubes": [
						{"origin": [-7, 1, -4], "size": [13, 1, 7], "uv": [0, 0]},
						{"origin": [-7, 2, -4], "size": [13, 6, 2], "uv": [0, 0]},
						{"origin": [-7, 2, 1], "size": [13, 6, 2], "uv": [0, 0]},
						{"origin": [-5, 2, -1], "size": [9, 6, 1], "uv": [0, 0]},
						{"origin": [4, 2, -2], "size": [2, 6, 3], "uv": [0, 0]},
						{"origin": [-7, 2, -2], "size": [2, 6, 3], "uv": [0, 0]},
						{"origin": [-8, 0, -5], "size": [15, 1, 9], "uv": [0, 71]},
						{"origin": [6, 1, -1], "size": [1, 4, 1], "uv": [0, 71]}
					]
				},
				{
					"name": "inner",
					"pivot": [0, 0, 0],
					"cubes": [
						{"origin": [-8.5, 0, 0.5], "size": [16, 16, 0], "inflate": -2, "uv": [3, 91]},
						{"origin": [-8.5, 0, 2.5], "size": [16, 16, 0], "inflate": -2, "uv": [3, 91]}
					]
				}
			]
		}
	]
}