{
	"format_version": "1.12.0",
	"minecraft:geometry": [
		{
			"description": {
				"identifier": "geometry.tomato_crop_grown",
				"texture_width": 48,
				"texture_height": 48,
				"visible_bounds_width": 2,
				"visible_bounds_height": 2.5,
				"visible_bounds_offset": [0, 0.75, 0]
			},
			"bones": [
				{
					"name": "bb_main",
					"pivot": [0, 0, 0],
					"cubes": [
						{"origin": [-0.5, 0, -0.5], "size": [1, 16, 1], "uv": [0, 0]}
					]
				},
				{
					"name": "bone",
					"pivot": [0, 0, 0],
					"rotation": [0, -45, 0],
					"cubes": [
						{"origin": [-8, 0, 0], "size": [16, 16, 0], "uv": [0, 32]}
					]
				},
				{
					"name": "bone2",
					"pivot": [0, 0, 0],
					"rotation": [0, 45, 0],
					"cubes": [
						{"origin": [-8, 0, 0], "size": [16, 16, 0], "uv": [0, 32]}
					]
				},
				{
					"name": "tomato",
					"pivot": [2, 6, 2.1],
					"rotation": [-5, -15, -7.5],
					"cubes": [
						{"origin": [1, 4, 1.1], "size": [2, 2, 2], "uv": [40, 44]}
					]
				},
				{
					"name": "tomato2",
					"pivot": [1.4, 6.8, -1.3],
					"rotation": [-7.56834, -13.90237, 2.76538],
					"cubes": [
						{"origin": [0.4, 4.8, -2.3], "size": [2, 2, 2], "uv": [40, 44]}
					]
				},
				{
					"name": "tomato3",
					"pivot": [2.4, 12.9, -2.4],
					"rotation": [-5, -15, -7.5],
					"cubes": [
						{"origin": [1.4, 10.9, -3.4], "size": [2, 2, 2], "uv": [40, 44]}
					]
				},
				{
					"name": "tomato4",
					"pivot": [-2.3, 15.4, -2],
					"rotation": [3.36417, -17.65625, 15.79718],
					"cubes": [
						{"origin": [-3.3, 13.4, -3], "size": [2, 2, 2], "uv": [40, 44]}
					]
				},
				{
					"name": "tomato5",
					"pivot": [-1.9, 7.9, -1.9],
					"rotation": [-24.13583, -17.65625, 15.79718],
					"cubes": [
						{"origin": [-2.9, 5.9, -2.9], "size": [2, 2, 2], "uv": [40, 44]}
					]
				},
				{
					"name": "tomato6",
					"pivot": [-1.9, 10.5, 2.4],
					"rotation": [14.33182, -25.42482, -6.95082],
					"cubes": [
						{"origin": [-2.9, 8.5, 1.4], "size": [2, 2, 2], "uv": [40, 44]}
					]
				},
				{
					"name": "tomato7",
					"pivot": [-2.3, 6.8, 2.1],
					"rotation": [5.49078, -28.46895, 12.40445],
					"cubes": [
						{"origin": [-3.3, 4.8, 1.1], "size": [2, 2, 2], "uv": [40, 44]}
					]
				},
				{
					"name": "tomato8",
					"pivot": [2.3, 13.8, 2.1],
					"rotation": [5.85303, -32.32505, -31.13798],
					"cubes": [
						{"origin": [1.3, 11.8, 1.1], "size": [2, 2, 2], "uv": [40, 44]}
					]
				}
			]
		}
	]
}