{
	"format_version": "1.12.0",
	"minecraft:geometry": [
		{
			"description": {
				"identifier": "geometry.tractor",
				"texture_width": 128,
				"texture_height": 128,
				"visible_bounds_width": 2,
				"visible_bounds_height": 2.5,
				"visible_bounds_offset": [0, 0.75, 0]
			},
			"bones": [
				{
					"name": "wheel",
					"pivot": [0, 0, 0],
					"cubes": [
						{"origin": [-7, 0, -7], "size": [1, 3, 8], "uv": [0, 0]},
						{"origin": [-7, 9, -7], "size": [1, 3, 8], "uv": [0, 0]},
						{"origin": [-7, 2, 0], "size": [1, 8, 3], "uv": [0, 0]},
						{"origin": [-7, 2, -9], "size": [1, 8, 3], "uv": [0, 0]},
						{"origin": [-7, 1, -8], "size": [1, 3, 3], "uv": [0, 0]},
						{"origin": [-7, 1, -1], "size": [1, 3, 3], "uv": [0, 0]},
						{"origin": [-7, 8, -1], "size": [1, 3, 3], "uv": [0, 0]},
						{"origin": [-7, 8, -8], "size": [1, 3, 3], "uv": [0, 0]}
					]
				},
				{
					"name": "bone",
					"parent": "wheel",
					"pivot": [0, 0, 0],
					"cubes": [
						{"origin": [-6.5, 3, -5], "size": [1, 6, 4], "uv": [0, 34]},
						{"origin": [-6.5, 4, -1], "size": [1, 4, 1], "uv": [12, 34]},
						{"origin": [-6.5, 4, -6], "size": [1, 4, 1], "uv": [16, 34]}
					]
				}
			]
		}
	]
}