{
	"format_version": "1.12.0",
	"minecraft:geometry": [
		{
			"description": {
				"identifier": "geometry.tractor",
				"texture_width": 128,
				"texture_height": 128,
				"visible_bounds_width": 7,
				"visible_bounds_height": 3.5,
				"visible_bounds_offset": [0, 1.25, 0]
			},
			"bones": [
				{
					"name": "tractor",
					"pivot": [0, 0, 0],
					"rotation": [0, 180, 0],
					"cubes": [
						{"origin": [5, 16, 9], "size": [2, 9, 2], "uv": [0, 103]}
					]
				},
				{
					"name": "base",
					"parent": "tractor",
					"pivot": [0, 1, 0],
					"cubes": [
						{"origin": [-6, 8, -6], "size": [12, 5, 13], "uv": [0, 98]},
						{"origin": [-7, 7, -4], "size": [13, 1, 6], "uv": [0, 96]},
						{"origin": [-6, 20, -8], "size": [1, 12, 2], "uv": [0, 104]},
						{"origin": [5, 20, -8], "size": [1, 12, 2], "uv": [0, 104]},
						{"origin": [-5, 13, -8], "size": [10, 6, 2], "uv": [0, 104]},
						{"origin": [-7, 32, -17], "size": [14, 1, 23], "uv": [55, 105]},
						{"origin": [-6, 20, -17], "size": [1, 12, 2], "uv": [0, 104]},
						{"origin": [5, 20, -17], "size": [1, 12, 2], "uv": [0, 104]},
						{"origin": [-6, 14, -23], "size": [1, 6, 19], "uv": [0, 98]},
						{"origin": [-5, 19, -18], "size": [10, 1, 11], "uv": [0, 107]},
						{"origin": [-5, 19, -23], "size": [10, 1, 5], "uv": [0, 107]},
						{"origin": [-6, 7, -23], "size": [12, 1, 10], "uv": [0, 107]},
						{"origin": [-6, 7, -13], "size": [12, 1, 9], "uv": [0, 107]},
						{"origin": [5, 14, -23], "size": [1, 6, 19], "uv": [0, 99]},
						{"origin": [-6, 7, -24], "size": [12, 13, 1], "uv": [0, 99]},
						{"origin": [-5, 14, -24], "size": [10, 1, 12], "uv": [0, 108]}
					]
				},
				{
					"name": "bone3",
					"parent": "base",
					"pivot": [-5, 15, 8],
					"rotation": [7.5, 0, 0],
					"cubes": [
						{"origin": [-6, 13, 6], "size": [1, 20, 2], "uv": [0, 104]},
						{"origin": [5, 13, 6], "size": [1, 20, 2], "uv": [0, 104]},
						{"origin": [-5, 13, 6], "size": [10, 6, 2], "uv": [0, 104]}
					]
				},
				{
					"name": "bone4",
					"parent": "base",
					"pivot": [0, 19, -18.3],
					"rotation": [-5, 0, 0],
					"cubes": [
						{"origin": [-6.1, 20, -18.3], "size": [12.2, 1, 1], "uv": [55, 105]},
						{"origin": [-6.1, 21, -18.3], "size": [1, 12, 1], "uv": [55, 105]},
						{"origin": [5.1, 21, -18.3], "size": [1, 12, 1], "uv": [55, 105]}
					]
				},
				{
					"name": "front",
					"parent": "tractor",
					"pivot": [0, 0, 0],
					"cubes": [
						{"origin": [-6, 8, 8], "size": [12, 9, 19], "uv": [0, 62]},
						{"origin": [-4, 3, 13], "size": [8, 5, 13], "uv": [87, 64]}
					]
				},
				{
					"name": "wheels",
					"parent": "tractor",
					"pivot": [0, 0, 0]
				},
				{
					"name": "wheel",
					"parent": "wheels",
					"pivot": [0, 0, -10],
					"cubes": [
						{"origin": [-11, 0, -20], "size": [5, 4, 12], "uv": [0, 0]},
						{"origin": [-11, 14, -20], "size": [5, 4, 12], "uv": [0, 0]},
						{"origin": [-11, 3, -9], "size": [5, 12, 4], "uv": [0, 0]},
						{"origin": [-11, 3, -23], "size": [5, 12, 4], "uv": [0, 0]},
						{"origin": [-11, 1, -22], "size": [5, 4, 4], "uv": [0, 0]},
						{"origin": [-11, 1, -10], "size": [5, 4, 4], "uv": [0, 0]},
						{"origin": [-11, 13, -10], "size": [5, 4, 4], "uv": [0, 0]},
						{"origin": [-11, 13, -22], "size": [5, 4, 4], "uv": [0, 0]}
					]
				},
				{
					"name": "bone",
					"parent": "wheel",
					"pivot": [0, 0, -10],
					"cubes": [
						{"origin": [-10.5, 4, -18], "size": [1, 10, 8], "uv": [0, 34]},
						{"origin": [-10.5, 5, -10], "size": [1, 8, 1], "uv": [12, 34]},
						{"origin": [-10.5, 5, -19], "size": [1, 8, 1], "uv": [19, 36]}
					]
				},
				{
					"name": "wheel4",
					"parent": "wheels",
					"pivot": [0, 0, -18],
					"rotation": [0, 180, 0],
					"cubes": [
						{"origin": [-11, 0, -28], "size": [5, 4, 12], "uv": [0, 0]},
						{"origin": [-11, 14, -28], "size": [5, 4, 12], "uv": [0, 0]},
						{"origin": [-11, 3, -17], "size": [5, 12, 4], "uv": [0, 0]},
						{"origin": [-11, 3, -31], "size": [5, 12, 4], "uv": [0, 0]},
						{"origin": [-11, 1, -30], "size": [5, 4, 4], "uv": [0, 0]},
						{"origin": [-11, 1, -18], "size": [5, 4, 4], "uv": [0, 0]},
						{"origin": [-11, 13, -18], "size": [5, 4, 4], "uv": [0, 0]},
						{"origin": [-11, 13, -30], "size": [5, 4, 4], "uv": [0, 0]}
					]
				},
				{
					"name": "bone6",
					"parent": "wheel4",
					"pivot": [0, 0, -18],
					"cubes": [
						{"origin": [-10.5, 4, -26], "size": [1, 10, 8], "uv": [0, 34]},
						{"origin": [-10.5, 5, -18], "size": [1, 8, 1], "uv": [12, 34]},
						{"origin": [-10.5, 5, -27], "size": [1, 8, 1], "uv": [19, 36]}
					]
				},
				{
					"name": "wheel2",
					"parent": "wheels",
					"pivot": [0, 0, 19],
					"cubes": [
						{"origin": [-11, 0, 9], "size": [5, 3, 8], "uv": [0, 0]},
						{"origin": [-11, 11, 9], "size": [5, 3, 8], "uv": [0, 0]},
						{"origin": [-11, 3, 17], "size": [5, 8, 3], "uv": [0, 0]},
						{"origin": [-11, 3, 6], "size": [5, 8, 3], "uv": [0, 0]},
						{"origin": [-11, 1, 7], "size": [5, 3, 3], "uv": [0, 0]},
						{"origin": [-11, 1, 16], "size": [5, 3, 3], "uv": [0, 0]},
						{"origin": [-11, 10, 16], "size": [5, 3, 3], "uv": [0, 0]},
						{"origin": [-11, 10, 7], "size": [5, 3, 3], "uv": [0, 0]}
					]
				},
				{
					"name": "bone2",
					"parent": "wheel2",
					"pivot": [0, 0, 19],
					"cubes": [
						{"origin": [-10.5, 3, 9], "size": [1, 9, 8], "uv": [0, 34]}
					]
				},
				{
					"name": "wheel3",
					"parent": "wheels",
					"pivot": [8, 4, 13],
					"rotation": [0, 180, 0],
					"cubes": [
						{"origin": [5, 0, 9], "size": [5, 3, 8], "uv": [0, 0]},
						{"origin": [5, 11, 9], "size": [5, 3, 8], "uv": [0, 0]},
						{"origin": [5, 3, 17], "size": [5, 8, 3], "uv": [0, 0]},
						{"origin": [5, 3, 6], "size": [5, 8, 3], "uv": [0, 0]},
						{"origin": [5, 1, 7], "size": [5, 3, 3], "uv": [0, 0]},
						{"origin": [5, 1, 16], "size": [5, 3, 3], "uv": [0, 0]},
						{"origin": [5, 10, 16], "size": [5, 3, 3], "uv": [0, 0]},
						{"origin": [5, 10, 7], "size": [5, 3, 3], "uv": [0, 0]}
					]
				},
				{
					"name": "bone5",
					"parent": "wheel3",
					"pivot": [16, 0, 19],
					"cubes": [
						{"origin": [5.5, 3, 9], "size": [1, 9, 8], "uv": [0, 34]}
					]
				},
				{
					"name": "details",
					"parent": "tractor",
					"pivot": [0, 16.7, 4.2],
					"rotation": [-10, 0, 0],
					"cubes": [
						{"origin": [-2, 16.7, 4.2], "size": [3, 1, 1], "uv": [121, 0]},
						{"origin": [-2, 18.7, 4.2], "size": [3, 1, 1], "uv": [121, 0]},
						{"origin": [-2, 20.7, 4.2], "size": [3, 1, 1], "uv": [121, 0]},
						{"origin": [-3, 17.7, 4.2], "size": [1, 3, 1], "uv": [121, 0]},
						{"origin": [1, 17.7, 4.2], "size": [1, 3, 1], "uv": [121, 0]}
					]
				},
				{
					"name": "back",
					"parent": "tractor",
					"pivot": [0, 18, -25],
					"cubes": [
						{"origin": [-24, 3, -47], "size": [48, 2, 2], "uv": [56, 45]},
						{"origin": [-6, 4, -25], "size": [11, 1, 5], "uv": [56, 45]},
						{"origin": [-2, 4, -45], "size": [3, 1, 20], "uv": [58, 21]},
						{"origin": [-24, -2, -48], "size": [1, 7, 1], "uv": [72, 105]},
						{"origin": [23, -2, -48], "size": [1, 7, 1], "uv": [72, 105]},
						{"origin": [17, -2, -48], "size": [1, 7, 1], "uv": [72, 105]},
						{"origin": [10, -2, -48], "size": [1, 7, 1], "uv": [72, 105]},
						{"origin": [3, -2, -48], "size": [1, 7, 1], "uv": [72, 105]},
						{"origin": [-4, -2, -48], "size": [1, 7, 1], "uv": [72, 105]},
						{"origin": [-11, -2, -48], "size": [1, 7, 1], "uv": [72, 105]},
						{"origin": [-18, -2, -48], "size": [1, 7, 1], "uv": [72, 105]}
					]
				},
				{
					"name": "bone7",
					"parent": "back",
					"pivot": [0, 12, -25],
					"rotation": [0, 0, 22.5],
					"cubes": [
						{"origin": [-1, 3.9, -25], "size": [1, 8.1, 1], "uv": [58, 21]}
					]
				},
				{
					"name": "bone9",
					"parent": "back",
					"pivot": [-1, 12, -25],
					"rotation": [0, 0, -22.5],
					"cubes": [
						{"origin": [-1, 3.9, -25], "size": [1, 8.1, 1], "uv": [58, 21]}
					]
				},
				{
					"name": "bone8",
					"parent": "back",
					"pivot": [0, 12, -25],
					"rotation": [20, 0, 0],
					"cubes": [
						{"origin": [-1, 11, -45.5], "size": [1, 1, 21.5], "uv": [58, 21]}
					]
				}
			]
		}
	]
}