{
	"format_version": "1.12.0",
	"minecraft:geometry": [
		{
			"description": {
				"identifier": "geometry.wheat_feeder_empty",
				"texture_width": 64,
				"texture_height": 64,
				"visible_bounds_width": 2,
				"visible_bounds_height": 2.5,
				"visible_bounds_offset": [0, 0.75, 0]
			},
			"bones": [
				{
					"name": "bb_main",
					"pivot": [0, 9, 0],
					"cubes": [
						{"origin": [-7, 9, -5], "size": [14, 1, 10], "uv": [16, 21]},
						{"origin": [-7, 10, 5], "size": [14, 8, 1], "uv": [0, 49]},
						{"origin": [-7, 10, -6], "size": [14, 8, 1], "uv": [0, 49]},
						{"origin": [-8, 10, -5], "size": [1, 8, 10], "uv": [42, 40]},
						{"origin": [7, 10, -5], "size": [1, 8, 10], "uv": [42, 40]},
						{"origin": [-8, 0, -8], "size": [16, 9, 16], "uv": [0, 19]}
					]
				}
			]
		}
	]
}