{
	"format_version": "1.12.0",
	"minecraft:geometry": [
		{
			"description": {
				"identifier": "geometry.wine_barrel",
				"texture_width": 64,
				"texture_height": 64,
				"visible_bounds_width": 2,
				"visible_bounds_height": 2.5,
				"visible_bounds_offset": [0, 0.75, 0]
			},
			"bones": [
				{
					"name": "bb_main2",
					"pivot": [0, 0, 0],
					"cubes": [
						{"origin": [-1.25, 4.25, -10], "size": [2, 2, 2], "uv": [3, 20]},
						{"origin": [-0.7, 3.25, -9.5], "size": [1, 1, 1], "uv": [0, 0]},
						{"origin": [-0.5, 16, -1], "size": [1, 1, 1], "uv": [0, 21]},
						{"origin": [-1, 17, -1.5], "size": [2, 1, 2], "uv": [0, 21]}
					]
				},
				{
					"name": "bb_main",
					"pivot": [0, 9, 8],
					"rotation": [90, 0, 0],
					"cubes": [
						{"origin": [-5, 11, 3], "size": [10, 1, 10], "uv": [0, 19]},
						{"origin": [-5, 11, 13], "size": [10, 1, 1], "uv": [0, 19]},
						{"origin": [-5, 11, 2], "size": [10, 1, 1], "uv": [0, 19]},
						{"origin": [5, 11, 3], "size": [1, 1, 10], "uv": [0, 19]},
						{"origin": [-6, 11, 3], "size": [1, 1, 10], "uv": [0, 19]},
						{"origin": [6, 10, 3], "size": [1, 14, 10], "uv": [10, 33]},
						{"origin": [-7, 10, 3], "size": [1, 14, 10], "uv": [10, 33]},
						{"origin": [-5, 10, 14], "size": [10, 14, 1], "uv": [0, 42]},
						{"origin": [-5, 10, 1], "size": [10, 14, 1], "uv": [0, 42]},
						{"origin": [-6, 10, 2], "size": [1, 14, 1], "uv": [0, 42]},
						{"origin": [5, 10, 2], "size": [1, 14, 1], "uv": [0, 42]},
						{"origin": [5, 10, 13], "size": [1, 14, 1], "uv": [0, 42]},
						{"origin": [-6, 10, 13], "size": [1, 14, 1], "uv": [0, 42]},
						{"origin": [-5, 22, 2], "size": [10, 1, 1], "uv": [15, 30]},
						{"origin": [-5, 22, 3], "size": [10, 1, 11], "uv": [0, 18]},
						{"origin": [-6, 22, 3], "size": [1, 1, 10], "uv": [0, 15]},
						{"origin": [5, 22, 3], "size": [1, 1, 10], "uv": [0, 15]},
						{"origin": [-1, 23, 3.5], "size": [1.5, 2, 1.5], "uv": [3, 19]}
					]
				},
				{
					"name": "bone",
					"pivot": [6, 0, -5],
					"rotation": [0, 0, -15],
					"cubes": [
						{"origin": [5, 0, -6], "size": [2, 3, 2], "uv": [0, 8]}
					]
				},
				{
					"name": "bone2",
					"pivot": [6, 0, 5],
					"rotation": [0, 0, -15],
					"cubes": [
						{"origin": [5, 0, 4], "size": [2, 3, 2], "uv": [0, 8]}
					]
				},
				{
					"name": "bone3",
					"pivot": [-6, 0, 5],
					"rotation": [0, 0, 15],
					"cubes": [
						{"origin": [-7, 0, 4], "size": [2, 3, 2], "uv": [0, 8]}
					]
				},
				{
					"name": "bone4",
					"pivot": [-6, 0, -5],
					"rotation": [0, 0, 15],
					"cubes": [
						{"origin": [-7, 0, -6], "size": [2, 3, 2], "uv": [0, 8]}
					]
				}
			]
		}
	]
}