{
	"format_version": "1.13.0",
	"minecraft:feature_rules": {
		"description": {
			"identifier": "uf:wild_plant_feature_rule",
			"places_feature": "uf:wild_plant_feature"
		},
		"conditions": {
			"placement_pass": "surface_pass",
			"minecraft:biome_filter": [
				{
					"all_of": [
						{
							"any_of": [
								{
									"test": "has_biome_tag",
									"operator": "==",
									"value": "plains"
								},
								{
									"test": "has_biome_tag",
									"operator": "==",
									"value": "swamp"
								},
								{
									"test": "has_biome_tag",
									"operator": "==",
									"value": "forest"
								},
								{
									"test": "has_biome_tag",
									"operator": "==",
									"value": "birch"
								},
								{
									"test": "has_biome_tag",
									"operator": "==",
									"value": "taiga"
								},
								{
									"test": "has_biome_tag",
									"operator": "==",
									"value": "flower_forest"
								}
							]
						}
					]
				}
			]
		},
		"distribution": {
			"iterations": 8,
			"scatter_chance": 1,
			"x": {
				"distribution": "gaussian",
				"extent": [
					0,
					16
				]
			},
			"y": "query.heightmap(variable.worldx, variable.worldz) + 0",
			"z": {
				"distribution": "gaussian",
				"extent": [
					0,
					16
				]
			}
		}
	}
}