{
	"file_path": "C:\\Users\\chupi\\AppData\\Local\\Packages\\Microsoft.MinecraftUWP_8wekyb3d8bbwe\\LocalState\\games\\com.mojang\\development_resource_packs\\Ultra Farming\\models\\entity\\tractor.json",
	"file_type": "entity_model",
	"format_version": 0,
	"cache_content": {
		"format_version": "1.8.0",
		"geometry.tractor": {
			"visible_bounds_width": 2,
			"visible_bounds_height": 1.75,
			"visible_bounds_offset": [
				0,
				0.75,
				0
			],
			"texturewidth": 64,
			"textureheight": 32,
			"bones": [
				{
					"name": "body",
					"pivot": [
						0,
						19,
						2
					],
					"bind_pose_rotation": [
						90,
						0,
						0
					],
					"cubes": [
						{
							"origin": [
								-6,
								11,
								-5
							],
							"size": [
								12,
								18,
								10
							],
							"uv": [
								18,
								4
							]
						},
						{
							"origin": [
								-2,
								11,
								-6
							],
							"size": [
								4,
								6,
								1
							],
							"uv": [
								52,
								0
							]
						}
					]
				},
				{
					"name": "head",
					"parent": "body",
					"pivot": [
						0,
						20,
						-8
					],
					"locators": {
						"lead": [
							0,
							20,
							-8
						]
					},
					"cubes": [
						{
							"origin": [
								-4,
								16,
								-14
							],
							"size": [
								8,
								8,
								6
							],
							"uv": [
								0,
								0
							]
						},
						{
							"origin": [
								-5,
								22,
								-12
							],
							"size": [
								1,
								3,
								1
							],
							"uv": [
								22,
								0
							]
						},
						{
							"origin": [
								4,
								22,
								-12
							],
							"size": [
								1,
								3,
								1
							],
							"uv": [
								22,
								0
							]
						}
					]
				},
				{
					"name": "leg0",
					"parent": "body",
					"pivot": [
						-4,
						12,
						7
					],
					"cubes": [
						{
							"origin": [
								-6,
								0,
								5
							],
							"size": [
								4,
								12,
								4
							],
							"uv": [
								0,
								16
							]
						}
					]
				},
				{
					"name": "leg1",
					"parent": "body",
					"mirror": true,
					"pivot": [
						4,
						12,
						7
					],
					"cubes": [
						{
							"origin": [
								2,
								0,
								5
							],
							"size": [
								4,
								12,
								4
							],
							"uv": [
								0,
								16
							]
						}
					]
				},
				{
					"name": "leg2",
					"parent": "body",
					"pivot": [
						-4,
						12,
						-6
					],
					"cubes": [
						{
							"origin": [
								-6,
								0,
								-7
							],
							"size": [
								4,
								12,
								4
							],
							"uv": [
								0,
								16
							]
						}
					]
				},
				{
					"name": "leg3",
					"parent": "body",
					"mirror": true,
					"pivot": [
						4,
						12,
						-6
					],
					"cubes": [
						{
							"origin": [
								2,
								0,
								-7
							],
							"size": [
								4,
								12,
								4
							],
							"uv": [
								0,
								16
							]
						}
					]
				}
			]
		}
	},
	"file_uuid": "0b110f47_30a5_4bbc_a90c_02a39766b0d3"
}