{
	"file_path": "C:\\Users\\chupi\\AppData\\Local\\Packages\\Microsoft.MinecraftUWP_8wekyb3d8bbwe\\LocalState\\games\\com.mojang\\development_resource_packs\\Ultra Farming\\entity\\tractor.json",
	"file_type": "client_entity",
	"format_version": 1,
	"file_uuid": "bd60b5b9_167c_4fd7_b8db_d31564185672",
	"file_version": 1,
	"cache_content": {
		"children": [
			{
				"data": "1.10.0",
				"key": "format_version"
			},
			{
				"open": {
					"format_version": "1.10.0",
					"minecraft:client_entity": {
						"description": {
							"identifier": "uf:tractor",
							"materials": {
								"default": "bat"
							},
							"textures": {
								"default": "textures/entity/tractor"
							},
							"geometry": {
								"default": "geometry.tractor"
							},
							"render_controllers": [
								"controller.render.tractor"
							],
							"spawn_egg": {
								"texture": "tractor",
								"texture_index": 0
							}
						}
					}
				},
				"key": "minecraft:client_entity",
				"children": [
					{
						"open": {
							"description": {
								"identifier": "uf:tractor",
								"materials": {
									"default": "bat"
								},
								"textures": {
									"default": "textures/entity/tractor"
								},
								"geometry": {
									"default": "geometry.tractor"
								},
								"render_controllers": [
									"controller.render.tractor"
								],
								"spawn_egg": {
									"texture": "tractor",
									"texture_index": 0
								}
							}
						},
						"key": "description",
						"children": [
							{
								"data": "uf:tractor",
								"key": "identifier"
							},
							{
								"open": {
									"identifier": "uf:tractor",
									"materials": {
										"default": "bat"
									},
									"textures": {
										"default": "textures/entity/tractor"
									},
									"geometry": {
										"default": "geometry.tractor"
									},
									"render_controllers": [
										"controller.render.tractor"
									],
									"spawn_egg": {
										"texture": "tractor",
										"texture_index": 0
									}
								},
								"key": "materials",
								"is_minified": true,
								"children": {
									"default": "bat"
								}
							},
							{
								"key": "textures",
								"is_minified": true,
								"children": {
									"default": "textures/entity/tractor"
								}
							},
							{
								"key": "geometry",
								"is_minified": true,
								"children": {
									"default": "geometry.tractor"
								}
							},
							{
								"open": {
									"identifier": "uf:tractor",
									"materials": {
										"default": "bat"
									},
									"textures": {
										"default": "textures/entity/tractor"
									},
									"geometry": {
										"default": "geometry.tractor"
									},
									"render_controllers": [
										"controller.render.tractor"
									],
									"spawn_egg": {
										"texture": "tractor",
										"texture_index": 0
									}
								},
								"key": "render_controllers",
								"is_minified": true,
								"children": [
									"controller.render.tractor"
								]
							},
							{
								"open": {
									"identifier": "uf:tractor",
									"materials": {
										"default": "bat"
									},
									"textures": {
										"default": "textures/entity/tractor"
									},
									"geometry": {
										"default": "geometry.tractor"
									},
									"render_controllers": [
										"controller.render.tractor"
									],
									"spawn_egg": {
										"texture": "tractor",
										"texture_index": 0
									}
								},
								"key": "spawn_egg",
								"is_minified": true,
								"children": {
									"texture": "tractor",
									"texture_index": 0
								}
							}
						]
					}
				]
			}
		]
	}
}