{
	"file_path": "C:\\Users\\chupi\\AppData\\Local\\Packages\\Microsoft.MinecraftUWP_8wekyb3d8bbwe\\LocalState\\games\\com.mojang\\development_resource_packs\\Ultra Farming\\render_controllers\\tractor.json",
	"file_type": "render_controller",
	"format_version": 0,
	"cache_content": {
		"format_version": "1.8.0",
		"render_controllers": {
			"controller.render.tractor": {
				"geometry": "Geometry.default",
				"materials": [
					{
						"*": "Material.default"
					}
				],
				"textures": [
					"Texture.default"
				]
			}
		}
	},
	"file_uuid": "94992312_24f5_4782_bf4d_ec83feb01162"
}