{
	"format_version": "1.19.0",
	"minecraft:npc_dialogue": {
		"scenes": [
			{
				"scene_tag": "recipes_init",
				"text": {
					"rawtext": [
						{
							"translate": "recipes.choose_section"
						}
					]
				},
				"npc_name": {
					"rawtext": [
						{
							"translate": "recipes.title"
						}
					]
				},
				"buttons": [
					{
						"commands": [
							"/dialogue open @s @initiator cooking_pot_recipes",
							"/playsound item.book.page_turn @initiator"
						],
						"name": {
							"rawtext": [
								{
									"translate": "recipes.cooking_pot"
								}
							]
						}
					}
				]
			},
			{
				"scene_tag": "cooking_pot_recipes",
				"npc_name": {
					"rawtext": [
						{
							"translate": "recipes.title"
						}
					]
				},
				"text": {
					"rawtext": [
						{
							"text": ""
						}
					]
				},
				"buttons": [
					{
						"name": {
							"rawtext": [
								{
									"translate": "recipes.potato_stew"
								}
							]
						},
						"commands": [
							"/dialogue open @s @initiator potato_stew",
							"/playsound item.book.page_turn @initiator"
						]
					},
					{
						"name": {
							"rawtext": [
								{
									"translate": "recipes.soup"
								}
							]
						},
						"commands": [
							"/dialogue open @s @initiator soup",
							"/playsound item.book.page_turn @initiator"
						]
					},
					{
						"name": {
							"rawtext": [
								{
									"translate": "recipes.beef_stew"
								}
							]
						},
						"commands": [
							"/dialogue open @s @initiator beef_stew",
							"/playsound item.book.page_turn @initiator"
						]
					},
					{
						"name": {
							"rawtext": [
								{
									"translate": "recipes.pumpkin_stew"
								}
							]
						},
						"commands": [
							"/dialogue open @s @initiator pumpkin_stew",
							"/playsound item.book.page_turn @initiator"
						]
					}
				]
			},
			{
				"scene_tag": "potato_stew",
				"text": {
					"rawtext": [
						{
							"translate": "§lPotato Stew§r ¶¶¶¶±\nIngredients:\n-Potato\n-Tomato\n-Carrot\n\n§lDescription:§r\nStew that is perfect for the cold of winter"
						}
					]
				},
				"npc_name": {
					"rawtext": [
						{
							"translate": "recipes.title"
						}
					]
				},
				"buttons": [
					{
						"commands": [
							"/dialogue open @s @initiator cooking_pot_recipes",
							"/playsound item.book.page_turn @initiator"
						],
						"name": {
							"rawtext": [
								{
									"translate": "recipes.back"
								}
							]
						}
					}
				]
			},
			{
				"scene_tag": "soup",
				"text": {
					"rawtext": [
						{
							"translate": "§lSoup§r ¶¶¶¶¶\nIngredients:\n-Noodles\n-Potato\n-Raw Chicken\n\n§lDescription:§r\nIt is a simple dish, but full of protein and nutrients"
						}
					]
				},
				"npc_name": {
					"rawtext": [
						{
							"translate": "recipes.title"
						}
					]
				},
				"buttons": [
					{
						"commands": [
							"/dialogue open @s @initiator cooking_pot_recipes",
							"/playsound item.book.page_turn @initiator"
						],
						"name": {
							"rawtext": [
								{
									"translate": "recipes.back"
								}
							]
						}
					}
				]
			},
			{
				"scene_tag": "beef_stew",
				"text": {
					"rawtext": [
						{
							"translate": "§lBeef Stew§r ¶¶¶¶¶±\nIngredients:\n-Onion\n-Potato\n-Tomato\n-Raw Beef\n\n§lDescription:§r\nVery useful to get strength in the worst moments, exquisite dish from the coldlands"
						}
					]
				},
				"npc_name": {
					"rawtext": [
						{
							"translate": "recipes.title"
						}
					]
				},
				"buttons": [
					{
						"commands": [
							"/dialogue open @s @initiator cooking_pot_recipes",
							"/playsound item.book.page_turn @initiator"
						],
						"name": {
							"rawtext": [
								{
									"translate": "recipes.back"
								}
							]
						}
					}
				]
			},
			{
				"scene_tag": "pumpkin_stew",
				"text": {
					"rawtext": [
						{
							"translate": "§lPumpkin Stew§r ¶¶¶¶\nIngredients:\n-Pumpkin Piece\n-Onion\n-Olive\n\n§lDescription:§r\nA perfect dish to take in autumn, very delicious"
						}
					]
				},
				"npc_name": {
					"rawtext": [
						{
							"translate": "recipes.title"
						}
					]
				},
				"buttons": [
					{
						"commands": [
							"/dialogue open @s @initiator cooking_pot_recipes",
							"/playsound item.book.page_turn @initiator"
						],
						"name": {
							"rawtext": [
								{
									"translate": "recipes.back"
								}
							]
						}
					}
				]
			}
		]
	}
}