{
	"file_path": "C:\\Users\\chupi\\AppData\\Local\\Packages\\Microsoft.MinecraftUWP_8wekyb3d8bbwe\\LocalState\\games\\com.mojang\\development_resource_packs\\Ultra Farming\\particles\\cherry_blossom_flower.json",
	"file_type": "particle",
	"format_version": 1,
	"file_uuid": "871a40e4_3306_4665_853e_eead8aa334c5",
	"file_version": 31,
	"cache_content": {
		"children": [
			{
				"data": "1.10.0",
				"key": "format_version"
			},
			{
				"open": {
					"format_version": "1.10.0",
					"particle_effect": {
						"description": {
							"identifier": "uf:cherry_blossom_flower",
							"basic_render_parameters": {
								"material": "particles_alpha",
								"texture": "textures/particle/falling_cherry_flower"
							}
						},
						"components": {
							"minecraft:emitter_rate_steady": {
								"spawn_rate": 1,
								"max_particles": 2
							},
							"minecraft:emitter_lifetime_once": {
								"active_time": "math.random(4.0, 6.0)"
							},
							"minecraft:emitter_shape_box": {
								"half_dimensions": [
									1,
									1,
									1
								],
								"direction": "outwards"
							},
							"minecraft:particle_lifetime_expression": {
								"max_lifetime": "math.random(6.0, 9.0)"
							},
							"minecraft:particle_initial_speed": 0,
							"minecraft:particle_motion_dynamic": {
								"linear_acceleration": [
									"variable.particle_random_3*0.85",
									-0.4,
									0
								]
							},
							"minecraft:particle_motion_parametric": {
								"rotation": "variable.particle_random_3 * 360 + (variable.particle_age * 100 * (variable.particle_random_2 - 0.5))"
							},
							"minecraft:particle_appearance_billboard": {
								"size": [
									"variable.particle_random_3 * 0.25 + 0.25",
									"variable.particle_random_3 * 0.25 + 0.25"
								],
								"facing_camera_mode": "lookat_xyz",
								"uv": {
									"texture_width": 16,
									"texture_height": 16,
									"uv": [
										0,
										0
									],
									"uv_size": [
										16,
										16
									]
								}
							},
							"minecraft:particle_motion_collision": {
								"enabled": "variable.particle_age > 1",
								"collision_radius": 0.1,
								"expire_on_contact": true
							},
							"minecraft:particle_appearance_tinting": {
								"color": [
									1,
									1,
									1,
									1
								]
							},
							"minecraft:particle_appearance_lighting": {}
						}
					}
				},
				"key": "particle_effect",
				"children": [
					{
						"open": {
							"description": {
								"identifier": "uf:cherry_blossom_flower",
								"basic_render_parameters": {
									"material": "particles_alpha",
									"texture": "textures/particle/falling_cherry_flower"
								}
							},
							"components": {
								"minecraft:emitter_rate_steady": {
									"spawn_rate": 1,
									"max_particles": 2
								},
								"minecraft:emitter_lifetime_once": {
									"active_time": "math.random(4.0, 6.0)"
								},
								"minecraft:emitter_shape_box": {
									"half_dimensions": [
										1,
										1,
										1
									],
									"direction": "outwards"
								},
								"minecraft:particle_lifetime_expression": {
									"max_lifetime": "math.random(6.0, 9.0)"
								},
								"minecraft:particle_initial_speed": 0,
								"minecraft:particle_motion_dynamic": {
									"linear_acceleration": [
										"variable.particle_random_3*0.85",
										-0.4,
										0
									]
								},
								"minecraft:particle_motion_parametric": {
									"rotation": "variable.particle_random_3 * 360 + (variable.particle_age * 100 * (variable.particle_random_2 - 0.5))"
								},
								"minecraft:particle_appearance_billboard": {
									"size": [
										"variable.particle_random_3 * 0.25 + 0.25",
										"variable.particle_random_3 * 0.25 + 0.25"
									],
									"facing_camera_mode": "lookat_xyz",
									"uv": {
										"texture_width": 16,
										"texture_height": 16,
										"uv": [
											0,
											0
										],
										"uv_size": [
											16,
											16
										]
									}
								},
								"minecraft:particle_motion_collision": {
									"enabled": "variable.particle_age > 1",
									"collision_radius": 0.1,
									"expire_on_contact": true
								},
								"minecraft:particle_appearance_tinting": {
									"color": [
										1,
										1,
										1,
										1
									]
								},
								"minecraft:particle_appearance_lighting": {}
							}
						},
						"key": "description",
						"children": [
							{
								"data": "uf:cherry_blossom_flower",
								"key": "identifier"
							},
							{
								"open": {
									"identifier": "uf:cherry_blossom_flower",
									"basic_render_parameters": {
										"material": "particles_alpha",
										"texture": "textures/particle/falling_cherry_flower"
									}
								},
								"key": "basic_render_parameters",
								"is_minified": true,
								"children": {
									"material": "particles_alpha",
									"texture": "textures/particle/falling_cherry_flower"
								}
							}
						]
					},
					{
						"open": {
							"description": {
								"identifier": "uf:cherry_blossom_flower",
								"basic_render_parameters": {
									"material": "particles_alpha",
									"texture": "textures/particle/falling_cherry_flower"
								}
							},
							"components": {
								"minecraft:emitter_rate_steady": {
									"spawn_rate": 1,
									"max_particles": 2
								},
								"minecraft:emitter_lifetime_once": {
									"active_time": "math.random(4.0, 6.0)"
								},
								"minecraft:emitter_shape_box": {
									"half_dimensions": [
										1,
										1,
										1
									],
									"direction": "outwards"
								},
								"minecraft:particle_lifetime_expression": {
									"max_lifetime": "math.random(6.0, 9.0)"
								},
								"minecraft:particle_initial_speed": 0,
								"minecraft:particle_motion_dynamic": {
									"linear_acceleration": [
										"variable.particle_random_3*0.85",
										-0.4,
										0
									]
								},
								"minecraft:particle_motion_parametric": {
									"rotation": "variable.particle_random_3 * 360 + (variable.particle_age * 100 * (variable.particle_random_2 - 0.5))"
								},
								"minecraft:particle_appearance_billboard": {
									"size": [
										"variable.particle_random_3 * 0.25 + 0.25",
										"variable.particle_random_3 * 0.25 + 0.25"
									],
									"facing_camera_mode": "lookat_xyz",
									"uv": {
										"texture_width": 16,
										"texture_height": 16,
										"uv": [
											0,
											0
										],
										"uv_size": [
											16,
											16
										]
									}
								},
								"minecraft:particle_motion_collision": {
									"enabled": "variable.particle_age > 1",
									"collision_radius": 0.1,
									"expire_on_contact": true
								},
								"minecraft:particle_appearance_tinting": {
									"color": [
										1,
										1,
										1,
										1
									]
								},
								"minecraft:particle_appearance_lighting": {}
							}
						},
						"key": "components",
						"children": [
							{
								"open": {
									"minecraft:emitter_rate_steady": {
										"spawn_rate": 1,
										"max_particles": 2
									},
									"minecraft:emitter_lifetime_once": {
										"active_time": "math.random(4.0, 6.0)"
									},
									"minecraft:emitter_shape_box": {
										"half_dimensions": [
											1,
											1,
											1
										],
										"direction": "outwards"
									},
									"minecraft:particle_lifetime_expression": {
										"max_lifetime": "math.random(6.0, 9.0)"
									},
									"minecraft:particle_initial_speed": 0,
									"minecraft:particle_motion_dynamic": {
										"linear_acceleration": [
											"variable.particle_random_3*0.85",
											-0.4,
											0
										]
									},
									"minecraft:particle_motion_parametric": {
										"rotation": "variable.particle_random_3 * 360 + (variable.particle_age * 100 * (variable.particle_random_2 - 0.5))"
									},
									"minecraft:particle_appearance_billboard": {
										"size": [
											"variable.particle_random_3 * 0.25 + 0.25",
											"variable.particle_random_3 * 0.25 + 0.25"
										],
										"facing_camera_mode": "lookat_xyz",
										"uv": {
											"texture_width": 16,
											"texture_height": 16,
											"uv": [
												0,
												0
											],
											"uv_size": [
												16,
												16
											]
										}
									},
									"minecraft:particle_motion_collision": {
										"enabled": "variable.particle_age > 1",
										"collision_radius": 0.1,
										"expire_on_contact": true
									},
									"minecraft:particle_appearance_tinting": {
										"color": [
											1,
											1,
											1,
											1
										]
									},
									"minecraft:particle_appearance_lighting": {}
								},
								"key": "minecraft:emitter_rate_steady",
								"is_minified": true,
								"children": {
									"spawn_rate": 1,
									"max_particles": 2
								}
							},
							{
								"open": {
									"minecraft:emitter_rate_steady": {
										"spawn_rate": 1,
										"max_particles": 2
									},
									"minecraft:emitter_lifetime_once": {
										"active_time": "math.random(4.0, 6.0)"
									},
									"minecraft:emitter_shape_box": {
										"half_dimensions": [
											1,
											1,
											1
										],
										"direction": "outwards"
									},
									"minecraft:particle_lifetime_expression": {
										"max_lifetime": "math.random(6.0, 9.0)"
									},
									"minecraft:particle_initial_speed": 0,
									"minecraft:particle_motion_dynamic": {
										"linear_acceleration": [
											"variable.particle_random_3*0.85",
											-0.4,
											0
										]
									},
									"minecraft:particle_motion_parametric": {
										"rotation": "variable.particle_random_3 * 360 + (variable.particle_age * 100 * (variable.particle_random_2 - 0.5))"
									},
									"minecraft:particle_appearance_billboard": {
										"size": [
											"variable.particle_random_3 * 0.25 + 0.25",
											"variable.particle_random_3 * 0.25 + 0.25"
										],
										"facing_camera_mode": "lookat_xyz",
										"uv": {
											"texture_width": 16,
											"texture_height": 16,
											"uv": [
												0,
												0
											],
											"uv_size": [
												16,
												16
											]
										}
									},
									"minecraft:particle_motion_collision": {
										"enabled": "variable.particle_age > 1",
										"collision_radius": 0.1,
										"expire_on_contact": true
									},
									"minecraft:particle_appearance_tinting": {
										"color": [
											1,
											1,
											1,
											1
										]
									},
									"minecraft:particle_appearance_lighting": {}
								},
								"key": "minecraft:emitter_lifetime_once",
								"is_minified": true,
								"children": {
									"active_time": "math.random(4.0, 6.0)"
								}
							},
							{
								"open": {
									"minecraft:emitter_rate_steady": {
										"spawn_rate": 1,
										"max_particles": 2
									},
									"minecraft:emitter_lifetime_once": {
										"active_time": "math.random(4.0, 6.0)"
									},
									"minecraft:emitter_shape_box": {
										"half_dimensions": [
											1,
											1,
											1
										],
										"direction": "outwards"
									},
									"minecraft:particle_lifetime_expression": {
										"max_lifetime": "math.random(6.0, 9.0)"
									},
									"minecraft:particle_initial_speed": 0,
									"minecraft:particle_motion_dynamic": {
										"linear_acceleration": [
											"variable.particle_random_3*0.85",
											-0.4,
											0
										]
									},
									"minecraft:particle_motion_parametric": {
										"rotation": "variable.particle_random_3 * 360 + (variable.particle_age * 100 * (variable.particle_random_2 - 0.5))"
									},
									"minecraft:particle_appearance_billboard": {
										"size": [
											"variable.particle_random_3 * 0.25 + 0.25",
											"variable.particle_random_3 * 0.25 + 0.25"
										],
										"facing_camera_mode": "lookat_xyz",
										"uv": {
											"texture_width": 16,
											"texture_height": 16,
											"uv": [
												0,
												0
											],
											"uv_size": [
												16,
												16
											]
										}
									},
									"minecraft:particle_motion_collision": {
										"enabled": "variable.particle_age > 1",
										"collision_radius": 0.1,
										"expire_on_contact": true
									},
									"minecraft:particle_appearance_tinting": {
										"color": [
											1,
											1,
											1,
											1
										]
									},
									"minecraft:particle_appearance_lighting": {}
								},
								"key": "minecraft:emitter_shape_box",
								"children": [
									{
										"open": {
											"half_dimensions": [
												1,
												1,
												1
											],
											"direction": "outwards"
										},
										"key": "half_dimensions",
										"is_minified": true,
										"children": [
											1,
											1,
											1
										]
									},
									{
										"open": {
											"half_dimensions": [
												1,
												1,
												1
											],
											"direction": "outwards"
										},
										"data": "outwards",
										"key": "direction"
									}
								]
							},
							{
								"open": {
									"minecraft:emitter_rate_steady": {
										"spawn_rate": 1,
										"max_particles": 2
									},
									"minecraft:emitter_lifetime_once": {
										"active_time": "math.random(4.0, 6.0)"
									},
									"minecraft:emitter_shape_box": {
										"half_dimensions": [
											1,
											1,
											1
										],
										"direction": "outwards"
									},
									"minecraft:particle_lifetime_expression": {
										"max_lifetime": "math.random(6.0, 9.0)"
									},
									"minecraft:particle_initial_speed": 0,
									"minecraft:particle_motion_dynamic": {
										"linear_acceleration": [
											"variable.particle_random_3*0.85",
											-0.4,
											0
										]
									},
									"minecraft:particle_motion_parametric": {
										"rotation": "variable.particle_random_3 * 360 + (variable.particle_age * 100 * (variable.particle_random_2 - 0.5))"
									},
									"minecraft:particle_appearance_billboard": {
										"size": [
											"variable.particle_random_3 * 0.25 + 0.25",
											"variable.particle_random_3 * 0.25 + 0.25"
										],
										"facing_camera_mode": "lookat_xyz",
										"uv": {
											"texture_width": 16,
											"texture_height": 16,
											"uv": [
												0,
												0
											],
											"uv_size": [
												16,
												16
											]
										}
									},
									"minecraft:particle_motion_collision": {
										"enabled": "variable.particle_age > 1",
										"collision_radius": 0.1,
										"expire_on_contact": true
									},
									"minecraft:particle_appearance_tinting": {
										"color": [
											1,
											1,
											1,
											1
										]
									},
									"minecraft:particle_appearance_lighting": {}
								},
								"key": "minecraft:particle_lifetime_expression",
								"is_minified": true,
								"children": {
									"max_lifetime": "math.random(6.0, 9.0)"
								}
							},
							{
								"data": "0",
								"key": "minecraft:particle_initial_speed"
							},
							{
								"open": {
									"minecraft:emitter_rate_steady": {
										"spawn_rate": 1,
										"max_particles": 2
									},
									"minecraft:emitter_lifetime_once": {
										"active_time": "math.random(4.0, 6.0)"
									},
									"minecraft:emitter_shape_box": {
										"half_dimensions": [
											1,
											1,
											1
										],
										"direction": "outwards"
									},
									"minecraft:particle_lifetime_expression": {
										"max_lifetime": "math.random(6.0, 9.0)"
									},
									"minecraft:particle_initial_speed": 0,
									"minecraft:particle_motion_dynamic": {
										"linear_acceleration": [
											"variable.particle_random_3*0.85",
											-0.4,
											0
										]
									},
									"minecraft:particle_motion_parametric": {
										"rotation": "variable.particle_random_3 * 360 + (variable.particle_age * 100 * (variable.particle_random_2 - 0.5))"
									},
									"minecraft:particle_appearance_billboard": {
										"size": [
											"variable.particle_random_3 * 0.25 + 0.25",
											"variable.particle_random_3 * 0.25 + 0.25"
										],
										"facing_camera_mode": "lookat_xyz",
										"uv": {
											"texture_width": 16,
											"texture_height": 16,
											"uv": [
												0,
												0
											],
											"uv_size": [
												16,
												16
											]
										}
									},
									"minecraft:particle_motion_collision": {
										"enabled": "variable.particle_age > 1",
										"collision_radius": 0.1,
										"expire_on_contact": true
									},
									"minecraft:particle_appearance_tinting": {
										"color": [
											1,
											1,
											1,
											1
										]
									},
									"minecraft:particle_appearance_lighting": {}
								},
								"key": "minecraft:particle_motion_dynamic",
								"children": [
									{
										"open": {
											"linear_acceleration": [
												"variable.particle_random_3*0.85",
												-0.4,
												0
											]
										},
										"key": "linear_acceleration",
										"is_minified": true,
										"children": [
											"variable.particle_random_3*0.85",
											-0.4,
											0
										]
									}
								]
							},
							{
								"open": {
									"minecraft:emitter_rate_steady": {
										"spawn_rate": 1,
										"max_particles": 2
									},
									"minecraft:emitter_lifetime_once": {
										"active_time": "math.random(4.0, 6.0)"
									},
									"minecraft:emitter_shape_box": {
										"half_dimensions": [
											1,
											1,
											1
										],
										"direction": "outwards"
									},
									"minecraft:particle_lifetime_expression": {
										"max_lifetime": "math.random(6.0, 9.0)"
									},
									"minecraft:particle_initial_speed": 0,
									"minecraft:particle_motion_dynamic": {
										"linear_acceleration": [
											"variable.particle_random_3*0.85",
											-0.4,
											0
										]
									},
									"minecraft:particle_motion_parametric": {
										"rotation": "variable.particle_random_3 * 360 + (variable.particle_age * 100 * (variable.particle_random_2 - 0.5))"
									},
									"minecraft:particle_appearance_billboard": {
										"size": [
											"variable.particle_random_3 * 0.25 + 0.25",
											"variable.particle_random_3 * 0.25 + 0.25"
										],
										"facing_camera_mode": "lookat_xyz",
										"uv": {
											"texture_width": 16,
											"texture_height": 16,
											"uv": [
												0,
												0
											],
											"uv_size": [
												16,
												16
											]
										}
									},
									"minecraft:particle_motion_collision": {
										"enabled": "variable.particle_age > 1",
										"collision_radius": 0.1,
										"expire_on_contact": true
									},
									"minecraft:particle_appearance_tinting": {
										"color": [
											1,
											1,
											1,
											1
										]
									},
									"minecraft:particle_appearance_lighting": {}
								},
								"key": "minecraft:particle_motion_parametric",
								"is_minified": true,
								"children": {
									"rotation": "variable.particle_random_3 * 360 + (variable.particle_age * 100 * (variable.particle_random_2 - 0.5))"
								}
							},
							{
								"open": {
									"minecraft:emitter_rate_steady": {
										"spawn_rate": 1,
										"max_particles": 2
									},
									"minecraft:emitter_lifetime_once": {
										"active_time": "math.random(4.0, 6.0)"
									},
									"minecraft:emitter_shape_box": {
										"half_dimensions": [
											1,
											1,
											1
										],
										"direction": "outwards"
									},
									"minecraft:particle_lifetime_expression": {
										"max_lifetime": "math.random(6.0, 9.0)"
									},
									"minecraft:particle_initial_speed": 0,
									"minecraft:particle_motion_dynamic": {
										"linear_acceleration": [
											"variable.particle_random_3*0.85",
											-0.4,
											0
										]
									},
									"minecraft:particle_motion_parametric": {
										"rotation": "variable.particle_random_3 * 360 + (variable.particle_age * 100 * (variable.particle_random_2 - 0.5))"
									},
									"minecraft:particle_appearance_billboard": {
										"size": [
											"variable.particle_random_3 * 0.25 + 0.25",
											"variable.particle_random_3 * 0.25 + 0.25"
										],
										"facing_camera_mode": "lookat_xyz",
										"uv": {
											"texture_width": 16,
											"texture_height": 16,
											"uv": [
												0,
												0
											],
											"uv_size": [
												16,
												16
											]
										}
									},
									"minecraft:particle_motion_collision": {
										"enabled": "variable.particle_age > 1",
										"collision_radius": 0.1,
										"expire_on_contact": true
									},
									"minecraft:particle_appearance_tinting": {
										"color": [
											1,
											1,
											1,
											1
										]
									},
									"minecraft:particle_appearance_lighting": {}
								},
								"key": "minecraft:particle_appearance_billboard",
								"is_minified": true,
								"children": {
									"size": [
										"variable.particle_random_3 * 0.25 + 0.25",
										"variable.particle_random_3 * 0.25 + 0.25"
									],
									"facing_camera_mode": "lookat_xyz",
									"uv": {
										"texture_width": 16,
										"texture_height": 16,
										"uv": [
											0,
											0
										],
										"uv_size": [
											16,
											16
										]
									}
								}
							},
							{
								"open": {
									"minecraft:emitter_rate_steady": {
										"spawn_rate": 1,
										"max_particles": 2
									},
									"minecraft:emitter_lifetime_once": {
										"active_time": "math.random(4.0, 6.0)"
									},
									"minecraft:emitter_shape_box": {
										"half_dimensions": [
											1,
											1,
											1
										],
										"direction": "outwards"
									},
									"minecraft:particle_lifetime_expression": {
										"max_lifetime": "math.random(6.0, 9.0)"
									},
									"minecraft:particle_initial_speed": 0,
									"minecraft:particle_motion_dynamic": {
										"linear_acceleration": [
											"variable.particle_random_3*0.85",
											-0.4,
											0
										]
									},
									"minecraft:particle_motion_parametric": {
										"rotation": "variable.particle_random_3 * 360 + (variable.particle_age * 100 * (variable.particle_random_2 - 0.5))"
									},
									"minecraft:particle_appearance_billboard": {
										"size": [
											"variable.particle_random_3 * 0.25 + 0.25",
											"variable.particle_random_3 * 0.25 + 0.25"
										],
										"facing_camera_mode": "lookat_xyz",
										"uv": {
											"texture_width": 16,
											"texture_height": 16,
											"uv": [
												0,
												0
											],
											"uv_size": [
												16,
												16
											]
										}
									},
									"minecraft:particle_motion_collision": {
										"enabled": "variable.particle_age > 1",
										"collision_radius": 0.1,
										"expire_on_contact": true
									},
									"minecraft:particle_appearance_tinting": {
										"color": [
											1,
											1,
											1,
											1
										]
									},
									"minecraft:particle_appearance_lighting": {}
								},
								"key": "minecraft:particle_motion_collision",
								"is_minified": true,
								"children": {
									"enabled": "variable.particle_age > 1",
									"collision_radius": 0.1,
									"expire_on_contact": true
								}
							},
							{
								"open": {
									"minecraft:emitter_rate_steady": {
										"spawn_rate": 1,
										"max_particles": 2
									},
									"minecraft:emitter_lifetime_once": {
										"active_time": "math.random(4.0, 6.0)"
									},
									"minecraft:emitter_shape_box": {
										"half_dimensions": [
											1,
											1,
											1
										],
										"direction": "outwards"
									},
									"minecraft:particle_lifetime_expression": {
										"max_lifetime": "math.random(6.0, 9.0)"
									},
									"minecraft:particle_initial_speed": 0,
									"minecraft:particle_motion_dynamic": {
										"linear_acceleration": [
											"variable.particle_random_3*0.85",
											-0.4,
											0
										]
									},
									"minecraft:particle_motion_parametric": {
										"rotation": "variable.particle_random_3 * 360 + (variable.particle_age * 100 * (variable.particle_random_2 - 0.5))"
									},
									"minecraft:particle_appearance_billboard": {
										"size": [
											"variable.particle_random_3 * 0.25 + 0.25",
											"variable.particle_random_3 * 0.25 + 0.25"
										],
										"facing_camera_mode": "lookat_xyz",
										"uv": {
											"texture_width": 16,
											"texture_height": 16,
											"uv": [
												0,
												0
											],
											"uv_size": [
												16,
												16
											]
										}
									},
									"minecraft:particle_motion_collision": {
										"enabled": "variable.particle_age > 1",
										"collision_radius": 0.1,
										"expire_on_contact": true
									},
									"minecraft:particle_appearance_tinting": {
										"color": [
											1,
											1,
											1,
											1
										]
									},
									"minecraft:particle_appearance_lighting": {}
								},
								"key": "minecraft:particle_appearance_tinting",
								"children": [
									{
										"open": {
											"color": [
												1,
												1,
												1,
												1
											]
										},
										"key": "color",
										"is_minified": true,
										"children": [
											1,
											1,
											1,
											1
										]
									}
								]
							},
							{
								"open": {
									"minecraft:emitter_rate_steady": {
										"spawn_rate": 1,
										"max_particles": 2
									},
									"minecraft:emitter_lifetime_once": {
										"active_time": "math.random(4.0, 6.0)"
									},
									"minecraft:emitter_shape_box": {
										"half_dimensions": [
											1,
											1,
											1
										],
										"direction": "outwards"
									},
									"minecraft:particle_lifetime_expression": {
										"max_lifetime": "math.random(6.0, 9.0)"
									},
									"minecraft:particle_initial_speed": 0,
									"minecraft:particle_motion_dynamic": {
										"linear_acceleration": [
											"variable.particle_random_3*0.85",
											-0.4,
											0
										]
									},
									"minecraft:particle_motion_parametric": {
										"rotation": "variable.particle_random_3 * 360 + (variable.particle_age * 100 * (variable.particle_random_2 - 0.5))"
									},
									"minecraft:particle_appearance_billboard": {
										"size": [
											"variable.particle_random_3 * 0.25 + 0.25",
											"variable.particle_random_3 * 0.25 + 0.25"
										],
										"facing_camera_mode": "lookat_xyz",
										"uv": {
											"texture_width": 16,
											"texture_height": 16,
											"uv": [
												0,
												0
											],
											"uv_size": [
												16,
												16
											]
										}
									},
									"minecraft:particle_motion_collision": {
										"enabled": "variable.particle_age > 1",
										"collision_radius": 0.1,
										"expire_on_contact": true
									},
									"minecraft:particle_appearance_tinting": {
										"color": [
											1,
											1,
											1,
											1
										]
									},
									"minecraft:particle_appearance_lighting": {}
								},
								"key": "minecraft:particle_appearance_lighting",
								"is_minified": true,
								"children": {}
							}
						]
					}
				]
			}
		]
	}
}