{
	"file_path": "C:\\Users\\chupi\\AppData\\Local\\Packages\\Microsoft.MinecraftUWP_8wekyb3d8bbwe\\LocalState\\games\\com.mojang\\development_resource_packs\\Ultra Farming\\particles\\water_drip_2.json",
	"file_type": "particle",
	"format_version": 1,
	"file_uuid": "2e373c47_4c2b_4984_9884_43d02e3c8bfa",
	"file_version": 44,
	"cache_content": {
		"children": [
			{
				"data": "1.10.0",
				"key": "format_version"
			},
			{
				"open": {
					"format_version": "1.10.0",
					"particle_effect": {
						"description": {
							"identifier": "mc:water_drip_particle_2",
							"basic_render_parameters": {
								"material": "particles_alpha",
								"texture": "textures/particle/particles"
							}
						},
						"events": {
							"splash": {
								"particle_effect": {
									"effect": "minecraft:rain_splash_particle",
									"type": "particle"
								}
							}
						},
						"components": {
							"minecraft:emitter_shape_point": {
								"direction": [
									"Math.random(-0.1, 0.1)",
									"Math.random(0.1, 1.0)",
									"Math.random(-0.1, 0.1)"
								],
								"offset": [
									-0.1,
									-0.75,
									-0.2
								]
							},
							"minecraft:emitter_rate_manual": {
								"max_particles": 40
							},
							"minecraft:emitter_lifetime_expression": {
								"activation_expression": 1,
								"expiration_expression": 0
							},
							"minecraft:particle_initialization": {
								"per_update_expression": "variable.stuck_time = 0.2;",
								"per_render_expression": "variable.stuck_time = 0.2;"
							},
							"minecraft:particle_initial_speed": 12,
							"minecraft:particle_lifetime_expression": {
								"max_lifetime": 3
							},
							"minecraft:particle_motion_dynamic": {
								"linear_acceleration": [
									"(variable.particle_random_1 * 5.0 - 2.5)",
									-15,
									"(variable.particle_random_2 * 5.0 - 2.5)"
								]
							},
							"minecraft:particle_motion_collision": {
								"expire_on_contact": true,
								"collision_radius": 0.01,
								"events": [
									{
										"event": "splash",
										"min_speed": 0.5
									}
								]
							},
							"minecraft:particle_appearance_billboard": {
								"size": [
									0.15,
									0.15
								],
								"facing_camera_mode": "lookat_xyz",
								"uv": {
									"texture_width": 128,
									"texture_height": 128,
									"uv": [
										8,
										56
									],
									"uv_size": [
										8,
										8
									]
								}
							},
							"minecraft:particle_appearance_tinting": {
								"color": [
									0.2,
									0.3,
									1
								]
							}
						}
					}
				},
				"key": "particle_effect",
				"children": [
					{
						"key": "description",
						"is_minified": true,
						"children": {
							"identifier": "mc:water_drip_particle_2",
							"basic_render_parameters": {
								"material": "particles_alpha",
								"texture": "textures/particle/particles"
							}
						}
					},
					{
						"key": "events",
						"is_minified": true,
						"children": {
							"splash": {
								"particle_effect": {
									"effect": "minecraft:rain_splash_particle",
									"type": "particle"
								}
							}
						}
					},
					{
						"open": {
							"description": {
								"identifier": "mc:water_drip_particle_2",
								"basic_render_parameters": {
									"material": "particles_alpha",
									"texture": "textures/particle/particles"
								}
							},
							"events": {
								"splash": {
									"particle_effect": {
										"effect": "minecraft:rain_splash_particle",
										"type": "particle"
									}
								}
							},
							"components": {
								"minecraft:emitter_shape_point": {
									"direction": [
										"Math.random(-0.1, 0.1)",
										"Math.random(0.1, 1.0)",
										"Math.random(-0.1, 0.1)"
									],
									"offset": [
										-0.1,
										-0.75,
										-0.2
									]
								},
								"minecraft:emitter_rate_manual": {
									"max_particles": 40
								},
								"minecraft:emitter_lifetime_expression": {
									"activation_expression": 1,
									"expiration_expression": 0
								},
								"minecraft:particle_initialization": {
									"per_update_expression": "variable.stuck_time = 0.2;",
									"per_render_expression": "variable.stuck_time = 0.2;"
								},
								"minecraft:particle_initial_speed": 12,
								"minecraft:particle_lifetime_expression": {
									"max_lifetime": 3
								},
								"minecraft:particle_motion_dynamic": {
									"linear_acceleration": [
										"(variable.particle_random_1 * 5.0 - 2.5)",
										-15,
										"(variable.particle_random_2 * 5.0 - 2.5)"
									]
								},
								"minecraft:particle_motion_collision": {
									"expire_on_contact": true,
									"collision_radius": 0.01,
									"events": [
										{
											"event": "splash",
											"min_speed": 0.5
										}
									]
								},
								"minecraft:particle_appearance_billboard": {
									"size": [
										0.15,
										0.15
									],
									"facing_camera_mode": "lookat_xyz",
									"uv": {
										"texture_width": 128,
										"texture_height": 128,
										"uv": [
											8,
											56
										],
										"uv_size": [
											8,
											8
										]
									}
								},
								"minecraft:particle_appearance_tinting": {
									"color": [
										0.2,
										0.3,
										1
									]
								}
							}
						},
						"key": "components",
						"is_minified": true,
						"children": {
							"minecraft:emitter_shape_point": {
								"direction": [
									"Math.random(-0.1, 0.1)",
									"Math.random(0.1, 1.0)",
									"Math.random(-0.1, 0.1)"
								],
								"offset": [
									-0.1,
									-0.75,
									-0.2
								]
							},
							"minecraft:emitter_rate_manual": {
								"max_particles": 40
							},
							"minecraft:emitter_lifetime_expression": {
								"activation_expression": 1,
								"expiration_expression": 0
							},
							"minecraft:particle_initialization": {
								"per_update_expression": "variable.stuck_time = 0.2;",
								"per_render_expression": "variable.stuck_time = 0.2;"
							},
							"minecraft:particle_initial_speed": 12,
							"minecraft:particle_lifetime_expression": {
								"max_lifetime": 3
							},
							"minecraft:particle_motion_dynamic": {
								"linear_acceleration": [
									"(variable.particle_random_1 * 5.0 - 2.5)",
									-15,
									"(variable.particle_random_2 * 5.0 - 2.5)"
								]
							},
							"minecraft:particle_motion_collision": {
								"expire_on_contact": true,
								"collision_radius": 0.01,
								"events": [
									{
										"event": "splash",
										"min_speed": 0.5
									}
								]
							},
							"minecraft:particle_appearance_billboard": {
								"size": [
									0.15,
									0.15
								],
								"facing_camera_mode": "lookat_xyz",
								"uv": {
									"texture_width": 128,
									"texture_height": 128,
									"uv": [
										8,
										56
									],
									"uv_size": [
										8,
										8
									]
								}
							},
							"minecraft:particle_appearance_tinting": {
								"color": [
									0.2,
									0.3,
									1
								]
							}
						}
					}
				]
			}
		]
	}
}