{
	"file_path": "C:\\Users\\chupi\\AppData\\Local\\Packages\\Microsoft.MinecraftUWP_8wekyb3d8bbwe\\LocalState\\games\\com.mojang\\development_behavior_packs\\Ultra Farming Addon\\recipes\\botany_table.json",
	"file_type": "recipe",
	"format_version": 1,
	"file_uuid": "2847c7c1_524b_4d5d_ae0a_8b4ac3d2424f",
	"file_version": 28,
	"cache_content": {
		"children": [
			{
				"data": "1.12",
				"key": "format_version"
			},
			{
				"open": {
					"format_version": 1.12,
					"minecraft:recipe_shaped": {
						"description": {
							"identifier": "uf:botany_table_recipe"
						},
						"tags": [
							"crafting_table"
						],
						"pattern": [
							"AB"
						],
						"key": {
							"A": {
								"item": "minecraft:crafting_table"
							},
							"B": {
								"item": "minecraft:water_bucket"
							}
						},
						"result": {
							"item": "uf:botany_table_item",
							"count": 1
						}
					}
				},
				"key": "minecraft:recipe_shaped",
				"children": [
					{
						"open": {
							"description": {
								"identifier": "uf:botany_table_recipe"
							},
							"tags": [
								"crafting_table"
							],
							"pattern": [
								"AB"
							],
							"key": {
								"A": {
									"item": "minecraft:crafting_table"
								},
								"B": {
									"item": "minecraft:water_bucket"
								}
							},
							"result": {
								"item": "uf:botany_table_item",
								"count": 1
							}
						},
						"key": "description",
						"is_minified": true,
						"children": {
							"identifier": "uf:botany_table_recipe"
						}
					},
					{
						"open": {
							"description": {
								"identifier": "uf:botany_table_recipe"
							},
							"tags": [
								"crafting_table"
							],
							"pattern": [
								"AB"
							],
							"key": {
								"A": {
									"item": "minecraft:crafting_table"
								},
								"B": {
									"item": "minecraft:water_bucket"
								}
							},
							"result": {
								"item": "uf:botany_table_item",
								"count": 1
							}
						},
						"key": "tags",
						"is_minified": true,
						"children": [
							"crafting_table"
						]
					},
					{
						"open": {
							"description": {
								"identifier": "uf:botany_table_recipe"
							},
							"tags": [
								"crafting_table"
							],
							"pattern": [
								"AB"
							],
							"key": {
								"A": {
									"item": "minecraft:crafting_table"
								},
								"B": {
									"item": "minecraft:water_bucket"
								}
							},
							"result": {
								"item": "uf:botany_table_item",
								"count": 1
							}
						},
						"key": "pattern",
						"is_minified": true,
						"children": [
							"AB"
						]
					},
					{
						"open": {
							"description": {
								"identifier": "uf:botany_table_recipe"
							},
							"tags": [
								"crafting_table"
							],
							"pattern": [
								"AB"
							],
							"key": {
								"A": {
									"item": "minecraft:crafting_table"
								},
								"B": {
									"item": "minecraft:water_bucket"
								}
							},
							"result": {
								"item": "uf:botany_table_item",
								"count": 1
							}
						},
						"key": "key",
						"children": [
							{
								"open": {
									"A": {
										"item": "minecraft:crafting_table"
									},
									"B": {
										"item": "minecraft:water_bucket"
									}
								},
								"key": "A",
								"is_minified": true,
								"children": {
									"item": "minecraft:crafting_table"
								}
							},
							{
								"open": {
									"A": {
										"item": "minecraft:crafting_table"
									},
									"B": {
										"item": "minecraft:water_bucket"
									}
								},
								"key": "B",
								"is_minified": true,
								"children": {
									"item": "minecraft:water_bucket"
								}
							}
						]
					},
					{
						"open": {
							"description": {
								"identifier": "uf:botany_table_recipe"
							},
							"tags": [
								"crafting_table"
							],
							"pattern": [
								"AB"
							],
							"key": {
								"A": {
									"item": "minecraft:crafting_table"
								},
								"B": {
									"item": "minecraft:water_bucket"
								}
							},
							"result": {
								"item": "uf:botany_table_item",
								"count": 1
							}
						},
						"key": "result",
						"is_minified": true,
						"children": {
							"item": "uf:botany_table_item",
							"count": 1
						}
					}
				]
			}
		]
	}
}