{
	"file_path": "C:\\Users\\chupi\\AppData\\Local\\Packages\\Microsoft.MinecraftUWP_8wekyb3d8bbwe\\LocalState\\games\\com.mojang\\development_behavior_packs\\Ultra Farming Addon\\recipes\\cherry_tree_sapling.json",
	"file_type": "recipe",
	"format_version": 1,
	"file_uuid": "fa4abb9a_8860_4262_a70f_a265e9f2daaa",
	"file_version": 26,
	"cache_content": {
		"children": [
			{
				"data": "1.12",
				"key": "format_version"
			},
			{
				"open": {
					"format_version": 1.12,
					"minecraft:recipe_shaped": {
						"description": {
							"identifier": "minecraft:cherry_tree_sapling_r"
						},
						"tags": [
							"botany_table"
						],
						"pattern": [
							"BAB"
						],
						"key": {
							"B": {
								"item": "minecraft:apple"
							},
							"A": {
								"item": "minecraft:sapling",
								"data": 0
							}
						},
						"result": {
							"item": "uf:cherry_tree_sapling_item",
							"count": 2
						}
					}
				},
				"key": "minecraft:recipe_shaped",
				"children": [
					{
						"open": {
							"description": {
								"identifier": "minecraft:cherry_tree_sapling_r"
							},
							"tags": [
								"botany_table"
							],
							"pattern": [
								"BAB"
							],
							"key": {
								"B": {
									"item": "minecraft:apple"
								},
								"A": {
									"item": "minecraft:sapling",
									"data": 0
								}
							},
							"result": {
								"item": "uf:cherry_tree_sapling_item",
								"count": 2
							}
						},
						"key": "description",
						"is_minified": true,
						"children": {
							"identifier": "minecraft:cherry_tree_sapling_r"
						}
					},
					{
						"open": {
							"description": {
								"identifier": "minecraft:cherry_tree_sapling_r"
							},
							"tags": [
								"botany_table"
							],
							"pattern": [
								"BAB"
							],
							"key": {
								"B": {
									"item": "minecraft:apple"
								},
								"A": {
									"item": "minecraft:sapling",
									"data": 0
								}
							},
							"result": {
								"item": "uf:cherry_tree_sapling_item",
								"count": 2
							}
						},
						"key": "tags",
						"is_minified": true,
						"children": [
							"botany_table"
						]
					},
					{
						"open": {
							"description": {
								"identifier": "minecraft:cherry_tree_sapling_r"
							},
							"tags": [
								"botany_table"
							],
							"pattern": [
								"BAB"
							],
							"key": {
								"B": {
									"item": "minecraft:apple"
								},
								"A": {
									"item": "minecraft:sapling",
									"data": 0
								}
							},
							"result": {
								"item": "uf:cherry_tree_sapling_item",
								"count": 2
							}
						},
						"key": "pattern",
						"is_minified": true,
						"children": [
							"BAB"
						]
					},
					{
						"open": {
							"description": {
								"identifier": "minecraft:cherry_tree_sapling_r"
							},
							"tags": [
								"botany_table"
							],
							"pattern": [
								"BAB"
							],
							"key": {
								"B": {
									"item": "minecraft:apple"
								},
								"A": {
									"item": "minecraft:sapling",
									"data": 0
								}
							},
							"result": {
								"item": "uf:cherry_tree_sapling_item",
								"count": 2
							}
						},
						"key": "key",
						"children": [
							{
								"open": {
									"B": {
										"item": "minecraft:apple"
									},
									"A": {
										"item": "minecraft:sapling",
										"data": 0
									}
								},
								"key": "B",
								"is_minified": true,
								"children": {
									"item": "minecraft:apple"
								}
							},
							{
								"open": {
									"B": {
										"item": "minecraft:apple"
									},
									"A": {
										"item": "minecraft:sapling",
										"data": 0
									}
								},
								"key": "A",
								"is_minified": true,
								"children": {
									"item": "minecraft:sapling",
									"data": 0
								}
							}
						]
					},
					{
						"open": {
							"description": {
								"identifier": "minecraft:cherry_tree_sapling_r"
							},
							"tags": [
								"botany_table"
							],
							"pattern": [
								"BAB"
							],
							"key": {
								"B": {
									"item": "minecraft:apple"
								},
								"A": {
									"item": "minecraft:sapling",
									"data": 0
								}
							},
							"result": {
								"item": "uf:cherry_tree_sapling_item",
								"count": 2
							}
						},
						"key": "result",
						"is_minified": true,
						"children": {
							"item": "uf:cherry_tree_sapling_item",
							"count": 2
						}
					}
				]
			}
		]
	}
}