{
	"file_path": "C:\\Users\\chupi\\AppData\\Local\\Packages\\Microsoft.MinecraftUWP_8wekyb3d8bbwe\\LocalState\\games\\com.mojang\\development_behavior_packs\\Ultra Farming Addon\\recipes\\cob.json",
	"file_type": "recipe",
	"format_version": 1,
	"file_uuid": "603c4289_c08d_4147_a23e_2a9aea7d1a2f",
	"file_version": 2,
	"cache_content": {
		"children": [
			{
				"data": "1.17.0",
				"key": "format_version"
			},
			{
				"open": {
					"format_version": "1.17.0",
					"minecraft:recipe_furnace": {
						"description": {
							"identifier": "uf:cob_recipe"
						},
						"tags": [
							"furnace",
							"smoker"
						],
						"input": "uf:corn",
						"output": "uf:cob"
					}
				},
				"key": "minecraft:recipe_furnace",
				"children": [
					{
						"open": {
							"description": {
								"identifier": "uf:cob_recipe"
							},
							"tags": [
								"furnace",
								"smoker"
							],
							"input": "uf:corn",
							"output": "uf:cob"
						},
						"key": "description",
						"is_minified": true,
						"children": {
							"identifier": "uf:cob_recipe"
						}
					},
					{
						"open": {
							"description": {
								"identifier": "uf:cob_recipe"
							},
							"tags": [
								"furnace",
								"smoker"
							],
							"input": "uf:corn",
							"output": "uf:cob"
						},
						"key": "tags",
						"is_minified": true,
						"children": [
							"furnace",
							"smoker"
						]
					},
					{
						"open": {
							"description": {
								"identifier": "uf:cob_recipe"
							},
							"tags": [
								"furnace",
								"smoker"
							],
							"input": "uf:corn",
							"output": "uf:cob"
						},
						"data": "uf:corn",
						"key": "input"
					},
					{
						"open": {
							"description": {
								"identifier": "uf:cob_recipe"
							},
							"tags": [
								"furnace",
								"smoker"
							],
							"input": "uf:corn",
							"output": "uf:cob"
						},
						"data": "uf:cob",
						"key": "output"
					}
				]
			}
		]
	}
}