{
	"file_path": "C:\\Users\\chupi\\AppData\\Local\\Packages\\Microsoft.MinecraftUWP_8wekyb3d8bbwe\\LocalState\\games\\com.mojang\\development_behavior_packs\\Ultra Farming Addon\\recipes\\cooked_sausage.recipe.json",
	"file_type": "recipe",
	"format_version": 1,
	"file_uuid": "7e4d3eab_c2eb_4fa5_8664_30c735746f96",
	"file_version": 12,
	"cache_content": {
		"children": [
			{
				"data": "1.17.0",
				"key": "format_version"
			},
			{
				"open": {
					"format_version": "1.17.0",
					"minecraft:recipe_furnace": {
						"description": {
							"identifier": "uf:cooked_sausage_r"
						},
						"tags": [
							"furnace",
							"smoker"
						],
						"input": "uf:raw_sausages",
						"output": "uf:cooked_sausage"
					}
				},
				"key": "minecraft:recipe_furnace",
				"children": [
					{
						"open": {
							"description": {
								"identifier": "uf:cooked_sausage_r"
							},
							"tags": [
								"furnace",
								"smoker"
							],
							"input": "uf:raw_sausages",
							"output": "uf:cooked_sausage"
						},
						"key": "description",
						"is_minified": true,
						"children": {
							"identifier": "uf:cooked_sausage_r"
						}
					},
					{
						"open": {
							"description": {
								"identifier": "uf:cooked_sausage_r"
							},
							"tags": [
								"furnace",
								"smoker"
							],
							"input": "uf:raw_sausages",
							"output": "uf:cooked_sausage"
						},
						"key": "tags",
						"is_minified": true,
						"children": [
							"furnace",
							"smoker"
						]
					},
					{
						"open": {
							"description": {
								"identifier": "uf:cooked_sausage_r"
							},
							"tags": [
								"furnace",
								"smoker"
							],
							"input": "uf:raw_sausages",
							"output": "uf:cooked_sausage"
						},
						"data": "uf:raw_sausages",
						"key": "input"
					},
					{
						"open": {
							"description": {
								"identifier": "uf:cooked_sausage_r"
							},
							"tags": [
								"furnace",
								"smoker"
							],
							"input": "uf:raw_sausages",
							"output": "uf:cooked_sausage"
						},
						"data": "uf:cooked_sausage",
						"key": "output"
					}
				]
			}
		]
	}
}