{
	"file_path": "C:\\Users\\chupi\\AppData\\Local\\Packages\\Microsoft.MinecraftUWP_8wekyb3d8bbwe\\LocalState\\games\\com.mojang\\development_behavior_packs\\Ultra Farming Addon\\recipes\\cooked_chicken_foot.recipe.json",
	"file_type": "recipe",
	"format_version": 1,
	"file_uuid": "83605099_668a_4817_8700_418fdb8694d1",
	"file_version": 11,
	"cache_content": {
		"children": [
			{
				"data": "1.17.0",
				"key": "format_version"
			},
			{
				"open": {
					"format_version": "1.17.0",
					"minecraft:recipe_furnace": {
						"description": {
							"identifier": "uf:cooked_chicken_foot_r"
						},
						"tags": [
							"furnace",
							"smoker"
						],
						"input": "uf:raw_chicken_foot",
						"output": "uf:cooked_chicken_foot"
					}
				},
				"key": "minecraft:recipe_furnace",
				"children": [
					{
						"open": {
							"description": {
								"identifier": "uf:cooked_chicken_foot_r"
							},
							"tags": [
								"furnace",
								"smoker"
							],
							"input": "uf:raw_chicken_foot",
							"output": "uf:cooked_chicken_foot"
						},
						"key": "description",
						"is_minified": true,
						"children": {
							"identifier": "uf:cooked_chicken_foot_r"
						}
					},
					{
						"open": {
							"description": {
								"identifier": "uf:cooked_chicken_foot_r"
							},
							"tags": [
								"furnace",
								"smoker"
							],
							"input": "uf:raw_chicken_foot",
							"output": "uf:cooked_chicken_foot"
						},
						"key": "tags",
						"is_minified": true,
						"children": [
							"furnace",
							"smoker"
						]
					},
					{
						"open": {
							"description": {
								"identifier": "uf:cooked_chicken_foot_r"
							},
							"tags": [
								"furnace",
								"smoker"
							],
							"input": "uf:raw_chicken_foot",
							"output": "uf:cooked_chicken_foot"
						},
						"data": "uf:raw_chicken_foot",
						"key": "input"
					},
					{
						"open": {
							"description": {
								"identifier": "uf:cooked_chicken_foot_r"
							},
							"tags": [
								"furnace",
								"smoker"
							],
							"input": "uf:raw_chicken_foot",
							"output": "uf:cooked_chicken_foot"
						},
						"data": "uf:cooked_chicken_foot",
						"key": "output"
					}
				]
			}
		]
	}
}