{
	"file_path": "C:\\Users\\chupi\\AppData\\Local\\Packages\\Microsoft.MinecraftUWP_8wekyb3d8bbwe\\LocalState\\games\\com.mojang\\development_behavior_packs\\Ultra Farming Addon\\recipes\\corn_sushi.recipe.json",
	"file_type": "recipe",
	"format_version": 1,
	"file_uuid": "dd729f0c_65fd_43c5_ad12_63e4a306ec4c",
	"file_version": 4,
	"cache_content": {
		"children": [
			{
				"data": "1.12",
				"key": "format_version"
			},
			{
				"open": {
					"format_version": 1.12,
					"minecraft:recipe_shaped": {
						"tags": [
							"crafting_table"
						],
						"pattern": [
							"#i ",
							"P  "
						],
						"key": {
							"#": {
								"item": "uf:cooked_rice"
							},
							"P": {
								"item": "uf:corn"
							},
							"i": {
								"item": "minecraft:dried_kelp"
							}
						},
						"result": {
							"item": "uf:corn_sushi",
							"count": 2
						},
						"description": {
							"identifier": "uf:corn_sushi_r"
						}
					}
				},
				"key": "minecraft:recipe_shaped",
				"children": [
					{
						"open": {
							"tags": [
								"crafting_table"
							],
							"pattern": [
								"#i ",
								"P  "
							],
							"key": {
								"#": {
									"item": "uf:cooked_rice"
								},
								"P": {
									"item": "uf:corn"
								},
								"i": {
									"item": "minecraft:dried_kelp"
								}
							},
							"result": {
								"item": "uf:corn_sushi",
								"count": 2
							},
							"description": {
								"identifier": "uf:corn_sushi_r"
							}
						},
						"key": "tags",
						"is_minified": true,
						"children": [
							"crafting_table"
						]
					},
					{
						"open": {
							"tags": [
								"crafting_table"
							],
							"pattern": [
								"#i ",
								"P  "
							],
							"key": {
								"#": {
									"item": "uf:cooked_rice"
								},
								"P": {
									"item": "uf:corn"
								},
								"i": {
									"item": "minecraft:dried_kelp"
								}
							},
							"result": {
								"item": "uf:corn_sushi",
								"count": 2
							},
							"description": {
								"identifier": "uf:corn_sushi_r"
							}
						},
						"key": "pattern",
						"is_minified": true,
						"children": [
							"#i ",
							"P  "
						]
					},
					{
						"open": {
							"tags": [
								"crafting_table"
							],
							"pattern": [
								"#i ",
								"P  "
							],
							"key": {
								"#": {
									"item": "uf:cooked_rice"
								},
								"P": {
									"item": "uf:corn"
								},
								"i": {
									"item": "minecraft:dried_kelp"
								}
							},
							"result": {
								"item": "uf:corn_sushi",
								"count": 2
							},
							"description": {
								"identifier": "uf:corn_sushi_r"
							}
						},
						"key": "key",
						"children": [
							{
								"open": {
									"#": {
										"item": "uf:cooked_rice"
									},
									"P": {
										"item": "uf:corn"
									},
									"i": {
										"item": "minecraft:dried_kelp"
									}
								},
								"key": "#",
								"is_minified": true,
								"children": {
									"item": "uf:cooked_rice"
								}
							},
							{
								"open": {
									"#": {
										"item": "uf:cooked_rice"
									},
									"P": {
										"item": "uf:corn"
									},
									"i": {
										"item": "minecraft:dried_kelp"
									}
								},
								"key": "P",
								"is_minified": true,
								"children": {
									"item": "uf:corn"
								}
							},
							{
								"open": {
									"#": {
										"item": "uf:cooked_rice"
									},
									"P": {
										"item": "uf:corn"
									},
									"i": {
										"item": "minecraft:dried_kelp"
									}
								},
								"key": "i",
								"is_minified": true,
								"children": {
									"item": "minecraft:dried_kelp"
								}
							}
						]
					},
					{
						"open": {
							"tags": [
								"crafting_table"
							],
							"pattern": [
								"#i ",
								"P  "
							],
							"key": {
								"#": {
									"item": "uf:cooked_rice"
								},
								"P": {
									"item": "uf:corn"
								},
								"i": {
									"item": "minecraft:dried_kelp"
								}
							},
							"result": {
								"item": "uf:corn_sushi",
								"count": 2
							},
							"description": {
								"identifier": "uf:corn_sushi_r"
							}
						},
						"key": "result",
						"is_minified": true,
						"children": {
							"item": "uf:corn_sushi",
							"count": 2
						}
					},
					{
						"open": {
							"tags": [
								"crafting_table"
							],
							"pattern": [
								"#i ",
								"P  "
							],
							"key": {
								"#": {
									"item": "uf:cooked_rice"
								},
								"P": {
									"item": "uf:corn"
								},
								"i": {
									"item": "minecraft:dried_kelp"
								}
							},
							"result": {
								"item": "uf:corn_sushi",
								"count": 2
							},
							"description": {
								"identifier": "uf:corn_sushi_r"
							}
						},
						"key": "description",
						"is_minified": true,
						"children": {
							"identifier": "uf:corn_sushi_r"
						}
					}
				]
			}
		]
	}
}