{
	"file_path": "C:\\Users\\chupi\\AppData\\Local\\Packages\\Microsoft.MinecraftUWP_8wekyb3d8bbwe\\LocalState\\games\\com.mojang\\development_behavior_packs\\Ultra Farming Addon\\recipes\\cut_table.recipe.json",
	"file_type": "recipe",
	"format_version": 1,
	"file_uuid": "eb989cb7_8ee7_4ac8_b390_e5fb27ec862d",
	"file_version": 0,
	"cache_content": {
		"children": [
			{
				"data": "1.12",
				"key": "format_version"
			},
			{
				"open": {
					"format_version": 1.12,
					"minecraft:recipe_shaped": {
						"tags": [
							"crafting_table"
						],
						"pattern": [
							"iii"
						],
						"key": {
							"i": {
								"item": "minecraft:wooden_slab"
							}
						},
						"result": {
							"item": "uf:cut_table",
							"count": 1
						},
						"description": {
							"identifier": "uf:cut_table_r"
						}
					}
				},
				"key": "minecraft:recipe_shaped",
				"children": [
					{
						"open": {
							"tags": [
								"crafting_table"
							],
							"pattern": [
								"iii"
							],
							"key": {
								"i": {
									"item": "minecraft:wooden_slab"
								}
							},
							"result": {
								"item": "uf:cut_table",
								"count": 1
							},
							"description": {
								"identifier": "uf:cut_table_r"
							}
						},
						"key": "tags",
						"is_minified": true,
						"children": [
							"crafting_table"
						]
					},
					{
						"open": {
							"tags": [
								"crafting_table"
							],
							"pattern": [
								"iii"
							],
							"key": {
								"i": {
									"item": "minecraft:wooden_slab"
								}
							},
							"result": {
								"item": "uf:cut_table",
								"count": 1
							},
							"description": {
								"identifier": "uf:cut_table_r"
							}
						},
						"key": "pattern",
						"is_minified": true,
						"children": [
							"iii"
						]
					},
					{
						"open": {
							"tags": [
								"crafting_table"
							],
							"pattern": [
								"iii"
							],
							"key": {
								"i": {
									"item": "minecraft:wooden_slab"
								}
							},
							"result": {
								"item": "uf:cut_table",
								"count": 1
							},
							"description": {
								"identifier": "uf:cut_table_r"
							}
						},
						"key": "key",
						"children": [
							{
								"open": {
									"i": {
										"item": "minecraft:wooden_slab"
									}
								},
								"key": "i",
								"is_minified": true,
								"children": {
									"item": "minecraft:wooden_slab"
								}
							}
						]
					},
					{
						"open": {
							"tags": [
								"crafting_table"
							],
							"pattern": [
								"iii"
							],
							"key": {
								"i": {
									"item": "minecraft:wooden_slab"
								}
							},
							"result": {
								"item": "uf:cut_table",
								"count": 1
							},
							"description": {
								"identifier": "uf:cut_table_r"
							}
						},
						"key": "result",
						"is_minified": true,
						"children": {
							"item": "uf:cut_table",
							"count": 1
						}
					},
					{
						"open": {
							"tags": [
								"crafting_table"
							],
							"pattern": [
								"iii"
							],
							"key": {
								"i": {
									"item": "minecraft:wooden_slab"
								}
							},
							"result": {
								"item": "uf:cut_table",
								"count": 1
							},
							"description": {
								"identifier": "uf:cut_table_r"
							}
						},
						"key": "description",
						"is_minified": true,
						"children": {
							"identifier": "uf:cut_table_r"
						}
					}
				]
			}
		]
	}
}