{
	"file_path": "C:\\Users\\chupi\\AppData\\Local\\Packages\\Microsoft.MinecraftUWP_8wekyb3d8bbwe\\LocalState\\games\\com.mojang\\development_behavior_packs\\Ultra Farming Addon\\recipes\\knife_r.recipe.json",
	"file_type": "recipe",
	"format_version": 1,
	"file_uuid": "8fc7348a_eea0_4e48_86f7_f53346671b72",
	"file_version": 0,
	"cache_content": {
		"children": [
			{
				"data": "1.12",
				"key": "format_version"
			},
			{
				"open": {
					"format_version": 1.12,
					"minecraft:recipe_shaped": {
						"tags": [
							"crafting_table"
						],
						"pattern": [
							"##",
							"  P"
						],
						"key": {
							"#": {
								"item": "minecraft:iron_ingot"
							},
							"P": {
								"item": "minecraft:stick"
							}
						},
						"result": {
							"item": "uf:knife",
							"count": 1
						},
						"description": {
							"identifier": "uf:knife_r"
						}
					}
				},
				"key": "minecraft:recipe_shaped",
				"children": [
					{
						"open": {
							"tags": [
								"crafting_table"
							],
							"pattern": [
								"##",
								"  P"
							],
							"key": {
								"#": {
									"item": "minecraft:iron_ingot"
								},
								"P": {
									"item": "minecraft:stick"
								}
							},
							"result": {
								"item": "uf:knife",
								"count": 1
							},
							"description": {
								"identifier": "uf:knife_r"
							}
						},
						"key": "tags",
						"is_minified": true,
						"children": [
							"crafting_table"
						]
					},
					{
						"open": {
							"tags": [
								"crafting_table"
							],
							"pattern": [
								"##",
								"  P"
							],
							"key": {
								"#": {
									"item": "minecraft:iron_ingot"
								},
								"P": {
									"item": "minecraft:stick"
								}
							},
							"result": {
								"item": "uf:knife",
								"count": 1
							},
							"description": {
								"identifier": "uf:knife_r"
							}
						},
						"key": "pattern",
						"is_minified": true,
						"children": [
							"##",
							"  P"
						]
					},
					{
						"open": {
							"tags": [
								"crafting_table"
							],
							"pattern": [
								"##",
								"  P"
							],
							"key": {
								"#": {
									"item": "minecraft:iron_ingot"
								},
								"P": {
									"item": "minecraft:stick"
								}
							},
							"result": {
								"item": "uf:knife",
								"count": 1
							},
							"description": {
								"identifier": "uf:knife_r"
							}
						},
						"key": "key",
						"children": [
							{
								"open": {
									"#": {
										"item": "minecraft:iron_ingot"
									},
									"P": {
										"item": "minecraft:stick"
									}
								},
								"key": "#",
								"is_minified": true,
								"children": {
									"item": "minecraft:iron_ingot"
								}
							},
							{
								"open": {
									"#": {
										"item": "minecraft:iron_ingot"
									},
									"P": {
										"item": "minecraft:stick"
									}
								},
								"key": "P",
								"is_minified": true,
								"children": {
									"item": "minecraft:stick"
								}
							}
						]
					},
					{
						"open": {
							"tags": [
								"crafting_table"
							],
							"pattern": [
								"##",
								"  P"
							],
							"key": {
								"#": {
									"item": "minecraft:iron_ingot"
								},
								"P": {
									"item": "minecraft:stick"
								}
							},
							"result": {
								"item": "uf:knife",
								"count": 1
							},
							"description": {
								"identifier": "uf:knife_r"
							}
						},
						"key": "result",
						"is_minified": true,
						"children": {
							"item": "uf:knife",
							"count": 1
						}
					},
					{
						"open": {
							"tags": [
								"crafting_table"
							],
							"pattern": [
								"##",
								"  P"
							],
							"key": {
								"#": {
									"item": "minecraft:iron_ingot"
								},
								"P": {
									"item": "minecraft:stick"
								}
							},
							"result": {
								"item": "uf:knife",
								"count": 1
							},
							"description": {
								"identifier": "uf:knife_r"
							}
						},
						"key": "description",
						"is_minified": true,
						"children": {
							"identifier": "uf:knife_r"
						}
					}
				]
			}
		]
	}
}