{
	"file_path": "C:\\Users\\chupi\\AppData\\Local\\Packages\\Microsoft.MinecraftUWP_8wekyb3d8bbwe\\LocalState\\games\\com.mojang\\development_behavior_packs\\Ultra Farming Addon\\recipes\\noodles.recipe.json",
	"file_type": "recipe",
	"format_version": 1,
	"file_uuid": "777bd4ff_5101_49f7_97e4_5e917c22be78",
	"file_version": 9,
	"cache_content": {
		"children": [
			{
				"data": "1.12",
				"key": "format_version"
			},
			{
				"open": {
					"format_version": 1.12,
					"minecraft:recipe_shaped": {
						"tags": [
							"crafting_table"
						],
						"pattern": [
							"#i"
						],
						"key": {
							"#": {
								"item": "minecraft:wheat"
							},
							"i": {
								"item": "minecraft:egg"
							}
						},
						"result": {
							"item": "uf:noodles",
							"count": 1
						},
						"description": {
							"identifier": "uf:noodles_r"
						}
					}
				},
				"key": "minecraft:recipe_shaped",
				"children": [
					{
						"open": {
							"tags": [
								"crafting_table"
							],
							"pattern": [
								"#i"
							],
							"key": {
								"#": {
									"item": "minecraft:wheat"
								},
								"i": {
									"item": "minecraft:egg"
								}
							},
							"result": {
								"item": "uf:noodles",
								"count": 1
							},
							"description": {
								"identifier": "uf:noodles_r"
							}
						},
						"key": "tags",
						"is_minified": true,
						"children": [
							"crafting_table"
						]
					},
					{
						"open": {
							"tags": [
								"crafting_table"
							],
							"pattern": [
								"#i"
							],
							"key": {
								"#": {
									"item": "minecraft:wheat"
								},
								"i": {
									"item": "minecraft:egg"
								}
							},
							"result": {
								"item": "uf:noodles",
								"count": 1
							},
							"description": {
								"identifier": "uf:noodles_r"
							}
						},
						"key": "pattern",
						"is_minified": true,
						"children": [
							"#i"
						]
					},
					{
						"open": {
							"tags": [
								"crafting_table"
							],
							"pattern": [
								"#i"
							],
							"key": {
								"#": {
									"item": "minecraft:wheat"
								},
								"i": {
									"item": "minecraft:egg"
								}
							},
							"result": {
								"item": "uf:noodles",
								"count": 1
							},
							"description": {
								"identifier": "uf:noodles_r"
							}
						},
						"key": "key",
						"children": [
							{
								"open": {
									"#": {
										"item": "minecraft:wheat"
									},
									"i": {
										"item": "minecraft:egg"
									}
								},
								"key": "#",
								"is_minified": true,
								"children": {
									"item": "minecraft:wheat"
								}
							},
							{
								"open": {
									"#": {
										"item": "minecraft:wheat"
									},
									"i": {
										"item": "minecraft:egg"
									}
								},
								"key": "i",
								"is_minified": true,
								"children": {
									"item": "minecraft:egg"
								}
							}
						]
					},
					{
						"open": {
							"tags": [
								"crafting_table"
							],
							"pattern": [
								"#i"
							],
							"key": {
								"#": {
									"item": "minecraft:wheat"
								},
								"i": {
									"item": "minecraft:egg"
								}
							},
							"result": {
								"item": "uf:noodles",
								"count": 1
							},
							"description": {
								"identifier": "uf:noodles_r"
							}
						},
						"key": "result",
						"is_minified": true,
						"children": {
							"item": "uf:noodles",
							"count": 1
						}
					},
					{
						"open": {
							"tags": [
								"crafting_table"
							],
							"pattern": [
								"#i"
							],
							"key": {
								"#": {
									"item": "minecraft:wheat"
								},
								"i": {
									"item": "minecraft:egg"
								}
							},
							"result": {
								"item": "uf:noodles",
								"count": 1
							},
							"description": {
								"identifier": "uf:noodles_r"
							}
						},
						"key": "description",
						"is_minified": true,
						"children": {
							"identifier": "uf:noodles_r"
						}
					}
				]
			}
		]
	}
}