{
	"file_path": "C:\\Users\\chupi\\AppData\\Local\\Packages\\Microsoft.MinecraftUWP_8wekyb3d8bbwe\\LocalState\\games\\com.mojang\\development_behavior_packs\\Ultra Farming Addon\\recipes\\pepper_seeds.json",
	"file_type": "recipe",
	"format_version": 1,
	"file_uuid": "cc733a9e_c093_4fcd_8561_27ebe3be5a87",
	"file_version": 18,
	"cache_content": {
		"children": [
			{
				"data": "1.12",
				"key": "format_version"
			},
			{
				"open": {
					"format_version": 1.12,
					"minecraft:recipe_shaped": {
						"description": {
							"identifier": "minecraft:pepper_seeds_recipe"
						},
						"tags": [
							"botany_table"
						],
						"pattern": [
							"A"
						],
						"key": {
							"A": {
								"item": "minecraft:wheat_seeds"
							}
						},
						"result": {
							"item": "uf:pepper_crop_seeds",
							"count": 1
						}
					}
				},
				"key": "minecraft:recipe_shaped",
				"children": [
					{
						"open": {
							"description": {
								"identifier": "minecraft:pepper_seeds_recipe"
							},
							"tags": [
								"botany_table"
							],
							"pattern": [
								"A"
							],
							"key": {
								"A": {
									"item": "minecraft:wheat_seeds"
								}
							},
							"result": {
								"item": "uf:pepper_crop_seeds",
								"count": 1
							}
						},
						"key": "description",
						"is_minified": true,
						"children": {
							"identifier": "minecraft:pepper_seeds_recipe"
						}
					},
					{
						"open": {
							"description": {
								"identifier": "minecraft:pepper_seeds_recipe"
							},
							"tags": [
								"botany_table"
							],
							"pattern": [
								"A"
							],
							"key": {
								"A": {
									"item": "minecraft:wheat_seeds"
								}
							},
							"result": {
								"item": "uf:pepper_crop_seeds",
								"count": 1
							}
						},
						"key": "tags",
						"is_minified": true,
						"children": [
							"botany_table"
						]
					},
					{
						"open": {
							"description": {
								"identifier": "minecraft:pepper_seeds_recipe"
							},
							"tags": [
								"botany_table"
							],
							"pattern": [
								"A"
							],
							"key": {
								"A": {
									"item": "minecraft:wheat_seeds"
								}
							},
							"result": {
								"item": "uf:pepper_crop_seeds",
								"count": 1
							}
						},
						"key": "pattern",
						"is_minified": true,
						"children": [
							"A"
						]
					},
					{
						"open": {
							"description": {
								"identifier": "minecraft:pepper_seeds_recipe"
							},
							"tags": [
								"botany_table"
							],
							"pattern": [
								"A"
							],
							"key": {
								"A": {
									"item": "minecraft:wheat_seeds"
								}
							},
							"result": {
								"item": "uf:pepper_crop_seeds",
								"count": 1
							}
						},
						"key": "key",
						"children": [
							{
								"open": {
									"A": {
										"item": "minecraft:wheat_seeds"
									}
								},
								"key": "A",
								"is_minified": true,
								"children": {
									"item": "minecraft:wheat_seeds"
								}
							}
						]
					},
					{
						"open": {
							"description": {
								"identifier": "minecraft:pepper_seeds_recipe"
							},
							"tags": [
								"botany_table"
							],
							"pattern": [
								"A"
							],
							"key": {
								"A": {
									"item": "minecraft:wheat_seeds"
								}
							},
							"result": {
								"item": "uf:pepper_crop_seeds",
								"count": 1
							}
						},
						"key": "result",
						"is_minified": true,
						"children": {
							"item": "uf:pepper_crop_seeds",
							"count": 1
						}
					}
				]
			}
		]
	}
}