{
	"file_path": "C:\\Users\\chupi\\AppData\\Local\\Packages\\Microsoft.MinecraftUWP_8wekyb3d8bbwe\\LocalState\\games\\com.mojang\\development_behavior_packs\\Ultra Farming Addon\\recipes\\plow_tool.json",
	"file_type": "recipe",
	"format_version": 1,
	"file_uuid": "a61775b4_ee21_4c12_898a_302e71b8a70f",
	"file_version": 44,
	"cache_content": {
		"children": [
			{
				"data": "1.12",
				"key": "format_version"
			},
			{
				"open": {
					"format_version": 1.12,
					"minecraft:recipe_shaped": {
						"description": {
							"identifier": "uf:pt_recipe"
						},
						"tags": [
							"crafting_table"
						],
						"pattern": [
							"AA",
							"CB",
							"CB"
						],
						"key": {
							"A": {
								"item": "minecraft:iron_ingot"
							},
							"B": {
								"item": "minecraft:stick"
							},
							"C": {
								"item": "minecraft:redstone"
							}
						},
						"result": {
							"item": "uf:plow_tool",
							"count": 1
						}
					}
				},
				"key": "minecraft:recipe_shaped",
				"children": [
					{
						"open": {
							"description": {
								"identifier": "uf:pt_recipe"
							},
							"tags": [
								"crafting_table"
							],
							"pattern": [
								"AA",
								"CB",
								"CB"
							],
							"key": {
								"A": {
									"item": "minecraft:iron_ingot"
								},
								"B": {
									"item": "minecraft:stick"
								},
								"C": {
									"item": "minecraft:redstone"
								}
							},
							"result": {
								"item": "uf:plow_tool",
								"count": 1
							}
						},
						"key": "description",
						"is_minified": true,
						"children": {
							"identifier": "uf:pt_recipe"
						}
					},
					{
						"open": {
							"description": {
								"identifier": "uf:pt_recipe"
							},
							"tags": [
								"crafting_table"
							],
							"pattern": [
								"AA",
								"CB",
								"CB"
							],
							"key": {
								"A": {
									"item": "minecraft:iron_ingot"
								},
								"B": {
									"item": "minecraft:stick"
								},
								"C": {
									"item": "minecraft:redstone"
								}
							},
							"result": {
								"item": "uf:plow_tool",
								"count": 1
							}
						},
						"key": "tags",
						"is_minified": true,
						"children": [
							"crafting_table"
						]
					},
					{
						"open": {
							"description": {
								"identifier": "uf:pt_recipe"
							},
							"tags": [
								"crafting_table"
							],
							"pattern": [
								"AA",
								"CB",
								"CB"
							],
							"key": {
								"A": {
									"item": "minecraft:iron_ingot"
								},
								"B": {
									"item": "minecraft:stick"
								},
								"C": {
									"item": "minecraft:redstone"
								}
							},
							"result": {
								"item": "uf:plow_tool",
								"count": 1
							}
						},
						"key": "pattern",
						"is_minified": true,
						"children": [
							"AA",
							"CB",
							"CB"
						]
					},
					{
						"open": {
							"description": {
								"identifier": "uf:pt_recipe"
							},
							"tags": [
								"crafting_table"
							],
							"pattern": [
								"AA",
								"CB",
								"CB"
							],
							"key": {
								"A": {
									"item": "minecraft:iron_ingot"
								},
								"B": {
									"item": "minecraft:stick"
								},
								"C": {
									"item": "minecraft:redstone"
								}
							},
							"result": {
								"item": "uf:plow_tool",
								"count": 1
							}
						},
						"key": "key",
						"children": [
							{
								"open": {
									"A": {
										"item": "minecraft:iron_ingot"
									},
									"B": {
										"item": "minecraft:stick"
									},
									"C": {
										"item": "minecraft:redstone"
									}
								},
								"key": "A",
								"is_minified": true,
								"children": {
									"item": "minecraft:iron_ingot"
								}
							},
							{
								"open": {
									"A": {
										"item": "minecraft:iron_ingot"
									},
									"B": {
										"item": "minecraft:stick"
									},
									"C": {
										"item": "minecraft:redstone"
									}
								},
								"key": "B",
								"is_minified": true,
								"children": {
									"item": "minecraft:stick"
								}
							},
							{
								"open": {
									"A": {
										"item": "minecraft:iron_ingot"
									},
									"B": {
										"item": "minecraft:stick"
									},
									"C": {
										"item": "minecraft:redstone"
									}
								},
								"key": "C",
								"is_minified": true,
								"children": {
									"item": "minecraft:redstone"
								}
							}
						]
					},
					{
						"open": {
							"description": {
								"identifier": "uf:pt_recipe"
							},
							"tags": [
								"crafting_table"
							],
							"pattern": [
								"AA",
								"CB",
								"CB"
							],
							"key": {
								"A": {
									"item": "minecraft:iron_ingot"
								},
								"B": {
									"item": "minecraft:stick"
								},
								"C": {
									"item": "minecraft:redstone"
								}
							},
							"result": {
								"item": "uf:plow_tool",
								"count": 1
							}
						},
						"key": "result",
						"is_minified": true,
						"children": {
							"item": "uf:plow_tool",
							"count": 1
						}
					}
				]
			}
		]
	}
}