{
	"file_path": "C:\\Users\\chupi\\AppData\\Local\\Packages\\Microsoft.MinecraftUWP_8wekyb3d8bbwe\\LocalState\\games\\com.mojang\\development_behavior_packs\\Ultra Farming Addon\\recipes\\real_grape_seeds.json",
	"file_type": "recipe",
	"format_version": 1,
	"file_uuid": "2c7a5071_a174_4eb2_bf7a_15934b29dad2",
	"file_version": 26,
	"cache_content": {
		"children": [
			{
				"data": "1.12",
				"key": "format_version"
			},
			{
				"open": {
					"format_version": 1.12,
					"minecraft:recipe_shaped": {
						"description": {
							"identifier": "minecraft:grape_seeds_recipe_r"
						},
						"tags": [
							"botany_table"
						],
						"pattern": [
							"A"
						],
						"key": {
							"A": {
								"item": "uf:grape"
							}
						},
						"result": {
							"item": "uf:grapes_crop_seeds",
							"count": 2
						}
					}
				},
				"key": "minecraft:recipe_shaped",
				"children": [
					{
						"open": {
							"description": {
								"identifier": "minecraft:grape_seeds_recipe_r"
							},
							"tags": [
								"botany_table"
							],
							"pattern": [
								"A"
							],
							"key": {
								"A": {
									"item": "uf:grape"
								}
							},
							"result": {
								"item": "uf:grapes_crop_seeds",
								"count": 2
							}
						},
						"key": "description",
						"is_minified": true,
						"children": {
							"identifier": "minecraft:grape_seeds_recipe_r"
						}
					},
					{
						"open": {
							"description": {
								"identifier": "minecraft:grape_seeds_recipe_r"
							},
							"tags": [
								"botany_table"
							],
							"pattern": [
								"A"
							],
							"key": {
								"A": {
									"item": "uf:grape"
								}
							},
							"result": {
								"item": "uf:grapes_crop_seeds",
								"count": 2
							}
						},
						"key": "tags",
						"is_minified": true,
						"children": [
							"botany_table"
						]
					},
					{
						"open": {
							"description": {
								"identifier": "minecraft:grape_seeds_recipe_r"
							},
							"tags": [
								"botany_table"
							],
							"pattern": [
								"A"
							],
							"key": {
								"A": {
									"item": "uf:grape"
								}
							},
							"result": {
								"item": "uf:grapes_crop_seeds",
								"count": 2
							}
						},
						"key": "pattern",
						"is_minified": true,
						"children": [
							"A"
						]
					},
					{
						"open": {
							"description": {
								"identifier": "minecraft:grape_seeds_recipe_r"
							},
							"tags": [
								"botany_table"
							],
							"pattern": [
								"A"
							],
							"key": {
								"A": {
									"item": "uf:grape"
								}
							},
							"result": {
								"item": "uf:grapes_crop_seeds",
								"count": 2
							}
						},
						"key": "key",
						"children": [
							{
								"open": {
									"A": {
										"item": "uf:grape"
									}
								},
								"key": "A",
								"is_minified": true,
								"children": {
									"item": "uf:grape"
								}
							}
						]
					},
					{
						"open": {
							"description": {
								"identifier": "minecraft:grape_seeds_recipe_r"
							},
							"tags": [
								"botany_table"
							],
							"pattern": [
								"A"
							],
							"key": {
								"A": {
									"item": "uf:grape"
								}
							},
							"result": {
								"item": "uf:grapes_crop_seeds",
								"count": 2
							}
						},
						"key": "result",
						"is_minified": true,
						"children": {
							"item": "uf:grapes_crop_seeds",
							"count": 2
						}
					}
				]
			}
		]
	}
}