{
	"file_path": "C:\\Users\\chupi\\AppData\\Local\\Packages\\Microsoft.MinecraftUWP_8wekyb3d8bbwe\\LocalState\\games\\com.mojang\\development_behavior_packs\\Ultra Farming Addon\\recipes\\rice_farmland.json",
	"file_type": "recipe",
	"format_version": 1,
	"file_uuid": "ce58acca_f85b_40f0_9b7f_f71409c0deed",
	"file_version": 31,
	"cache_content": {
		"children": [
			{
				"data": "1.12",
				"key": "format_version"
			},
			{
				"open": {
					"format_version": 1.12,
					"minecraft:recipe_shaped": {
						"description": {
							"identifier": "minecraft:rice_farmland"
						},
						"tags": [
							"botany_table"
						],
						"pattern": [
							"AB"
						],
						"key": {
							"B": {
								"item": "minecraft:dirt"
							},
							"A": {
								"item": "minecraft:water_bucket"
							}
						},
						"result": {
							"item": "uf:rice_farmland_item",
							"count": 8
						}
					}
				},
				"key": "minecraft:recipe_shaped",
				"children": [
					{
						"open": {
							"description": {
								"identifier": "minecraft:rice_farmland"
							},
							"tags": [
								"botany_table"
							],
							"pattern": [
								"AB"
							],
							"key": {
								"B": {
									"item": "minecraft:dirt"
								},
								"A": {
									"item": "minecraft:water_bucket"
								}
							},
							"result": {
								"item": "uf:rice_farmland_item",
								"count": 8
							}
						},
						"key": "description",
						"is_minified": true,
						"children": {
							"identifier": "minecraft:rice_farmland"
						}
					},
					{
						"open": {
							"description": {
								"identifier": "minecraft:rice_farmland"
							},
							"tags": [
								"botany_table"
							],
							"pattern": [
								"AB"
							],
							"key": {
								"B": {
									"item": "minecraft:dirt"
								},
								"A": {
									"item": "minecraft:water_bucket"
								}
							},
							"result": {
								"item": "uf:rice_farmland_item",
								"count": 8
							}
						},
						"key": "tags",
						"is_minified": true,
						"children": [
							"botany_table"
						]
					},
					{
						"open": {
							"description": {
								"identifier": "minecraft:rice_farmland"
							},
							"tags": [
								"botany_table"
							],
							"pattern": [
								"AB"
							],
							"key": {
								"B": {
									"item": "minecraft:dirt"
								},
								"A": {
									"item": "minecraft:water_bucket"
								}
							},
							"result": {
								"item": "uf:rice_farmland_item",
								"count": 8
							}
						},
						"key": "pattern",
						"is_minified": true,
						"children": [
							"AB"
						]
					},
					{
						"open": {
							"description": {
								"identifier": "minecraft:rice_farmland"
							},
							"tags": [
								"botany_table"
							],
							"pattern": [
								"AB"
							],
							"key": {
								"B": {
									"item": "minecraft:dirt"
								},
								"A": {
									"item": "minecraft:water_bucket"
								}
							},
							"result": {
								"item": "uf:rice_farmland_item",
								"count": 8
							}
						},
						"key": "key",
						"children": [
							{
								"open": {
									"B": {
										"item": "minecraft:dirt"
									},
									"A": {
										"item": "minecraft:water_bucket"
									}
								},
								"key": "B",
								"is_minified": true,
								"children": {
									"item": "minecraft:dirt"
								}
							},
							{
								"open": {
									"B": {
										"item": "minecraft:dirt"
									},
									"A": {
										"item": "minecraft:water_bucket"
									}
								},
								"key": "A",
								"is_minified": true,
								"children": {
									"item": "minecraft:water_bucket"
								}
							}
						]
					},
					{
						"open": {
							"description": {
								"identifier": "minecraft:rice_farmland"
							},
							"tags": [
								"botany_table"
							],
							"pattern": [
								"AB"
							],
							"key": {
								"B": {
									"item": "minecraft:dirt"
								},
								"A": {
									"item": "minecraft:water_bucket"
								}
							},
							"result": {
								"item": "uf:rice_farmland_item",
								"count": 8
							}
						},
						"key": "result",
						"is_minified": true,
						"children": {
							"item": "uf:rice_farmland_item",
							"count": 8
						}
					}
				]
			}
		]
	}
}