{
	"file_path": "C:\\Users\\chupi\\AppData\\Local\\Packages\\Microsoft.MinecraftUWP_8wekyb3d8bbwe\\LocalState\\games\\com.mojang\\development_behavior_packs\\Ultra Farming Addon\\recipes\\rice_ball.recipe.json",
	"file_type": "recipe",
	"format_version": 1,
	"file_uuid": "f1d17c7d_d563_426f_86ad_4980df2a2364",
	"file_version": 6,
	"cache_content": {
		"children": [
			{
				"data": "1.12",
				"key": "format_version"
			},
			{
				"open": {
					"format_version": 1.12,
					"minecraft:recipe_shaped": {
						"tags": [
							"crafting_table"
						],
						"pattern": [
							"#",
							"P"
						],
						"key": {
							"#": {
								"item": "uf:cooked_rice"
							},
							"P": {
								"item": "minecraft:dried_kelp"
							}
						},
						"result": {
							"item": "uf:rice_ball",
							"count": 1
						},
						"description": {
							"identifier": "uf:rice_ball_r"
						}
					}
				},
				"key": "minecraft:recipe_shaped",
				"children": [
					{
						"open": {
							"tags": [
								"crafting_table"
							],
							"pattern": [
								"#",
								"P"
							],
							"key": {
								"#": {
									"item": "uf:cooked_rice"
								},
								"P": {
									"item": "minecraft:dried_kelp"
								}
							},
							"result": {
								"item": "uf:rice_ball",
								"count": 1
							},
							"description": {
								"identifier": "uf:rice_ball_r"
							}
						},
						"key": "tags",
						"is_minified": true,
						"children": [
							"crafting_table"
						]
					},
					{
						"open": {
							"tags": [
								"crafting_table"
							],
							"pattern": [
								"#",
								"P"
							],
							"key": {
								"#": {
									"item": "uf:cooked_rice"
								},
								"P": {
									"item": "minecraft:dried_kelp"
								}
							},
							"result": {
								"item": "uf:rice_ball",
								"count": 1
							},
							"description": {
								"identifier": "uf:rice_ball_r"
							}
						},
						"key": "pattern",
						"is_minified": true,
						"children": [
							"#",
							"P"
						]
					},
					{
						"open": {
							"tags": [
								"crafting_table"
							],
							"pattern": [
								"#",
								"P"
							],
							"key": {
								"#": {
									"item": "uf:cooked_rice"
								},
								"P": {
									"item": "minecraft:dried_kelp"
								}
							},
							"result": {
								"item": "uf:rice_ball",
								"count": 1
							},
							"description": {
								"identifier": "uf:rice_ball_r"
							}
						},
						"key": "key",
						"children": [
							{
								"open": {
									"#": {
										"item": "uf:cooked_rice"
									},
									"P": {
										"item": "minecraft:dried_kelp"
									}
								},
								"key": "#",
								"is_minified": true,
								"children": {
									"item": "uf:cooked_rice"
								}
							},
							{
								"open": {
									"#": {
										"item": "uf:cooked_rice"
									},
									"P": {
										"item": "minecraft:dried_kelp"
									}
								},
								"key": "P",
								"is_minified": true,
								"children": {
									"item": "minecraft:dried_kelp"
								}
							}
						]
					},
					{
						"open": {
							"tags": [
								"crafting_table"
							],
							"pattern": [
								"#",
								"P"
							],
							"key": {
								"#": {
									"item": "uf:cooked_rice"
								},
								"P": {
									"item": "minecraft:dried_kelp"
								}
							},
							"result": {
								"item": "uf:rice_ball",
								"count": 1
							},
							"description": {
								"identifier": "uf:rice_ball_r"
							}
						},
						"key": "result",
						"is_minified": true,
						"children": {
							"item": "uf:rice_ball",
							"count": 1
						}
					},
					{
						"open": {
							"tags": [
								"crafting_table"
							],
							"pattern": [
								"#",
								"P"
							],
							"key": {
								"#": {
									"item": "uf:cooked_rice"
								},
								"P": {
									"item": "minecraft:dried_kelp"
								}
							},
							"result": {
								"item": "uf:rice_ball",
								"count": 1
							},
							"description": {
								"identifier": "uf:rice_ball_r"
							}
						},
						"key": "description",
						"is_minified": true,
						"children": {
							"identifier": "uf:rice_ball_r"
						}
					}
				]
			}
		]
	}
}