{
	"file_path": "C:\\Users\\chupi\\AppData\\Local\\Packages\\Microsoft.MinecraftUWP_8wekyb3d8bbwe\\LocalState\\games\\com.mojang\\development_behavior_packs\\Ultra Farming Addon\\recipes\\sandwich_0.json",
	"file_type": "recipe",
	"format_version": 1,
	"file_uuid": "35dc8dc3_30f9_4388_aba4_9cab4d9c801e",
	"file_version": 6,
	"cache_content": {
		"children": [
			{
				"data": "1.12",
				"key": "format_version"
			},
			{
				"open": {
					"format_version": 1.12,
					"minecraft:recipe_shaped": {
						"description": {
							"identifier": "minecraft:sandwich_0_recipe"
						},
						"tags": [
							"crafting_table"
						],
						"pattern": [
							"A",
							"C",
							"B"
						],
						"key": {
							"A": {
								"item": "uf:lettuce",
								"data": 0
							},
							"C": {
								"item": "minecraft:bread"
							},
							"B": {
								"item": "uf:tomato"
							}
						},
						"result": {
							"item": "uf:sandwich_0",
							"count": 1
						}
					}
				},
				"key": "minecraft:recipe_shaped",
				"children": [
					{
						"open": {
							"description": {
								"identifier": "minecraft:sandwich_0_recipe"
							},
							"tags": [
								"crafting_table"
							],
							"pattern": [
								"A",
								"C",
								"B"
							],
							"key": {
								"A": {
									"item": "uf:lettuce",
									"data": 0
								},
								"C": {
									"item": "minecraft:bread"
								},
								"B": {
									"item": "uf:tomato"
								}
							},
							"result": {
								"item": "uf:sandwich_0",
								"count": 1
							}
						},
						"key": "description",
						"is_minified": true,
						"children": {
							"identifier": "minecraft:sandwich_0_recipe"
						}
					},
					{
						"open": {
							"description": {
								"identifier": "minecraft:sandwich_0_recipe"
							},
							"tags": [
								"crafting_table"
							],
							"pattern": [
								"A",
								"C",
								"B"
							],
							"key": {
								"A": {
									"item": "uf:lettuce",
									"data": 0
								},
								"C": {
									"item": "minecraft:bread"
								},
								"B": {
									"item": "uf:tomato"
								}
							},
							"result": {
								"item": "uf:sandwich_0",
								"count": 1
							}
						},
						"key": "tags",
						"is_minified": true,
						"children": [
							"crafting_table"
						]
					},
					{
						"open": {
							"description": {
								"identifier": "minecraft:sandwich_0_recipe"
							},
							"tags": [
								"crafting_table"
							],
							"pattern": [
								"A",
								"C",
								"B"
							],
							"key": {
								"A": {
									"item": "uf:lettuce",
									"data": 0
								},
								"C": {
									"item": "minecraft:bread"
								},
								"B": {
									"item": "uf:tomato"
								}
							},
							"result": {
								"item": "uf:sandwich_0",
								"count": 1
							}
						},
						"key": "pattern",
						"is_minified": true,
						"children": [
							"A",
							"C",
							"B"
						]
					},
					{
						"open": {
							"description": {
								"identifier": "minecraft:sandwich_0_recipe"
							},
							"tags": [
								"crafting_table"
							],
							"pattern": [
								"A",
								"C",
								"B"
							],
							"key": {
								"A": {
									"item": "uf:lettuce",
									"data": 0
								},
								"C": {
									"item": "minecraft:bread"
								},
								"B": {
									"item": "uf:tomato"
								}
							},
							"result": {
								"item": "uf:sandwich_0",
								"count": 1
							}
						},
						"key": "key",
						"children": [
							{
								"open": {
									"A": {
										"item": "uf:lettuce",
										"data": 0
									},
									"C": {
										"item": "minecraft:bread"
									},
									"B": {
										"item": "uf:tomato"
									}
								},
								"key": "A",
								"is_minified": true,
								"children": {
									"item": "uf:lettuce",
									"data": 0
								}
							},
							{
								"open": {
									"A": {
										"item": "uf:lettuce",
										"data": 0
									},
									"C": {
										"item": "minecraft:bread"
									},
									"B": {
										"item": "uf:tomato"
									}
								},
								"key": "C",
								"is_minified": true,
								"children": {
									"item": "minecraft:bread"
								}
							},
							{
								"open": {
									"A": {
										"item": "uf:lettuce",
										"data": 0
									},
									"C": {
										"item": "minecraft:bread"
									},
									"B": {
										"item": "uf:tomato"
									}
								},
								"key": "B",
								"is_minified": true,
								"children": {
									"item": "uf:tomato"
								}
							}
						]
					},
					{
						"open": {
							"description": {
								"identifier": "minecraft:sandwich_0_recipe"
							},
							"tags": [
								"crafting_table"
							],
							"pattern": [
								"A",
								"C",
								"B"
							],
							"key": {
								"A": {
									"item": "uf:lettuce",
									"data": 0
								},
								"C": {
									"item": "minecraft:bread"
								},
								"B": {
									"item": "uf:tomato"
								}
							},
							"result": {
								"item": "uf:sandwich_0",
								"count": 1
							}
						},
						"key": "result",
						"is_minified": true,
						"children": {
							"item": "uf:sandwich_0",
							"count": 1
						}
					}
				]
			}
		]
	}
}