{
	"file_path": "C:\\Users\\chupi\\AppData\\Local\\Packages\\Microsoft.MinecraftUWP_8wekyb3d8bbwe\\LocalState\\games\\com.mojang\\development_behavior_packs\\Ultra Farming Addon\\recipes\\sushi_set.recipe.json",
	"file_type": "recipe",
	"format_version": 1,
	"file_uuid": "f152bb2b_1d11_4657_9fc3_7f89b5e07db5",
	"file_version": 7,
	"cache_content": {
		"children": [
			{
				"data": "1.12",
				"key": "format_version"
			},
			{
				"open": {
					"format_version": 1.12,
					"minecraft:recipe_shaped": {
						"tags": [
							"crafting_table"
						],
						"pattern": [
							"#iB",
							"EP "
						],
						"key": {
							"#": {
								"item": "uf:corn_sushi"
							},
							"B": {
								"item": "uf:lettuce_sushi"
							},
							"i": {
								"item": "uf:salmon_sushi"
							},
							"E": {
								"item": "uf:nigiri"
							},
							"P": {
								"item": "minecraft:planks"
							}
						},
						"result": {
							"item": "uf:sushi_set",
							"count": 1
						},
						"description": {
							"identifier": "uf:sushi_set_r"
						}
					}
				},
				"key": "minecraft:recipe_shaped",
				"children": [
					{
						"open": {
							"tags": [
								"crafting_table"
							],
							"pattern": [
								"#iB",
								"EP "
							],
							"key": {
								"#": {
									"item": "uf:corn_sushi"
								},
								"B": {
									"item": "uf:lettuce_sushi"
								},
								"i": {
									"item": "uf:salmon_sushi"
								},
								"E": {
									"item": "uf:nigiri"
								},
								"P": {
									"item": "minecraft:planks"
								}
							},
							"result": {
								"item": "uf:sushi_set",
								"count": 1
							},
							"description": {
								"identifier": "uf:sushi_set_r"
							}
						},
						"key": "tags",
						"is_minified": true,
						"children": [
							"crafting_table"
						]
					},
					{
						"open": {
							"tags": [
								"crafting_table"
							],
							"pattern": [
								"#iB",
								"EP "
							],
							"key": {
								"#": {
									"item": "uf:corn_sushi"
								},
								"B": {
									"item": "uf:lettuce_sushi"
								},
								"i": {
									"item": "uf:salmon_sushi"
								},
								"E": {
									"item": "uf:nigiri"
								},
								"P": {
									"item": "minecraft:planks"
								}
							},
							"result": {
								"item": "uf:sushi_set",
								"count": 1
							},
							"description": {
								"identifier": "uf:sushi_set_r"
							}
						},
						"key": "pattern",
						"is_minified": true,
						"children": [
							"#iB",
							"EP "
						]
					},
					{
						"open": {
							"tags": [
								"crafting_table"
							],
							"pattern": [
								"#iB",
								"EP "
							],
							"key": {
								"#": {
									"item": "uf:corn_sushi"
								},
								"B": {
									"item": "uf:lettuce_sushi"
								},
								"i": {
									"item": "uf:salmon_sushi"
								},
								"E": {
									"item": "uf:nigiri"
								},
								"P": {
									"item": "minecraft:planks"
								}
							},
							"result": {
								"item": "uf:sushi_set",
								"count": 1
							},
							"description": {
								"identifier": "uf:sushi_set_r"
							}
						},
						"key": "key",
						"children": [
							{
								"open": {
									"#": {
										"item": "uf:corn_sushi"
									},
									"B": {
										"item": "uf:lettuce_sushi"
									},
									"i": {
										"item": "uf:salmon_sushi"
									},
									"E": {
										"item": "uf:nigiri"
									},
									"P": {
										"item": "minecraft:planks"
									}
								},
								"key": "#",
								"is_minified": true,
								"children": {
									"item": "uf:corn_sushi"
								}
							},
							{
								"open": {
									"#": {
										"item": "uf:corn_sushi"
									},
									"B": {
										"item": "uf:lettuce_sushi"
									},
									"i": {
										"item": "uf:salmon_sushi"
									},
									"E": {
										"item": "uf:nigiri"
									},
									"P": {
										"item": "minecraft:planks"
									}
								},
								"key": "B",
								"is_minified": true,
								"children": {
									"item": "uf:lettuce_sushi"
								}
							},
							{
								"open": {
									"#": {
										"item": "uf:corn_sushi"
									},
									"B": {
										"item": "uf:lettuce_sushi"
									},
									"i": {
										"item": "uf:salmon_sushi"
									},
									"E": {
										"item": "uf:nigiri"
									},
									"P": {
										"item": "minecraft:planks"
									}
								},
								"key": "i",
								"is_minified": true,
								"children": {
									"item": "uf:salmon_sushi"
								}
							},
							{
								"open": {
									"#": {
										"item": "uf:corn_sushi"
									},
									"B": {
										"item": "uf:lettuce_sushi"
									},
									"i": {
										"item": "uf:salmon_sushi"
									},
									"E": {
										"item": "uf:nigiri"
									},
									"P": {
										"item": "minecraft:planks"
									}
								},
								"key": "E",
								"is_minified": true,
								"children": {
									"item": "uf:nigiri"
								}
							},
							{
								"open": {
									"#": {
										"item": "uf:corn_sushi"
									},
									"B": {
										"item": "uf:lettuce_sushi"
									},
									"i": {
										"item": "uf:salmon_sushi"
									},
									"E": {
										"item": "uf:nigiri"
									},
									"P": {
										"item": "minecraft:planks"
									}
								},
								"key": "P",
								"is_minified": true,
								"children": {
									"item": "minecraft:planks"
								}
							}
						]
					},
					{
						"open": {
							"tags": [
								"crafting_table"
							],
							"pattern": [
								"#iB",
								"EP "
							],
							"key": {
								"#": {
									"item": "uf:corn_sushi"
								},
								"B": {
									"item": "uf:lettuce_sushi"
								},
								"i": {
									"item": "uf:salmon_sushi"
								},
								"E": {
									"item": "uf:nigiri"
								},
								"P": {
									"item": "minecraft:planks"
								}
							},
							"result": {
								"item": "uf:sushi_set",
								"count": 1
							},
							"description": {
								"identifier": "uf:sushi_set_r"
							}
						},
						"key": "result",
						"is_minified": true,
						"children": {
							"item": "uf:sushi_set",
							"count": 1
						}
					},
					{
						"open": {
							"tags": [
								"crafting_table"
							],
							"pattern": [
								"#iB",
								"EP "
							],
							"key": {
								"#": {
									"item": "uf:corn_sushi"
								},
								"B": {
									"item": "uf:lettuce_sushi"
								},
								"i": {
									"item": "uf:salmon_sushi"
								},
								"E": {
									"item": "uf:nigiri"
								},
								"P": {
									"item": "minecraft:planks"
								}
							},
							"result": {
								"item": "uf:sushi_set",
								"count": 1
							},
							"description": {
								"identifier": "uf:sushi_set_r"
							}
						},
						"key": "description",
						"is_minified": true,
						"children": {
							"identifier": "uf:sushi_set_r"
						}
					}
				]
			}
		]
	}
}