{
	"file_path": "C:\\Users\\chupi\\AppData\\Local\\Packages\\Microsoft.MinecraftUWP_8wekyb3d8bbwe\\LocalState\\games\\com.mojang\\development_behavior_packs\\Ultra Farming Addon\\recipes\\taco_0.recipe.json",
	"file_type": "recipe",
	"format_version": 1,
	"file_uuid": "2b1c5068_2474_4334_ad2b_96dd90912acf",
	"file_version": 1,
	"cache_content": {
		"children": [
			{
				"data": "1.12",
				"key": "format_version"
			},
			{
				"open": {
					"format_version": 1.12,
					"minecraft:recipe_shaped": {
						"tags": [
							"crafting_table"
						],
						"pattern": [
							"#iB",
							" P "
						],
						"key": {
							"#": {
								"item": "minecraft:cooked_porkchop"
							},
							"P": {
								"item": "uf:tortilla_corn"
							},
							"i": {
								"item": "uf:lettuce"
							},
							"B": {
								"item": "uf:tomato"
							}
						},
						"result": {
							"item": "uf:taco_0",
							"count": 1
						},
						"description": {
							"identifier": "uf:taco_0_r"
						}
					}
				},
				"key": "minecraft:recipe_shaped",
				"children": [
					{
						"open": {
							"tags": [
								"crafting_table"
							],
							"pattern": [
								"#iB",
								" P "
							],
							"key": {
								"#": {
									"item": "minecraft:cooked_porkchop"
								},
								"P": {
									"item": "uf:tortilla_corn"
								},
								"i": {
									"item": "uf:lettuce"
								},
								"B": {
									"item": "uf:tomato"
								}
							},
							"result": {
								"item": "uf:taco_0",
								"count": 1
							},
							"description": {
								"identifier": "uf:taco_0_r"
							}
						},
						"key": "tags",
						"is_minified": true,
						"children": [
							"crafting_table"
						]
					},
					{
						"open": {
							"tags": [
								"crafting_table"
							],
							"pattern": [
								"#iB",
								" P "
							],
							"key": {
								"#": {
									"item": "minecraft:cooked_porkchop"
								},
								"P": {
									"item": "uf:tortilla_corn"
								},
								"i": {
									"item": "uf:lettuce"
								},
								"B": {
									"item": "uf:tomato"
								}
							},
							"result": {
								"item": "uf:taco_0",
								"count": 1
							},
							"description": {
								"identifier": "uf:taco_0_r"
							}
						},
						"key": "pattern",
						"is_minified": true,
						"children": [
							"#iB",
							" P "
						]
					},
					{
						"open": {
							"tags": [
								"crafting_table"
							],
							"pattern": [
								"#iB",
								" P "
							],
							"key": {
								"#": {
									"item": "minecraft:cooked_porkchop"
								},
								"P": {
									"item": "uf:tortilla_corn"
								},
								"i": {
									"item": "uf:lettuce"
								},
								"B": {
									"item": "uf:tomato"
								}
							},
							"result": {
								"item": "uf:taco_0",
								"count": 1
							},
							"description": {
								"identifier": "uf:taco_0_r"
							}
						},
						"key": "key",
						"children": [
							{
								"open": {
									"#": {
										"item": "minecraft:cooked_porkchop"
									},
									"P": {
										"item": "uf:tortilla_corn"
									},
									"i": {
										"item": "uf:lettuce"
									},
									"B": {
										"item": "uf:tomato"
									}
								},
								"key": "#",
								"is_minified": true,
								"children": {
									"item": "minecraft:cooked_porkchop"
								}
							},
							{
								"open": {
									"#": {
										"item": "minecraft:cooked_porkchop"
									},
									"P": {
										"item": "uf:tortilla_corn"
									},
									"i": {
										"item": "uf:lettuce"
									},
									"B": {
										"item": "uf:tomato"
									}
								},
								"key": "P",
								"is_minified": true,
								"children": {
									"item": "uf:tortilla_corn"
								}
							},
							{
								"open": {
									"#": {
										"item": "minecraft:cooked_porkchop"
									},
									"P": {
										"item": "uf:tortilla_corn"
									},
									"i": {
										"item": "uf:lettuce"
									},
									"B": {
										"item": "uf:tomato"
									}
								},
								"key": "i",
								"is_minified": true,
								"children": {
									"item": "uf:lettuce"
								}
							},
							{
								"open": {
									"#": {
										"item": "minecraft:cooked_porkchop"
									},
									"P": {
										"item": "uf:tortilla_corn"
									},
									"i": {
										"item": "uf:lettuce"
									},
									"B": {
										"item": "uf:tomato"
									}
								},
								"key": "B",
								"is_minified": true,
								"children": {
									"item": "uf:tomato"
								}
							}
						]
					},
					{
						"open": {
							"tags": [
								"crafting_table"
							],
							"pattern": [
								"#iB",
								" P "
							],
							"key": {
								"#": {
									"item": "minecraft:cooked_porkchop"
								},
								"P": {
									"item": "uf:tortilla_corn"
								},
								"i": {
									"item": "uf:lettuce"
								},
								"B": {
									"item": "uf:tomato"
								}
							},
							"result": {
								"item": "uf:taco_0",
								"count": 1
							},
							"description": {
								"identifier": "uf:taco_0_r"
							}
						},
						"key": "result",
						"is_minified": true,
						"children": {
							"item": "uf:taco_0",
							"count": 1
						}
					},
					{
						"open": {
							"tags": [
								"crafting_table"
							],
							"pattern": [
								"#iB",
								" P "
							],
							"key": {
								"#": {
									"item": "minecraft:cooked_porkchop"
								},
								"P": {
									"item": "uf:tortilla_corn"
								},
								"i": {
									"item": "uf:lettuce"
								},
								"B": {
									"item": "uf:tomato"
								}
							},
							"result": {
								"item": "uf:taco_0",
								"count": 1
							},
							"description": {
								"identifier": "uf:taco_0_r"
							}
						},
						"key": "description",
						"is_minified": true,
						"children": {
							"identifier": "uf:taco_0_r"
						}
					}
				]
			}
		]
	}
}