{
	"file_path": "C:\\Users\\chupi\\AppData\\Local\\Packages\\Microsoft.MinecraftUWP_8wekyb3d8bbwe\\LocalState\\games\\com.mojang\\development_behavior_packs\\Ultra Farming Addon\\recipes\\tortilla.json",
	"file_type": "recipe",
	"format_version": 1,
	"file_uuid": "b08aaecd_5e6f_4d30_8b60_139d0d5a917c",
	"file_version": 10,
	"cache_content": {
		"children": [
			{
				"data": "1.12",
				"key": "format_version"
			},
			{
				"open": {
					"format_version": 1.12,
					"minecraft:recipe_shaped": {
						"description": {
							"identifier": "minecraft:tortilla_recipe"
						},
						"tags": [
							"crafting_table"
						],
						"pattern": [
							"AAA",
							"AAA",
							"AAA"
						],
						"key": {
							"A": {
								"item": "uf:corn",
								"data": 0
							}
						},
						"result": {
							"item": "uf:tortilla_corn",
							"count": 1
						}
					}
				},
				"key": "minecraft:recipe_shaped",
				"children": [
					{
						"open": {
							"description": {
								"identifier": "minecraft:tortilla_recipe"
							},
							"tags": [
								"crafting_table"
							],
							"pattern": [
								"AAA",
								"AAA",
								"AAA"
							],
							"key": {
								"A": {
									"item": "uf:corn",
									"data": 0
								}
							},
							"result": {
								"item": "uf:tortilla_corn",
								"count": 1
							}
						},
						"key": "description",
						"is_minified": true,
						"children": {
							"identifier": "minecraft:tortilla_recipe"
						}
					},
					{
						"open": {
							"description": {
								"identifier": "minecraft:tortilla_recipe"
							},
							"tags": [
								"crafting_table"
							],
							"pattern": [
								"AAA",
								"AAA",
								"AAA"
							],
							"key": {
								"A": {
									"item": "uf:corn",
									"data": 0
								}
							},
							"result": {
								"item": "uf:tortilla_corn",
								"count": 1
							}
						},
						"key": "tags",
						"is_minified": true,
						"children": [
							"crafting_table"
						]
					},
					{
						"open": {
							"description": {
								"identifier": "minecraft:tortilla_recipe"
							},
							"tags": [
								"crafting_table"
							],
							"pattern": [
								"AAA",
								"AAA",
								"AAA"
							],
							"key": {
								"A": {
									"item": "uf:corn",
									"data": 0
								}
							},
							"result": {
								"item": "uf:tortilla_corn",
								"count": 1
							}
						},
						"key": "pattern",
						"is_minified": true,
						"children": [
							"AAA",
							"AAA",
							"AAA"
						]
					},
					{
						"open": {
							"description": {
								"identifier": "minecraft:tortilla_recipe"
							},
							"tags": [
								"crafting_table"
							],
							"pattern": [
								"AAA",
								"AAA",
								"AAA"
							],
							"key": {
								"A": {
									"item": "uf:corn",
									"data": 0
								}
							},
							"result": {
								"item": "uf:tortilla_corn",
								"count": 1
							}
						},
						"key": "key",
						"children": [
							{
								"open": {
									"A": {
										"item": "uf:corn",
										"data": 0
									}
								},
								"key": "A",
								"is_minified": true,
								"children": {
									"item": "uf:corn",
									"data": 0
								}
							}
						]
					},
					{
						"open": {
							"description": {
								"identifier": "minecraft:tortilla_recipe"
							},
							"tags": [
								"crafting_table"
							],
							"pattern": [
								"AAA",
								"AAA",
								"AAA"
							],
							"key": {
								"A": {
									"item": "uf:corn",
									"data": 0
								}
							},
							"result": {
								"item": "uf:tortilla_corn",
								"count": 1
							}
						},
						"key": "result",
						"is_minified": true,
						"children": {
							"item": "uf:tortilla_corn",
							"count": 1
						}
					}
				]
			}
		]
	}
}