{
	"file_path": "C:\\Users\\chupi\\AppData\\Local\\Packages\\Microsoft.MinecraftUWP_8wekyb3d8bbwe\\LocalState\\games\\com.mojang\\development_behavior_packs\\Ultra Farming Addon\\recipes\\wine_barrel.json",
	"file_type": "recipe",
	"format_version": 1,
	"file_uuid": "3f029103_1145_4837_94af_82e33bfc489c",
	"file_version": 33,
	"cache_content": {
		"children": [
			{
				"data": "1.12",
				"key": "format_version"
			},
			{
				"open": {
					"format_version": 1.12,
					"minecraft:recipe_shaped": {
						"description": {
							"identifier": "uf:wb_recipe"
						},
						"tags": [
							"crafting_table"
						],
						"pattern": [
							"A A",
							"ABA"
						],
						"key": {
							"A": {
								"item": "minecraft:planks"
							},
							"B": {
								"item": "minecraft:iron_ingot"
							}
						},
						"result": {
							"item": "uf:wine_barrel_item",
							"count": 1
						}
					}
				},
				"key": "minecraft:recipe_shaped",
				"children": [
					{
						"open": {
							"description": {
								"identifier": "uf:wb_recipe"
							},
							"tags": [
								"crafting_table"
							],
							"pattern": [
								"A A",
								"ABA"
							],
							"key": {
								"A": {
									"item": "minecraft:planks"
								},
								"B": {
									"item": "minecraft:iron_ingot"
								}
							},
							"result": {
								"item": "uf:wine_barrel_item",
								"count": 1
							}
						},
						"key": "description",
						"is_minified": true,
						"children": {
							"identifier": "uf:wb_recipe"
						}
					},
					{
						"open": {
							"description": {
								"identifier": "uf:wb_recipe"
							},
							"tags": [
								"crafting_table"
							],
							"pattern": [
								"A A",
								"ABA"
							],
							"key": {
								"A": {
									"item": "minecraft:planks"
								},
								"B": {
									"item": "minecraft:iron_ingot"
								}
							},
							"result": {
								"item": "uf:wine_barrel_item",
								"count": 1
							}
						},
						"key": "tags",
						"is_minified": true,
						"children": [
							"crafting_table"
						]
					},
					{
						"open": {
							"description": {
								"identifier": "uf:wb_recipe"
							},
							"tags": [
								"crafting_table"
							],
							"pattern": [
								"A A",
								"ABA"
							],
							"key": {
								"A": {
									"item": "minecraft:planks"
								},
								"B": {
									"item": "minecraft:iron_ingot"
								}
							},
							"result": {
								"item": "uf:wine_barrel_item",
								"count": 1
							}
						},
						"key": "pattern",
						"is_minified": true,
						"children": [
							"A A",
							"ABA"
						]
					},
					{
						"open": {
							"description": {
								"identifier": "uf:wb_recipe"
							},
							"tags": [
								"crafting_table"
							],
							"pattern": [
								"A A",
								"ABA"
							],
							"key": {
								"A": {
									"item": "minecraft:planks"
								},
								"B": {
									"item": "minecraft:iron_ingot"
								}
							},
							"result": {
								"item": "uf:wine_barrel_item",
								"count": 1
							}
						},
						"key": "key",
						"children": [
							{
								"open": {
									"A": {
										"item": "minecraft:planks"
									},
									"B": {
										"item": "minecraft:iron_ingot"
									}
								},
								"key": "A",
								"is_minified": true,
								"children": {
									"item": "minecraft:planks"
								}
							},
							{
								"open": {
									"A": {
										"item": "minecraft:planks"
									},
									"B": {
										"item": "minecraft:iron_ingot"
									}
								},
								"key": "B",
								"is_minified": true,
								"children": {
									"item": "minecraft:iron_ingot"
								}
							}
						]
					},
					{
						"open": {
							"description": {
								"identifier": "uf:wb_recipe"
							},
							"tags": [
								"crafting_table"
							],
							"pattern": [
								"A A",
								"ABA"
							],
							"key": {
								"A": {
									"item": "minecraft:planks"
								},
								"B": {
									"item": "minecraft:iron_ingot"
								}
							},
							"result": {
								"item": "uf:wine_barrel_item",
								"count": 1
							}
						},
						"key": "result",
						"is_minified": true,
						"children": {
							"item": "uf:wine_barrel_item",
							"count": 1
						}
					}
				]
			}
		]
	}
}