{
	"file_path": "C:\\Users\\chupi\\AppData\\Local\\Packages\\Microsoft.MinecraftUWP_8wekyb3d8bbwe\\LocalState\\games\\com.mojang\\development_behavior_packs\\Ultra Farming Addon\\entities\\chicken.json",
	"file_type": "entity",
	"format_version": 1,
	"file_uuid": "3b46d0f7_e192_43a3_871e_06c3d1be0160",
	"file_version": 4,
	"cache_content": {
		"children": [
			{
				"data": "1.16.0",
				"key": "format_version"
			},
			{
				"open": {
					"format_version": "1.16.0",
					"minecraft:entity": {
						"description": {
							"identifier": "minecraft:chicken",
							"is_spawnable": true,
							"is_summonable": true,
							"is_experimental": false
						},
						"component_groups": {
							"minecraft:chicken_baby": {
								"minecraft:is_baby": {},
								"minecraft:scale": {
									"value": 0.5
								},
								"minecraft:ageable": {
									"duration": 1200,
									"feed_items": [
										"wheat_seeds",
										"beetroot_seeds",
										"melon_seeds",
										"pumpkin_seeds"
									],
									"grow_up": {
										"event": "minecraft:ageable_grow_up",
										"target": "self"
									}
								},
								"minecraft:behavior.follow_parent": {
									"priority": 5,
									"speed_multiplier": 1.1
								}
							},
							"minecraft:chicken_adult": {
								"minecraft:experience_reward": {
									"on_bred": "Math.Random(1,7)",
									"on_death": "query.last_hit_by_player ? Math.Random(1,3) : 0"
								},
								"minecraft:loot": {
									"table": "loot_tables/entities/chicken.json"
								},
								"minecraft:breedable": {
									"require_tame": false,
									"breeds_with": {
										"mate_type": "minecraft:chicken",
										"baby_type": "minecraft:chicken",
										"breed_event": {
											"event": "minecraft:entity_born",
											"target": "baby"
										}
									},
									"breed_items": [
										"wheat_seeds",
										"beetroot_seeds",
										"melon_seeds",
										"pumpkin_seeds"
									]
								},
								"minecraft:behavior.breed": {
									"priority": 3,
									"speed_multiplier": 1
								},
								"minecraft:rideable": {
									"seat_count": 1,
									"family_types": [
										"zombie"
									],
									"seats": {
										"position": [
											0,
											0.4,
											0
										]
									}
								},
								"minecraft:spawn_entity": {
									"entities": {
										"min_wait_time": 300,
										"max_wait_time": 600,
										"spawn_sound": "plop",
										"spawn_item": "egg",
										"filters": {
											"test": "rider_count",
											"subject": "self",
											"operator": "==",
											"value": 0
										}
									}
								}
							}
						},
						"components": {
							"minecraft:is_hidden_when_invisible": {},
							"minecraft:type_family": {
								"family": [
									"chicken",
									"mob"
								]
							},
							"minecraft:breathable": {
								"total_supply": 15,
								"suffocate_time": 0
							},
							"minecraft:collision_box": {
								"width": 0.6,
								"height": 0.8
							},
							"minecraft:nameable": {},
							"minecraft:health": {
								"value": 4,
								"max": 4
							},
							"minecraft:hurt_on_condition": {
								"damage_conditions": [
									{
										"filters": {
											"test": "in_lava",
											"subject": "self",
											"operator": "==",
											"value": true
										},
										"cause": "lava",
										"damage_per_tick": 4
									}
								]
							},
							"minecraft:movement": {
								"value": 0.25
							},
							"minecraft:damage_sensor": {
								"triggers": {
									"cause": "fall",
									"deals_damage": false
								}
							},
							"minecraft:leashable": {
								"soft_distance": 4,
								"hard_distance": 6,
								"max_distance": 10
							},
							"minecraft:balloonable": {
								"mass": 0.5
							},
							"minecraft:navigation.walk": {
								"can_path_over_water": true,
								"avoid_damage_blocks": true
							},
							"minecraft:movement.basic": {},
							"minecraft:jump.static": {},
							"minecraft:can_climb": {},
							"minecraft:despawn": {
								"despawn_from_distance": {}
							},
							"minecraft:behavior.float": {
								"priority": 0
							},
							"minecraft:behavior.panic": {
								"priority": 1,
								"speed_multiplier": 1.5
							},
							"minecraft:behavior.mount_pathing": {
								"priority": 2,
								"speed_multiplier": 1.5,
								"target_dist": 0,
								"track_target": true
							},
							"minecraft:behavior.tempt": {
								"priority": 4,
								"speed_multiplier": 1,
								"items": [
									"wheat_seeds",
									"beetroot_seeds",
									"melon_seeds",
									"pumpkin_seeds"
								]
							},
							"minecraft:behavior.random_stroll": {
								"priority": 6,
								"speed_multiplier": 1
							},
							"minecraft:behavior.look_at_player": {
								"priority": 7,
								"look_distance": 6,
								"probability": 0.02
							},
							"minecraft:behavior.random_look_around": {
								"priority": 8
							},
							"minecraft:physics": {},
							"minecraft:pushable": {
								"is_pushable": true,
								"is_pushable_by_piston": true
							},
							"minecraft:conditional_bandwidth_optimization": {},
							"minecraft:behavior.move_to_block": {
								"priority": 10,
								"tick_interval": 6,
								"start_chance": 0.15,
								"search_range": 6,
								"search_height": 4,
								"goal_radius": 1,
								"stay_duration": 20,
								"target_selection_method": "random",
								"target_offset": [
									0,
									1,
									0
								],
								"target_blocks": [
									"uf:chicken_coop"
								]
							}
						},
						"events": {
							"from_egg": {
								"add": {
									"component_groups": [
										"minecraft:chicken_baby"
									]
								}
							},
							"minecraft:entity_spawned": {
								"randomize": [
									{
										"weight": 95,
										"trigger": "minecraft:spawn_adult"
									},
									{
										"weight": 5,
										"add": {
											"component_groups": [
												"minecraft:chicken_baby"
											]
										}
									}
								]
							},
							"minecraft:entity_born": {
								"remove": {},
								"add": {
									"component_groups": [
										"minecraft:chicken_baby"
									]
								}
							},
							"minecraft:ageable_grow_up": {
								"remove": {
									"component_groups": [
										"minecraft:chicken_baby"
									]
								},
								"add": {
									"component_groups": [
										"minecraft:chicken_adult"
									]
								}
							},
							"minecraft:spawn_adult": {
								"add": {
									"component_groups": [
										"minecraft:chicken_adult"
									]
								}
							}
						}
					}
				},
				"key": "minecraft:entity",
				"children": [
					{
						"open": {
							"description": {
								"identifier": "minecraft:chicken",
								"is_spawnable": true,
								"is_summonable": true,
								"is_experimental": false
							},
							"component_groups": {
								"minecraft:chicken_baby": {
									"minecraft:is_baby": {},
									"minecraft:scale": {
										"value": 0.5
									},
									"minecraft:ageable": {
										"duration": 1200,
										"feed_items": [
											"wheat_seeds",
											"beetroot_seeds",
											"melon_seeds",
											"pumpkin_seeds"
										],
										"grow_up": {
											"event": "minecraft:ageable_grow_up",
											"target": "self"
										}
									},
									"minecraft:behavior.follow_parent": {
										"priority": 5,
										"speed_multiplier": 1.1
									}
								},
								"minecraft:chicken_adult": {
									"minecraft:experience_reward": {
										"on_bred": "Math.Random(1,7)",
										"on_death": "query.last_hit_by_player ? Math.Random(1,3) : 0"
									},
									"minecraft:loot": {
										"table": "loot_tables/entities/chicken.json"
									},
									"minecraft:breedable": {
										"require_tame": false,
										"breeds_with": {
											"mate_type": "minecraft:chicken",
											"baby_type": "minecraft:chicken",
											"breed_event": {
												"event": "minecraft:entity_born",
												"target": "baby"
											}
										},
										"breed_items": [
											"wheat_seeds",
											"beetroot_seeds",
											"melon_seeds",
											"pumpkin_seeds"
										]
									},
									"minecraft:behavior.breed": {
										"priority": 3,
										"speed_multiplier": 1
									},
									"minecraft:rideable": {
										"seat_count": 1,
										"family_types": [
											"zombie"
										],
										"seats": {
											"position": [
												0,
												0.4,
												0
											]
										}
									},
									"minecraft:spawn_entity": {
										"entities": {
											"min_wait_time": 300,
											"max_wait_time": 600,
											"spawn_sound": "plop",
											"spawn_item": "egg",
											"filters": {
												"test": "rider_count",
												"subject": "self",
												"operator": "==",
												"value": 0
											}
										}
									}
								}
							},
							"components": {
								"minecraft:is_hidden_when_invisible": {},
								"minecraft:type_family": {
									"family": [
										"chicken",
										"mob"
									]
								},
								"minecraft:breathable": {
									"total_supply": 15,
									"suffocate_time": 0
								},
								"minecraft:collision_box": {
									"width": 0.6,
									"height": 0.8
								},
								"minecraft:nameable": {},
								"minecraft:health": {
									"value": 4,
									"max": 4
								},
								"minecraft:hurt_on_condition": {
									"damage_conditions": [
										{
											"filters": {
												"test": "in_lava",
												"subject": "self",
												"operator": "==",
												"value": true
											},
											"cause": "lava",
											"damage_per_tick": 4
										}
									]
								},
								"minecraft:movement": {
									"value": 0.25
								},
								"minecraft:damage_sensor": {
									"triggers": {
										"cause": "fall",
										"deals_damage": false
									}
								},
								"minecraft:leashable": {
									"soft_distance": 4,
									"hard_distance": 6,
									"max_distance": 10
								},
								"minecraft:balloonable": {
									"mass": 0.5
								},
								"minecraft:navigation.walk": {
									"can_path_over_water": true,
									"avoid_damage_blocks": true
								},
								"minecraft:movement.basic": {},
								"minecraft:jump.static": {},
								"minecraft:can_climb": {},
								"minecraft:despawn": {
									"despawn_from_distance": {}
								},
								"minecraft:behavior.float": {
									"priority": 0
								},
								"minecraft:behavior.panic": {
									"priority": 1,
									"speed_multiplier": 1.5
								},
								"minecraft:behavior.mount_pathing": {
									"priority": 2,
									"speed_multiplier": 1.5,
									"target_dist": 0,
									"track_target": true
								},
								"minecraft:behavior.tempt": {
									"priority": 4,
									"speed_multiplier": 1,
									"items": [
										"wheat_seeds",
										"beetroot_seeds",
										"melon_seeds",
										"pumpkin_seeds"
									]
								},
								"minecraft:behavior.random_stroll": {
									"priority": 6,
									"speed_multiplier": 1
								},
								"minecraft:behavior.look_at_player": {
									"priority": 7,
									"look_distance": 6,
									"probability": 0.02
								},
								"minecraft:behavior.random_look_around": {
									"priority": 8
								},
								"minecraft:physics": {},
								"minecraft:pushable": {
									"is_pushable": true,
									"is_pushable_by_piston": true
								},
								"minecraft:conditional_bandwidth_optimization": {},
								"minecraft:behavior.move_to_block": {
									"priority": 10,
									"tick_interval": 6,
									"start_chance": 0.15,
									"search_range": 6,
									"search_height": 4,
									"goal_radius": 1,
									"stay_duration": 20,
									"target_selection_method": "random",
									"target_offset": [
										0,
										1,
										0
									],
									"target_blocks": [
										"uf:chicken_coop"
									]
								}
							},
							"events": {
								"from_egg": {
									"add": {
										"component_groups": [
											"minecraft:chicken_baby"
										]
									}
								},
								"minecraft:entity_spawned": {
									"randomize": [
										{
											"weight": 95,
											"trigger": "minecraft:spawn_adult"
										},
										{
											"weight": 5,
											"add": {
												"component_groups": [
													"minecraft:chicken_baby"
												]
											}
										}
									]
								},
								"minecraft:entity_born": {
									"remove": {},
									"add": {
										"component_groups": [
											"minecraft:chicken_baby"
										]
									}
								},
								"minecraft:ageable_grow_up": {
									"remove": {
										"component_groups": [
											"minecraft:chicken_baby"
										]
									},
									"add": {
										"component_groups": [
											"minecraft:chicken_adult"
										]
									}
								},
								"minecraft:spawn_adult": {
									"add": {
										"component_groups": [
											"minecraft:chicken_adult"
										]
									}
								}
							}
						},
						"key": "description",
						"is_minified": true,
						"children": {
							"identifier": "minecraft:chicken",
							"is_spawnable": true,
							"is_summonable": true,
							"is_experimental": false
						}
					},
					{
						"key": "component_groups",
						"is_minified": true,
						"children": {
							"minecraft:chicken_baby": {
								"minecraft:is_baby": {},
								"minecraft:scale": {
									"value": 0.5
								},
								"minecraft:ageable": {
									"duration": 1200,
									"feed_items": [
										"wheat_seeds",
										"beetroot_seeds",
										"melon_seeds",
										"pumpkin_seeds"
									],
									"grow_up": {
										"event": "minecraft:ageable_grow_up",
										"target": "self"
									}
								},
								"minecraft:behavior.follow_parent": {
									"priority": 5,
									"speed_multiplier": 1.1
								}
							},
							"minecraft:chicken_adult": {
								"minecraft:experience_reward": {
									"on_bred": "Math.Random(1,7)",
									"on_death": "query.last_hit_by_player ? Math.Random(1,3) : 0"
								},
								"minecraft:loot": {
									"table": "loot_tables/entities/chicken.json"
								},
								"minecraft:breedable": {
									"require_tame": false,
									"breeds_with": {
										"mate_type": "minecraft:chicken",
										"baby_type": "minecraft:chicken",
										"breed_event": {
											"event": "minecraft:entity_born",
											"target": "baby"
										}
									},
									"breed_items": [
										"wheat_seeds",
										"beetroot_seeds",
										"melon_seeds",
										"pumpkin_seeds"
									]
								},
								"minecraft:behavior.breed": {
									"priority": 3,
									"speed_multiplier": 1
								},
								"minecraft:rideable": {
									"seat_count": 1,
									"family_types": [
										"zombie"
									],
									"seats": {
										"position": [
											0,
											0.4,
											0
										]
									}
								},
								"minecraft:spawn_entity": {
									"entities": {
										"min_wait_time": 300,
										"max_wait_time": 600,
										"spawn_sound": "plop",
										"spawn_item": "egg",
										"filters": {
											"test": "rider_count",
											"subject": "self",
											"operator": "==",
											"value": 0
										}
									}
								}
							}
						}
					},
					{
						"open": {
							"description": {
								"identifier": "minecraft:chicken",
								"is_spawnable": true,
								"is_summonable": true,
								"is_experimental": false
							},
							"component_groups": {
								"minecraft:chicken_baby": {
									"minecraft:is_baby": {},
									"minecraft:scale": {
										"value": 0.5
									},
									"minecraft:ageable": {
										"duration": 1200,
										"feed_items": [
											"wheat_seeds",
											"beetroot_seeds",
											"melon_seeds",
											"pumpkin_seeds"
										],
										"grow_up": {
											"event": "minecraft:ageable_grow_up",
											"target": "self"
										}
									},
									"minecraft:behavior.follow_parent": {
										"priority": 5,
										"speed_multiplier": 1.1
									}
								},
								"minecraft:chicken_adult": {
									"minecraft:experience_reward": {
										"on_bred": "Math.Random(1,7)",
										"on_death": "query.last_hit_by_player ? Math.Random(1,3) : 0"
									},
									"minecraft:loot": {
										"table": "loot_tables/entities/chicken.json"
									},
									"minecraft:breedable": {
										"require_tame": false,
										"breeds_with": {
											"mate_type": "minecraft:chicken",
											"baby_type": "minecraft:chicken",
											"breed_event": {
												"event": "minecraft:entity_born",
												"target": "baby"
											}
										},
										"breed_items": [
											"wheat_seeds",
											"beetroot_seeds",
											"melon_seeds",
											"pumpkin_seeds"
										]
									},
									"minecraft:behavior.breed": {
										"priority": 3,
										"speed_multiplier": 1
									},
									"minecraft:rideable": {
										"seat_count": 1,
										"family_types": [
											"zombie"
										],
										"seats": {
											"position": [
												0,
												0.4,
												0
											]
										}
									},
									"minecraft:spawn_entity": {
										"entities": {
											"min_wait_time": 300,
											"max_wait_time": 600,
											"spawn_sound": "plop",
											"spawn_item": "egg",
											"filters": {
												"test": "rider_count",
												"subject": "self",
												"operator": "==",
												"value": 0
											}
										}
									}
								}
							},
							"components": {
								"minecraft:is_hidden_when_invisible": {},
								"minecraft:type_family": {
									"family": [
										"chicken",
										"mob"
									]
								},
								"minecraft:breathable": {
									"total_supply": 15,
									"suffocate_time": 0
								},
								"minecraft:collision_box": {
									"width": 0.6,
									"height": 0.8
								},
								"minecraft:nameable": {},
								"minecraft:health": {
									"value": 4,
									"max": 4
								},
								"minecraft:hurt_on_condition": {
									"damage_conditions": [
										{
											"filters": {
												"test": "in_lava",
												"subject": "self",
												"operator": "==",
												"value": true
											},
											"cause": "lava",
											"damage_per_tick": 4
										}
									]
								},
								"minecraft:movement": {
									"value": 0.25
								},
								"minecraft:damage_sensor": {
									"triggers": {
										"cause": "fall",
										"deals_damage": false
									}
								},
								"minecraft:leashable": {
									"soft_distance": 4,
									"hard_distance": 6,
									"max_distance": 10
								},
								"minecraft:balloonable": {
									"mass": 0.5
								},
								"minecraft:navigation.walk": {
									"can_path_over_water": true,
									"avoid_damage_blocks": true
								},
								"minecraft:movement.basic": {},
								"minecraft:jump.static": {},
								"minecraft:can_climb": {},
								"minecraft:despawn": {
									"despawn_from_distance": {}
								},
								"minecraft:behavior.float": {
									"priority": 0
								},
								"minecraft:behavior.panic": {
									"priority": 1,
									"speed_multiplier": 1.5
								},
								"minecraft:behavior.mount_pathing": {
									"priority": 2,
									"speed_multiplier": 1.5,
									"target_dist": 0,
									"track_target": true
								},
								"minecraft:behavior.tempt": {
									"priority": 4,
									"speed_multiplier": 1,
									"items": [
										"wheat_seeds",
										"beetroot_seeds",
										"melon_seeds",
										"pumpkin_seeds"
									]
								},
								"minecraft:behavior.random_stroll": {
									"priority": 6,
									"speed_multiplier": 1
								},
								"minecraft:behavior.look_at_player": {
									"priority": 7,
									"look_distance": 6,
									"probability": 0.02
								},
								"minecraft:behavior.random_look_around": {
									"priority": 8
								},
								"minecraft:physics": {},
								"minecraft:pushable": {
									"is_pushable": true,
									"is_pushable_by_piston": true
								},
								"minecraft:conditional_bandwidth_optimization": {},
								"minecraft:behavior.move_to_block": {
									"priority": 10,
									"tick_interval": 6,
									"start_chance": 0.15,
									"search_range": 6,
									"search_height": 4,
									"goal_radius": 1,
									"stay_duration": 20,
									"target_selection_method": "random",
									"target_offset": [
										0,
										1,
										0
									],
									"target_blocks": [
										"uf:chicken_coop"
									]
								}
							},
							"events": {
								"from_egg": {
									"add": {
										"component_groups": [
											"minecraft:chicken_baby"
										]
									}
								},
								"minecraft:entity_spawned": {
									"randomize": [
										{
											"weight": 95,
											"trigger": "minecraft:spawn_adult"
										},
										{
											"weight": 5,
											"add": {
												"component_groups": [
													"minecraft:chicken_baby"
												]
											}
										}
									]
								},
								"minecraft:entity_born": {
									"remove": {},
									"add": {
										"component_groups": [
											"minecraft:chicken_baby"
										]
									}
								},
								"minecraft:ageable_grow_up": {
									"remove": {
										"component_groups": [
											"minecraft:chicken_baby"
										]
									},
									"add": {
										"component_groups": [
											"minecraft:chicken_adult"
										]
									}
								},
								"minecraft:spawn_adult": {
									"add": {
										"component_groups": [
											"minecraft:chicken_adult"
										]
									}
								}
							}
						},
						"key": "components",
						"children": [
							{
								"key": "minecraft:is_hidden_when_invisible",
								"is_minified": true,
								"children": {}
							},
							{
								"key": "minecraft:type_family",
								"is_minified": true,
								"children": {
									"family": [
										"chicken",
										"mob"
									]
								}
							},
							{
								"key": "minecraft:breathable",
								"is_minified": true,
								"children": {
									"total_supply": 15,
									"suffocate_time": 0
								}
							},
							{
								"key": "minecraft:collision_box",
								"is_minified": true,
								"children": {
									"width": 0.6,
									"height": 0.8
								}
							},
							{
								"key": "minecraft:nameable",
								"is_minified": true,
								"children": {}
							},
							{
								"key": "minecraft:health",
								"is_minified": true,
								"children": {
									"value": 4,
									"max": 4
								}
							},
							{
								"key": "minecraft:hurt_on_condition",
								"is_minified": true,
								"children": {
									"damage_conditions": [
										{
											"filters": {
												"test": "in_lava",
												"subject": "self",
												"operator": "==",
												"value": true
											},
											"cause": "lava",
											"damage_per_tick": 4
										}
									]
								}
							},
							{
								"key": "minecraft:movement",
								"is_minified": true,
								"children": {
									"value": 0.25
								}
							},
							{
								"key": "minecraft:damage_sensor",
								"is_minified": true,
								"children": {
									"triggers": {
										"cause": "fall",
										"deals_damage": false
									}
								}
							},
							{
								"key": "minecraft:leashable",
								"is_minified": true,
								"children": {
									"soft_distance": 4,
									"hard_distance": 6,
									"max_distance": 10
								}
							},
							{
								"key": "minecraft:balloonable",
								"is_minified": true,
								"children": {
									"mass": 0.5
								}
							},
							{
								"key": "minecraft:navigation.walk",
								"is_minified": true,
								"children": {
									"can_path_over_water": true,
									"avoid_damage_blocks": true
								}
							},
							{
								"key": "minecraft:movement.basic",
								"is_minified": true,
								"children": {}
							},
							{
								"key": "minecraft:jump.static",
								"is_minified": true,
								"children": {}
							},
							{
								"key": "minecraft:can_climb",
								"is_minified": true,
								"children": {}
							},
							{
								"key": "minecraft:despawn",
								"is_minified": true,
								"children": {
									"despawn_from_distance": {}
								}
							},
							{
								"key": "minecraft:behavior.float",
								"is_minified": true,
								"children": {
									"priority": 0
								}
							},
							{
								"key": "minecraft:behavior.panic",
								"is_minified": true,
								"children": {
									"priority": 1,
									"speed_multiplier": 1.5
								}
							},
							{
								"key": "minecraft:behavior.mount_pathing",
								"is_minified": true,
								"children": {
									"priority": 2,
									"speed_multiplier": 1.5,
									"target_dist": 0,
									"track_target": true
								}
							},
							{
								"key": "minecraft:behavior.tempt",
								"is_minified": true,
								"children": {
									"priority": 4,
									"speed_multiplier": 1,
									"items": [
										"wheat_seeds",
										"beetroot_seeds",
										"melon_seeds",
										"pumpkin_seeds"
									]
								}
							},
							{
								"key": "minecraft:behavior.random_stroll",
								"is_minified": true,
								"children": {
									"priority": 6,
									"speed_multiplier": 1
								}
							},
							{
								"key": "minecraft:behavior.look_at_player",
								"is_minified": true,
								"children": {
									"priority": 7,
									"look_distance": 6,
									"probability": 0.02
								}
							},
							{
								"key": "minecraft:behavior.random_look_around",
								"is_minified": true,
								"children": {
									"priority": 8
								}
							},
							{
								"key": "minecraft:physics",
								"is_minified": true,
								"children": {}
							},
							{
								"key": "minecraft:pushable",
								"is_minified": true,
								"children": {
									"is_pushable": true,
									"is_pushable_by_piston": true
								}
							},
							{
								"key": "minecraft:conditional_bandwidth_optimization",
								"is_minified": true,
								"children": {}
							},
							{
								"open": {
									"minecraft:is_hidden_when_invisible": {},
									"minecraft:type_family": {
										"family": [
											"chicken",
											"mob"
										]
									},
									"minecraft:breathable": {
										"total_supply": 15,
										"suffocate_time": 0
									},
									"minecraft:collision_box": {
										"width": 0.6,
										"height": 0.8
									},
									"minecraft:nameable": {},
									"minecraft:health": {
										"value": 4,
										"max": 4
									},
									"minecraft:hurt_on_condition": {
										"damage_conditions": [
											{
												"filters": {
													"test": "in_lava",
													"subject": "self",
													"operator": "==",
													"value": true
												},
												"cause": "lava",
												"damage_per_tick": 4
											}
										]
									},
									"minecraft:movement": {
										"value": 0.25
									},
									"minecraft:damage_sensor": {
										"triggers": {
											"cause": "fall",
											"deals_damage": false
										}
									},
									"minecraft:leashable": {
										"soft_distance": 4,
										"hard_distance": 6,
										"max_distance": 10
									},
									"minecraft:balloonable": {
										"mass": 0.5
									},
									"minecraft:navigation.walk": {
										"can_path_over_water": true,
										"avoid_damage_blocks": true
									},
									"minecraft:movement.basic": {},
									"minecraft:jump.static": {},
									"minecraft:can_climb": {},
									"minecraft:despawn": {
										"despawn_from_distance": {}
									},
									"minecraft:behavior.float": {
										"priority": 0
									},
									"minecraft:behavior.panic": {
										"priority": 1,
										"speed_multiplier": 1.5
									},
									"minecraft:behavior.mount_pathing": {
										"priority": 2,
										"speed_multiplier": 1.5,
										"target_dist": 0,
										"track_target": true
									},
									"minecraft:behavior.tempt": {
										"priority": 4,
										"speed_multiplier": 1,
										"items": [
											"wheat_seeds",
											"beetroot_seeds",
											"melon_seeds",
											"pumpkin_seeds"
										]
									},
									"minecraft:behavior.random_stroll": {
										"priority": 6,
										"speed_multiplier": 1
									},
									"minecraft:behavior.look_at_player": {
										"priority": 7,
										"look_distance": 6,
										"probability": 0.02
									},
									"minecraft:behavior.random_look_around": {
										"priority": 8
									},
									"minecraft:physics": {},
									"minecraft:pushable": {
										"is_pushable": true,
										"is_pushable_by_piston": true
									},
									"minecraft:conditional_bandwidth_optimization": {},
									"minecraft:behavior.move_to_block": {
										"priority": 10,
										"tick_interval": 6,
										"start_chance": 0.15,
										"search_range": 6,
										"search_height": 4,
										"goal_radius": 1,
										"stay_duration": 20,
										"target_selection_method": "random",
										"target_offset": [
											0,
											1,
											0
										],
										"target_blocks": [
											"uf:chicken_coop"
										]
									}
								},
								"key": "minecraft:behavior.move_to_block",
								"children": [
									{
										"data": "10",
										"key": "priority"
									},
									{
										"open": {
											"priority": 10,
											"tick_interval": 6,
											"start_chance": 0.15,
											"search_range": 6,
											"search_height": 4,
											"goal_radius": 1,
											"stay_duration": 20,
											"target_selection_method": "random",
											"target_offset": [
												0,
												1,
												0
											],
											"target_blocks": [
												"uf:chicken_coop"
											]
										},
										"data": "6",
										"key": "tick_interval"
									},
									{
										"open": {
											"priority": 10,
											"tick_interval": 6,
											"start_chance": 0.15,
											"search_range": 6,
											"search_height": 4,
											"goal_radius": 1,
											"stay_duration": 20,
											"target_selection_method": "random",
											"target_offset": [
												0,
												1,
												0
											],
											"target_blocks": [
												"uf:chicken_coop"
											]
										},
										"data": "0.15",
										"key": "start_chance"
									},
									{
										"data": "6",
										"key": "search_range"
									},
									{
										"data": "4",
										"key": "search_height"
									},
									{
										"data": "1",
										"key": "goal_radius"
									},
									{
										"data": "20",
										"key": "stay_duration"
									},
									{
										"data": "random",
										"key": "target_selection_method"
									},
									{
										"key": "target_offset",
										"is_minified": true,
										"children": [
											0,
											1,
											0
										]
									},
									{
										"open": {
											"priority": 10,
											"tick_interval": 6,
											"start_chance": 0.15,
											"search_range": 6,
											"search_height": 4,
											"goal_radius": 1,
											"stay_duration": 20,
											"target_selection_method": "random",
											"target_offset": [
												0,
												1,
												0
											],
											"target_blocks": [
												"uf:chicken_coop"
											]
										},
										"key": "target_blocks",
										"is_minified": true,
										"children": [
											"uf:chicken_coop"
										]
									}
								]
							}
						]
					},
					{
						"key": "events",
						"is_minified": true,
						"children": {
							"from_egg": {
								"add": {
									"component_groups": [
										"minecraft:chicken_baby"
									]
								}
							},
							"minecraft:entity_spawned": {
								"randomize": [
									{
										"weight": 95,
										"trigger": "minecraft:spawn_adult"
									},
									{
										"weight": 5,
										"add": {
											"component_groups": [
												"minecraft:chicken_baby"
											]
										}
									}
								]
							},
							"minecraft:entity_born": {
								"remove": {},
								"add": {
									"component_groups": [
										"minecraft:chicken_baby"
									]
								}
							},
							"minecraft:ageable_grow_up": {
								"remove": {
									"component_groups": [
										"minecraft:chicken_baby"
									]
								},
								"add": {
									"component_groups": [
										"minecraft:chicken_adult"
									]
								}
							},
							"minecraft:spawn_adult": {
								"add": {
									"component_groups": [
										"minecraft:chicken_adult"
									]
								}
							}
						}
					}
				]
			}
		]
	}
}