{
	"file_path": "C:\\Users\\chupi\\AppData\\Local\\Packages\\Microsoft.MinecraftUWP_8wekyb3d8bbwe\\LocalState\\games\\com.mojang\\development_behavior_packs\\Ultra Farming Addon\\entities\\cow.json",
	"file_type": "entity",
	"format_version": 1,
	"file_uuid": "d88f41e8_6956_446d_9f95_9dda41d25abf",
	"file_version": 16,
	"cache_content": {
		"children": [
			{
				"data": "1.16.0",
				"key": "format_version"
			},
			{
				"open": {
					"format_version": "1.16.0",
					"minecraft:entity": {
						"description": {
							"identifier": "minecraft:cow",
							"is_spawnable": true,
							"is_summonable": true,
							"is_experimental": false
						},
						"component_groups": {
							"minecraft:cow_baby": {
								"minecraft:is_baby": {},
								"minecraft:scale": {
									"value": 0.5
								},
								"minecraft:ageable": {
									"duration": 1200,
									"feed_items": "wheat",
									"grow_up": {
										"event": "minecraft:ageable_grow_up",
										"target": "self"
									}
								},
								"minecraft:behavior.follow_parent": {
									"priority": 6,
									"speed_multiplier": 1.1
								}
							},
							"minecraft:cow_adult": {
								"minecraft:experience_reward": {
									"on_bred": "Math.Random(1,7)",
									"on_death": "query.last_hit_by_player ? Math.Random(1,3) : 0"
								},
								"minecraft:loot": {
									"table": "loot_tables/entities/cow.json"
								},
								"minecraft:behavior.breed": {
									"priority": 3,
									"speed_multiplier": 1
								},
								"minecraft:breedable": {
									"require_tame": false,
									"breed_items": "wheat",
									"breeds_with": {
										"mate_type": "minecraft:cow",
										"baby_type": "minecraft:cow",
										"breed_event": {
											"event": "minecraft:entity_born",
											"target": "baby"
										}
									}
								},
								"minecraft:interact": {
									"interactions": [
										{
											"on_interact": {
												"filters": {
													"all_of": [
														{
															"test": "is_family",
															"subject": "other",
															"value": "player"
														},
														{
															"test": "has_equipment",
															"domain": "hand",
															"subject": "other",
															"value": "bucket:0"
														}
													]
												}
											},
											"use_item": true,
											"transform_to_item": "bucket:1",
											"play_sounds": "milk",
											"interact_text": "action.interact.milk"
										}
									]
								}
							}
						},
						"components": {
							"minecraft:is_hidden_when_invisible": {},
							"minecraft:type_family": {
								"family": [
									"cow",
									"mob"
								]
							},
							"minecraft:breathable": {
								"total_supply": 15,
								"suffocate_time": 0
							},
							"minecraft:navigation.walk": {
								"can_path_over_water": true,
								"avoid_water": true,
								"avoid_damage_blocks": true
							},
							"minecraft:movement.basic": {},
							"minecraft:jump.static": {},
							"minecraft:can_climb": {},
							"minecraft:collision_box": {
								"width": 0.9,
								"height": 1.3
							},
							"minecraft:nameable": {},
							"minecraft:health": {
								"value": 10,
								"max": 10
							},
							"minecraft:hurt_on_condition": {
								"damage_conditions": [
									{
										"filters": {
											"test": "in_lava",
											"subject": "self",
											"operator": "==",
											"value": true
										},
										"cause": "lava",
										"damage_per_tick": 4
									}
								]
							},
							"minecraft:movement": {
								"value": 0.25
							},
							"minecraft:despawn": {
								"despawn_from_distance": {}
							},
							"minecraft:behavior.float": {
								"priority": 0
							},
							"minecraft:behavior.panic": {
								"priority": 1,
								"speed_multiplier": 1.25
							},
							"minecraft:behavior.mount_pathing": {
								"priority": 2,
								"speed_multiplier": 1.5,
								"target_dist": 0,
								"track_target": true
							},
							"minecraft:behavior.breed": {
								"priority": 3,
								"speed_multiplier": 1
							},
							"minecraft:behavior.tempt": {
								"priority": 4,
								"speed_multiplier": 1.25,
								"items": [
									"wheat"
								]
							},
							"minecraft:behavior.follow_parent": {
								"priority": 5,
								"speed_multiplier": 1.1
							},
							"minecraft:behavior.random_stroll": {
								"priority": 6,
								"speed_multiplier": 0.8
							},
							"minecraft:behavior.look_at_player": {
								"priority": 7,
								"look_distance": 6,
								"probability": 0.02
							},
							"minecraft:behavior.random_look_around": {
								"priority": 9
							},
							"minecraft:leashable": {
								"soft_distance": 4,
								"hard_distance": 6,
								"max_distance": 10
							},
							"minecraft:balloonable": {},
							"minecraft:rideable": {
								"seat_count": 1,
								"family_types": [
									"zombie"
								],
								"seats": {
									"position": [
										0,
										1.105,
										0
									]
								}
							},
							"minecraft:physics": {},
							"minecraft:pushable": {
								"is_pushable": true,
								"is_pushable_by_piston": true
							},
							"minecraft:conditional_bandwidth_optimization": {},
							"minecraft:behavior.eat_block": {
								"priority": 10,
								"success_chance": "query.is_baby ? 0.1 : 0.08",
								"time_until_eat": 0.4,
								"eat_and_replace_block_pairs": [
									{
										"eat_block": "uf:wheat_feeder_3",
										"replace_block": "uf:wheat_feeder_2"
									},
									{
										"eat_block": "uf:wheat_feeder_2",
										"replace_block": "uf:wheat_feeder_1"
									},
									{
										"eat_block": "uf:wheat_feeder_1",
										"replace_block": "uf:wheat_feeder"
									}
								],
								"on_eat": {
									"event": "minecraft:ageable_grow_up",
									"target": "self"
								}
							},
							"minecraft:behavior.move_to_block": {
								"priority": 10,
								"tick_interval": 1,
								"start_chance": 0.5,
								"search_range": 6,
								"search_height": 4,
								"goal_radius": 1,
								"stay_duration": 20,
								"target_selection_method": "random",
								"target_offset": [
									0,
									1,
									0
								],
								"target_blocks": [
									"uf:wheat_feeder_1",
									"uf:wheat_feeder_2",
									"uf:wheat_feeder_3"
								]
							}
						},
						"events": {
							"minecraft:entity_spawned": {
								"randomize": [
									{
										"weight": 95,
										"trigger": "minecraft:spawn_adult"
									},
									{
										"weight": 5,
										"add": {
											"component_groups": [
												"minecraft:cow_baby"
											]
										}
									}
								]
							},
							"minecraft:entity_born": {
								"add": {
									"component_groups": [
										"minecraft:cow_baby"
									]
								}
							},
							"minecraft:entity_transformed": {
								"remove": {},
								"add": {
									"component_groups": [
										"minecraft:cow_adult"
									]
								}
							},
							"minecraft:ageable_grow_up": {
								"remove": {
									"component_groups": [
										"minecraft:cow_baby"
									]
								},
								"add": {
									"component_groups": [
										"minecraft:cow_adult"
									]
								}
							},
							"minecraft:spawn_adult": {
								"add": {
									"component_groups": [
										"minecraft:cow_adult"
									]
								}
							}
						}
					}
				},
				"key": "minecraft:entity",
				"children": [
					{
						"key": "description",
						"is_minified": true,
						"children": {
							"identifier": "minecraft:cow",
							"is_spawnable": true,
							"is_summonable": true,
							"is_experimental": false
						}
					},
					{
						"key": "component_groups",
						"is_minified": true,
						"children": {
							"minecraft:cow_baby": {
								"minecraft:is_baby": {},
								"minecraft:scale": {
									"value": 0.5
								},
								"minecraft:ageable": {
									"duration": 1200,
									"feed_items": "wheat",
									"grow_up": {
										"event": "minecraft:ageable_grow_up",
										"target": "self"
									}
								},
								"minecraft:behavior.follow_parent": {
									"priority": 6,
									"speed_multiplier": 1.1
								}
							},
							"minecraft:cow_adult": {
								"minecraft:experience_reward": {
									"on_bred": "Math.Random(1,7)",
									"on_death": "query.last_hit_by_player ? Math.Random(1,3) : 0"
								},
								"minecraft:loot": {
									"table": "loot_tables/entities/cow.json"
								},
								"minecraft:behavior.breed": {
									"priority": 3,
									"speed_multiplier": 1
								},
								"minecraft:breedable": {
									"require_tame": false,
									"breed_items": "wheat",
									"breeds_with": {
										"mate_type": "minecraft:cow",
										"baby_type": "minecraft:cow",
										"breed_event": {
											"event": "minecraft:entity_born",
											"target": "baby"
										}
									}
								},
								"minecraft:interact": {
									"interactions": [
										{
											"on_interact": {
												"filters": {
													"all_of": [
														{
															"test": "is_family",
															"subject": "other",
															"value": "player"
														},
														{
															"test": "has_equipment",
															"domain": "hand",
															"subject": "other",
															"value": "bucket:0"
														}
													]
												}
											},
											"use_item": true,
											"transform_to_item": "bucket:1",
											"play_sounds": "milk",
											"interact_text": "action.interact.milk"
										}
									]
								}
							}
						}
					},
					{
						"open": {
							"description": {
								"identifier": "minecraft:cow",
								"is_spawnable": true,
								"is_summonable": true,
								"is_experimental": false
							},
							"component_groups": {
								"minecraft:cow_baby": {
									"minecraft:is_baby": {},
									"minecraft:scale": {
										"value": 0.5
									},
									"minecraft:ageable": {
										"duration": 1200,
										"feed_items": "wheat",
										"grow_up": {
											"event": "minecraft:ageable_grow_up",
											"target": "self"
										}
									},
									"minecraft:behavior.follow_parent": {
										"priority": 6,
										"speed_multiplier": 1.1
									}
								},
								"minecraft:cow_adult": {
									"minecraft:experience_reward": {
										"on_bred": "Math.Random(1,7)",
										"on_death": "query.last_hit_by_player ? Math.Random(1,3) : 0"
									},
									"minecraft:loot": {
										"table": "loot_tables/entities/cow.json"
									},
									"minecraft:behavior.breed": {
										"priority": 3,
										"speed_multiplier": 1
									},
									"minecraft:breedable": {
										"require_tame": false,
										"breed_items": "wheat",
										"breeds_with": {
											"mate_type": "minecraft:cow",
											"baby_type": "minecraft:cow",
											"breed_event": {
												"event": "minecraft:entity_born",
												"target": "baby"
											}
										}
									},
									"minecraft:interact": {
										"interactions": [
											{
												"on_interact": {
													"filters": {
														"all_of": [
															{
																"test": "is_family",
																"subject": "other",
																"value": "player"
															},
															{
																"test": "has_equipment",
																"domain": "hand",
																"subject": "other",
																"value": "bucket:0"
															}
														]
													}
												},
												"use_item": true,
												"transform_to_item": "bucket:1",
												"play_sounds": "milk",
												"interact_text": "action.interact.milk"
											}
										]
									}
								}
							},
							"components": {
								"minecraft:is_hidden_when_invisible": {},
								"minecraft:type_family": {
									"family": [
										"cow",
										"mob"
									]
								},
								"minecraft:breathable": {
									"total_supply": 15,
									"suffocate_time": 0
								},
								"minecraft:navigation.walk": {
									"can_path_over_water": true,
									"avoid_water": true,
									"avoid_damage_blocks": true
								},
								"minecraft:movement.basic": {},
								"minecraft:jump.static": {},
								"minecraft:can_climb": {},
								"minecraft:collision_box": {
									"width": 0.9,
									"height": 1.3
								},
								"minecraft:nameable": {},
								"minecraft:health": {
									"value": 10,
									"max": 10
								},
								"minecraft:hurt_on_condition": {
									"damage_conditions": [
										{
											"filters": {
												"test": "in_lava",
												"subject": "self",
												"operator": "==",
												"value": true
											},
											"cause": "lava",
											"damage_per_tick": 4
										}
									]
								},
								"minecraft:movement": {
									"value": 0.25
								},
								"minecraft:despawn": {
									"despawn_from_distance": {}
								},
								"minecraft:behavior.float": {
									"priority": 0
								},
								"minecraft:behavior.panic": {
									"priority": 1,
									"speed_multiplier": 1.25
								},
								"minecraft:behavior.mount_pathing": {
									"priority": 2,
									"speed_multiplier": 1.5,
									"target_dist": 0,
									"track_target": true
								},
								"minecraft:behavior.breed": {
									"priority": 3,
									"speed_multiplier": 1
								},
								"minecraft:behavior.tempt": {
									"priority": 4,
									"speed_multiplier": 1.25,
									"items": [
										"wheat"
									]
								},
								"minecraft:behavior.follow_parent": {
									"priority": 5,
									"speed_multiplier": 1.1
								},
								"minecraft:behavior.random_stroll": {
									"priority": 6,
									"speed_multiplier": 0.8
								},
								"minecraft:behavior.look_at_player": {
									"priority": 7,
									"look_distance": 6,
									"probability": 0.02
								},
								"minecraft:behavior.random_look_around": {
									"priority": 9
								},
								"minecraft:leashable": {
									"soft_distance": 4,
									"hard_distance": 6,
									"max_distance": 10
								},
								"minecraft:balloonable": {},
								"minecraft:rideable": {
									"seat_count": 1,
									"family_types": [
										"zombie"
									],
									"seats": {
										"position": [
											0,
											1.105,
											0
										]
									}
								},
								"minecraft:physics": {},
								"minecraft:pushable": {
									"is_pushable": true,
									"is_pushable_by_piston": true
								},
								"minecraft:conditional_bandwidth_optimization": {},
								"minecraft:behavior.eat_block": {
									"priority": 10,
									"success_chance": "query.is_baby ? 0.1 : 0.08",
									"time_until_eat": 0.4,
									"eat_and_replace_block_pairs": [
										{
											"eat_block": "uf:wheat_feeder_3",
											"replace_block": "uf:wheat_feeder_2"
										},
										{
											"eat_block": "uf:wheat_feeder_2",
											"replace_block": "uf:wheat_feeder_1"
										},
										{
											"eat_block": "uf:wheat_feeder_1",
											"replace_block": "uf:wheat_feeder"
										}
									],
									"on_eat": {
										"event": "minecraft:ageable_grow_up",
										"target": "self"
									}
								},
								"minecraft:behavior.move_to_block": {
									"priority": 10,
									"tick_interval": 1,
									"start_chance": 0.5,
									"search_range": 6,
									"search_height": 4,
									"goal_radius": 1,
									"stay_duration": 20,
									"target_selection_method": "random",
									"target_offset": [
										0,
										1,
										0
									],
									"target_blocks": [
										"uf:wheat_feeder_1",
										"uf:wheat_feeder_2",
										"uf:wheat_feeder_3"
									]
								}
							},
							"events": {
								"minecraft:entity_spawned": {
									"randomize": [
										{
											"weight": 95,
											"trigger": "minecraft:spawn_adult"
										},
										{
											"weight": 5,
											"add": {
												"component_groups": [
													"minecraft:cow_baby"
												]
											}
										}
									]
								},
								"minecraft:entity_born": {
									"add": {
										"component_groups": [
											"minecraft:cow_baby"
										]
									}
								},
								"minecraft:entity_transformed": {
									"remove": {},
									"add": {
										"component_groups": [
											"minecraft:cow_adult"
										]
									}
								},
								"minecraft:ageable_grow_up": {
									"remove": {
										"component_groups": [
											"minecraft:cow_baby"
										]
									},
									"add": {
										"component_groups": [
											"minecraft:cow_adult"
										]
									}
								},
								"minecraft:spawn_adult": {
									"add": {
										"component_groups": [
											"minecraft:cow_adult"
										]
									}
								}
							}
						},
						"key": "components",
						"children": [
							{
								"key": "minecraft:is_hidden_when_invisible",
								"is_minified": true,
								"children": {}
							},
							{
								"key": "minecraft:type_family",
								"is_minified": true,
								"children": {
									"family": [
										"cow",
										"mob"
									]
								}
							},
							{
								"key": "minecraft:breathable",
								"is_minified": true,
								"children": {
									"total_supply": 15,
									"suffocate_time": 0
								}
							},
							{
								"key": "minecraft:navigation.walk",
								"is_minified": true,
								"children": {
									"can_path_over_water": true,
									"avoid_water": true,
									"avoid_damage_blocks": true
								}
							},
							{
								"key": "minecraft:movement.basic",
								"is_minified": true,
								"children": {}
							},
							{
								"key": "minecraft:jump.static",
								"is_minified": true,
								"children": {}
							},
							{
								"key": "minecraft:can_climb",
								"is_minified": true,
								"children": {}
							},
							{
								"key": "minecraft:collision_box",
								"is_minified": true,
								"children": {
									"width": 0.9,
									"height": 1.3
								}
							},
							{
								"key": "minecraft:nameable",
								"is_minified": true,
								"children": {}
							},
							{
								"key": "minecraft:health",
								"is_minified": true,
								"children": {
									"value": 10,
									"max": 10
								}
							},
							{
								"key": "minecraft:hurt_on_condition",
								"is_minified": true,
								"children": {
									"damage_conditions": [
										{
											"filters": {
												"test": "in_lava",
												"subject": "self",
												"operator": "==",
												"value": true
											},
											"cause": "lava",
											"damage_per_tick": 4
										}
									]
								}
							},
							{
								"key": "minecraft:movement",
								"is_minified": true,
								"children": {
									"value": 0.25
								}
							},
							{
								"key": "minecraft:despawn",
								"is_minified": true,
								"children": {
									"despawn_from_distance": {}
								}
							},
							{
								"key": "minecraft:behavior.float",
								"is_minified": true,
								"children": {
									"priority": 0
								}
							},
							{
								"key": "minecraft:behavior.panic",
								"is_minified": true,
								"children": {
									"priority": 1,
									"speed_multiplier": 1.25
								}
							},
							{
								"key": "minecraft:behavior.mount_pathing",
								"is_minified": true,
								"children": {
									"priority": 2,
									"speed_multiplier": 1.5,
									"target_dist": 0,
									"track_target": true
								}
							},
							{
								"key": "minecraft:behavior.breed",
								"is_minified": true,
								"children": {
									"priority": 3,
									"speed_multiplier": 1
								}
							},
							{
								"open": {
									"minecraft:is_hidden_when_invisible": {},
									"minecraft:type_family": {
										"family": [
											"cow",
											"mob"
										]
									},
									"minecraft:breathable": {
										"total_supply": 15,
										"suffocate_time": 0
									},
									"minecraft:navigation.walk": {
										"can_path_over_water": true,
										"avoid_water": true,
										"avoid_damage_blocks": true
									},
									"minecraft:movement.basic": {},
									"minecraft:jump.static": {},
									"minecraft:can_climb": {},
									"minecraft:collision_box": {
										"width": 0.9,
										"height": 1.3
									},
									"minecraft:nameable": {},
									"minecraft:health": {
										"value": 10,
										"max": 10
									},
									"minecraft:hurt_on_condition": {
										"damage_conditions": [
											{
												"filters": {
													"test": "in_lava",
													"subject": "self",
													"operator": "==",
													"value": true
												},
												"cause": "lava",
												"damage_per_tick": 4
											}
										]
									},
									"minecraft:movement": {
										"value": 0.25
									},
									"minecraft:despawn": {
										"despawn_from_distance": {}
									},
									"minecraft:behavior.float": {
										"priority": 0
									},
									"minecraft:behavior.panic": {
										"priority": 1,
										"speed_multiplier": 1.25
									},
									"minecraft:behavior.mount_pathing": {
										"priority": 2,
										"speed_multiplier": 1.5,
										"target_dist": 0,
										"track_target": true
									},
									"minecraft:behavior.breed": {
										"priority": 3,
										"speed_multiplier": 1
									},
									"minecraft:behavior.tempt": {
										"priority": 4,
										"speed_multiplier": 1.25,
										"items": [
											"wheat"
										]
									},
									"minecraft:behavior.follow_parent": {
										"priority": 5,
										"speed_multiplier": 1.1
									},
									"minecraft:behavior.random_stroll": {
										"priority": 6,
										"speed_multiplier": 0.8
									},
									"minecraft:behavior.look_at_player": {
										"priority": 7,
										"look_distance": 6,
										"probability": 0.02
									},
									"minecraft:behavior.random_look_around": {
										"priority": 9
									},
									"minecraft:leashable": {
										"soft_distance": 4,
										"hard_distance": 6,
										"max_distance": 10
									},
									"minecraft:balloonable": {},
									"minecraft:rideable": {
										"seat_count": 1,
										"family_types": [
											"zombie"
										],
										"seats": {
											"position": [
												0,
												1.105,
												0
											]
										}
									},
									"minecraft:physics": {},
									"minecraft:pushable": {
										"is_pushable": true,
										"is_pushable_by_piston": true
									},
									"minecraft:conditional_bandwidth_optimization": {},
									"minecraft:behavior.eat_block": {
										"priority": 10,
										"success_chance": "query.is_baby ? 0.1 : 0.08",
										"time_until_eat": 0.4,
										"eat_and_replace_block_pairs": [
											{
												"eat_block": "uf:wheat_feeder_3",
												"replace_block": "uf:wheat_feeder_2"
											},
											{
												"eat_block": "uf:wheat_feeder_2",
												"replace_block": "uf:wheat_feeder_1"
											},
											{
												"eat_block": "uf:wheat_feeder_1",
												"replace_block": "uf:wheat_feeder"
											}
										],
										"on_eat": {
											"event": "minecraft:ageable_grow_up",
											"target": "self"
										}
									},
									"minecraft:behavior.move_to_block": {
										"priority": 10,
										"tick_interval": 1,
										"start_chance": 0.5,
										"search_range": 6,
										"search_height": 4,
										"goal_radius": 1,
										"stay_duration": 20,
										"target_selection_method": "random",
										"target_offset": [
											0,
											1,
											0
										],
										"target_blocks": [
											"uf:wheat_feeder_1",
											"uf:wheat_feeder_2",
											"uf:wheat_feeder_3"
										]
									}
								},
								"key": "minecraft:behavior.tempt",
								"children": [
									{
										"data": "4",
										"key": "priority"
									},
									{
										"data": "1.25",
										"key": "speed_multiplier"
									},
									{
										"open": {
											"priority": 4,
											"speed_multiplier": 1.25,
											"items": [
												"wheat"
											]
										},
										"key": "items",
										"is_minified": true,
										"children": [
											"wheat"
										]
									}
								]
							},
							{
								"key": "minecraft:behavior.follow_parent",
								"is_minified": true,
								"children": {
									"priority": 5,
									"speed_multiplier": 1.1
								}
							},
							{
								"key": "minecraft:behavior.random_stroll",
								"is_minified": true,
								"children": {
									"priority": 6,
									"speed_multiplier": 0.8
								}
							},
							{
								"key": "minecraft:behavior.look_at_player",
								"is_minified": true,
								"children": {
									"priority": 7,
									"look_distance": 6,
									"probability": 0.02
								}
							},
							{
								"key": "minecraft:behavior.random_look_around",
								"is_minified": true,
								"children": {
									"priority": 9
								}
							},
							{
								"key": "minecraft:leashable",
								"is_minified": true,
								"children": {
									"soft_distance": 4,
									"hard_distance": 6,
									"max_distance": 10
								}
							},
							{
								"key": "minecraft:balloonable",
								"is_minified": true,
								"children": {}
							},
							{
								"key": "minecraft:rideable",
								"is_minified": true,
								"children": {
									"seat_count": 1,
									"family_types": [
										"zombie"
									],
									"seats": {
										"position": [
											0,
											1.105,
											0
										]
									}
								}
							},
							{
								"key": "minecraft:physics",
								"is_minified": true,
								"children": {}
							},
							{
								"key": "minecraft:pushable",
								"is_minified": true,
								"children": {
									"is_pushable": true,
									"is_pushable_by_piston": true
								}
							},
							{
								"key": "minecraft:conditional_bandwidth_optimization",
								"is_minified": true,
								"children": {}
							},
							{
								"open": {
									"minecraft:is_hidden_when_invisible": {},
									"minecraft:type_family": {
										"family": [
											"cow",
											"mob"
										]
									},
									"minecraft:breathable": {
										"total_supply": 15,
										"suffocate_time": 0
									},
									"minecraft:navigation.walk": {
										"can_path_over_water": true,
										"avoid_water": true,
										"avoid_damage_blocks": true
									},
									"minecraft:movement.basic": {},
									"minecraft:jump.static": {},
									"minecraft:can_climb": {},
									"minecraft:collision_box": {
										"width": 0.9,
										"height": 1.3
									},
									"minecraft:nameable": {},
									"minecraft:health": {
										"value": 10,
										"max": 10
									},
									"minecraft:hurt_on_condition": {
										"damage_conditions": [
											{
												"filters": {
													"test": "in_lava",
													"subject": "self",
													"operator": "==",
													"value": true
												},
												"cause": "lava",
												"damage_per_tick": 4
											}
										]
									},
									"minecraft:movement": {
										"value": 0.25
									},
									"minecraft:despawn": {
										"despawn_from_distance": {}
									},
									"minecraft:behavior.float": {
										"priority": 0
									},
									"minecraft:behavior.panic": {
										"priority": 1,
										"speed_multiplier": 1.25
									},
									"minecraft:behavior.mount_pathing": {
										"priority": 2,
										"speed_multiplier": 1.5,
										"target_dist": 0,
										"track_target": true
									},
									"minecraft:behavior.breed": {
										"priority": 3,
										"speed_multiplier": 1
									},
									"minecraft:behavior.tempt": {
										"priority": 4,
										"speed_multiplier": 1.25,
										"items": [
											"wheat"
										]
									},
									"minecraft:behavior.follow_parent": {
										"priority": 5,
										"speed_multiplier": 1.1
									},
									"minecraft:behavior.random_stroll": {
										"priority": 6,
										"speed_multiplier": 0.8
									},
									"minecraft:behavior.look_at_player": {
										"priority": 7,
										"look_distance": 6,
										"probability": 0.02
									},
									"minecraft:behavior.random_look_around": {
										"priority": 9
									},
									"minecraft:leashable": {
										"soft_distance": 4,
										"hard_distance": 6,
										"max_distance": 10
									},
									"minecraft:balloonable": {},
									"minecraft:rideable": {
										"seat_count": 1,
										"family_types": [
											"zombie"
										],
										"seats": {
											"position": [
												0,
												1.105,
												0
											]
										}
									},
									"minecraft:physics": {},
									"minecraft:pushable": {
										"is_pushable": true,
										"is_pushable_by_piston": true
									},
									"minecraft:conditional_bandwidth_optimization": {},
									"minecraft:behavior.eat_block": {
										"priority": 10,
										"success_chance": "query.is_baby ? 0.1 : 0.08",
										"time_until_eat": 0.4,
										"eat_and_replace_block_pairs": [
											{
												"eat_block": "uf:wheat_feeder_3",
												"replace_block": "uf:wheat_feeder_2"
											},
											{
												"eat_block": "uf:wheat_feeder_2",
												"replace_block": "uf:wheat_feeder_1"
											},
											{
												"eat_block": "uf:wheat_feeder_1",
												"replace_block": "uf:wheat_feeder"
											}
										],
										"on_eat": {
											"event": "minecraft:ageable_grow_up",
											"target": "self"
										}
									},
									"minecraft:behavior.move_to_block": {
										"priority": 10,
										"tick_interval": 1,
										"start_chance": 0.5,
										"search_range": 6,
										"search_height": 4,
										"goal_radius": 1,
										"stay_duration": 20,
										"target_selection_method": "random",
										"target_offset": [
											0,
											1,
											0
										],
										"target_blocks": [
											"uf:wheat_feeder_1",
											"uf:wheat_feeder_2",
											"uf:wheat_feeder_3"
										]
									}
								},
								"key": "minecraft:behavior.eat_block",
								"children": [
									{
										"data": "10",
										"key": "priority"
									},
									{
										"open": {
											"priority": 10,
											"success_chance": "query.is_baby ? 0.1 : 0.08",
											"time_until_eat": 0.4,
											"eat_and_replace_block_pairs": [
												{
													"eat_block": "uf:wheat_feeder_3",
													"replace_block": "uf:wheat_feeder_2"
												},
												{
													"eat_block": "uf:wheat_feeder_2",
													"replace_block": "uf:wheat_feeder_1"
												},
												{
													"eat_block": "uf:wheat_feeder_1",
													"replace_block": "uf:wheat_feeder"
												}
											],
											"on_eat": {
												"event": "minecraft:ageable_grow_up",
												"target": "self"
											}
										},
										"data": "query.is_baby ? 0.1 : 0.08",
										"key": "success_chance"
									},
									{
										"data": "0.4",
										"key": "time_until_eat"
									},
									{
										"open": {
											"priority": 10,
											"success_chance": "query.is_baby ? 0.1 : 0.08",
											"time_until_eat": 0.4,
											"eat_and_replace_block_pairs": [
												{
													"eat_block": "uf:wheat_feeder_3",
													"replace_block": "uf:wheat_feeder_2"
												},
												{
													"eat_block": "uf:wheat_feeder_2",
													"replace_block": "uf:wheat_feeder_1"
												},
												{
													"eat_block": "uf:wheat_feeder_1",
													"replace_block": "uf:wheat_feeder"
												}
											],
											"on_eat": {
												"event": "minecraft:ageable_grow_up",
												"target": "self"
											}
										},
										"key": "eat_and_replace_block_pairs",
										"is_minified": true,
										"children": [
											{
												"eat_block": "uf:wheat_feeder_3",
												"replace_block": "uf:wheat_feeder_2"
											},
											{
												"eat_block": "uf:wheat_feeder_2",
												"replace_block": "uf:wheat_feeder_1"
											},
											{
												"eat_block": "uf:wheat_feeder_1",
												"replace_block": "uf:wheat_feeder"
											}
										]
									},
									{
										"open": {
											"priority": 10,
											"success_chance": "query.is_baby ? 0.1 : 0.08",
											"time_until_eat": 0.4,
											"eat_and_replace_block_pairs": [
												{
													"eat_block": "uf:wheat_feeder_3",
													"replace_block": "uf:wheat_feeder_2"
												},
												{
													"eat_block": "uf:wheat_feeder_2",
													"replace_block": "uf:wheat_feeder_1"
												},
												{
													"eat_block": "uf:wheat_feeder_1",
													"replace_block": "uf:wheat_feeder"
												}
											],
											"on_eat": {
												"event": "minecraft:ageable_grow_up",
												"target": "self"
											}
										},
										"key": "on_eat",
										"is_minified": true,
										"children": {
											"event": "minecraft:ageable_grow_up",
											"target": "self"
										}
									}
								]
							},
							{
								"open": {
									"minecraft:is_hidden_when_invisible": {},
									"minecraft:type_family": {
										"family": [
											"cow",
											"mob"
										]
									},
									"minecraft:breathable": {
										"total_supply": 15,
										"suffocate_time": 0
									},
									"minecraft:navigation.walk": {
										"can_path_over_water": true,
										"avoid_water": true,
										"avoid_damage_blocks": true
									},
									"minecraft:movement.basic": {},
									"minecraft:jump.static": {},
									"minecraft:can_climb": {},
									"minecraft:collision_box": {
										"width": 0.9,
										"height": 1.3
									},
									"minecraft:nameable": {},
									"minecraft:health": {
										"value": 10,
										"max": 10
									},
									"minecraft:hurt_on_condition": {
										"damage_conditions": [
											{
												"filters": {
													"test": "in_lava",
													"subject": "self",
													"operator": "==",
													"value": true
												},
												"cause": "lava",
												"damage_per_tick": 4
											}
										]
									},
									"minecraft:movement": {
										"value": 0.25
									},
									"minecraft:despawn": {
										"despawn_from_distance": {}
									},
									"minecraft:behavior.float": {
										"priority": 0
									},
									"minecraft:behavior.panic": {
										"priority": 1,
										"speed_multiplier": 1.25
									},
									"minecraft:behavior.mount_pathing": {
										"priority": 2,
										"speed_multiplier": 1.5,
										"target_dist": 0,
										"track_target": true
									},
									"minecraft:behavior.breed": {
										"priority": 3,
										"speed_multiplier": 1
									},
									"minecraft:behavior.tempt": {
										"priority": 4,
										"speed_multiplier": 1.25,
										"items": [
											"wheat"
										]
									},
									"minecraft:behavior.follow_parent": {
										"priority": 5,
										"speed_multiplier": 1.1
									},
									"minecraft:behavior.random_stroll": {
										"priority": 6,
										"speed_multiplier": 0.8
									},
									"minecraft:behavior.look_at_player": {
										"priority": 7,
										"look_distance": 6,
										"probability": 0.02
									},
									"minecraft:behavior.random_look_around": {
										"priority": 9
									},
									"minecraft:leashable": {
										"soft_distance": 4,
										"hard_distance": 6,
										"max_distance": 10
									},
									"minecraft:balloonable": {},
									"minecraft:rideable": {
										"seat_count": 1,
										"family_types": [
											"zombie"
										],
										"seats": {
											"position": [
												0,
												1.105,
												0
											]
										}
									},
									"minecraft:physics": {},
									"minecraft:pushable": {
										"is_pushable": true,
										"is_pushable_by_piston": true
									},
									"minecraft:conditional_bandwidth_optimization": {},
									"minecraft:behavior.eat_block": {
										"priority": 10,
										"success_chance": "query.is_baby ? 0.1 : 0.08",
										"time_until_eat": 0.4,
										"eat_and_replace_block_pairs": [
											{
												"eat_block": "uf:wheat_feeder_3",
												"replace_block": "uf:wheat_feeder_2"
											},
											{
												"eat_block": "uf:wheat_feeder_2",
												"replace_block": "uf:wheat_feeder_1"
											},
											{
												"eat_block": "uf:wheat_feeder_1",
												"replace_block": "uf:wheat_feeder"
											}
										],
										"on_eat": {
											"event": "minecraft:ageable_grow_up",
											"target": "self"
										}
									},
									"minecraft:behavior.move_to_block": {
										"priority": 10,
										"tick_interval": 1,
										"start_chance": 0.5,
										"search_range": 6,
										"search_height": 4,
										"goal_radius": 1,
										"stay_duration": 20,
										"target_selection_method": "random",
										"target_offset": [
											0,
											1,
											0
										],
										"target_blocks": [
											"uf:wheat_feeder_1",
											"uf:wheat_feeder_2",
											"uf:wheat_feeder_3"
										]
									}
								},
								"key": "minecraft:behavior.move_to_block",
								"children": [
									{
										"data": "10",
										"key": "priority"
									},
									{
										"data": "1",
										"key": "tick_interval"
									},
									{
										"data": "0.5",
										"key": "start_chance"
									},
									{
										"data": "6",
										"key": "search_range"
									},
									{
										"data": "4",
										"key": "search_height"
									},
									{
										"data": "1",
										"key": "goal_radius"
									},
									{
										"data": "20",
										"key": "stay_duration"
									},
									{
										"data": "random",
										"key": "target_selection_method"
									},
									{
										"key": "target_offset",
										"is_minified": true,
										"children": [
											0,
											1,
											0
										]
									},
									{
										"key": "target_blocks",
										"is_minified": true,
										"children": [
											"uf:wheat_feeder_1",
											"uf:wheat_feeder_2",
											"uf:wheat_feeder_3"
										]
									},
									{
										"open": {
											"priority": 10,
											"tick_interval": 1,
											"start_chance": 0.5,
											"search_range": 6,
											"search_height": 4,
											"goal_radius": 1,
											"stay_duration": 20,
											"target_selection_method": "random",
											"target_offset": [
												0,
												1,
												0
											],
											"target_blocks": [
												"uf:wheat_feeder_1",
												"uf:wheat_feeder_2",
												"uf:wheat_feeder_3"
											]
										},
										"key": "on_stay_completed",
										"is_active": false,
										"children": [
											{
												"open": [
													{
														"event": "collected_nectar",
														"target": "self"
													}
												],
												"is_minified": true,
												"children": {
													"event": "collected_nectar",
													"target": "self"
												}
											}
										]
									}
								]
							}
						]
					},
					{
						"open": {
							"description": {
								"identifier": "minecraft:cow",
								"is_spawnable": true,
								"is_summonable": true,
								"is_experimental": false
							},
							"component_groups": {
								"minecraft:cow_baby": {
									"minecraft:is_baby": {},
									"minecraft:scale": {
										"value": 0.5
									},
									"minecraft:ageable": {
										"duration": 1200,
										"feed_items": "wheat",
										"grow_up": {
											"event": "minecraft:ageable_grow_up",
											"target": "self"
										}
									},
									"minecraft:behavior.follow_parent": {
										"priority": 6,
										"speed_multiplier": 1.1
									}
								},
								"minecraft:cow_adult": {
									"minecraft:experience_reward": {
										"on_bred": "Math.Random(1,7)",
										"on_death": "query.last_hit_by_player ? Math.Random(1,3) : 0"
									},
									"minecraft:loot": {
										"table": "loot_tables/entities/cow.json"
									},
									"minecraft:behavior.breed": {
										"priority": 3,
										"speed_multiplier": 1
									},
									"minecraft:breedable": {
										"require_tame": false,
										"breed_items": "wheat",
										"breeds_with": {
											"mate_type": "minecraft:cow",
											"baby_type": "minecraft:cow",
											"breed_event": {
												"event": "minecraft:entity_born",
												"target": "baby"
											}
										}
									},
									"minecraft:interact": {
										"interactions": [
											{
												"on_interact": {
													"filters": {
														"all_of": [
															{
																"test": "is_family",
																"subject": "other",
																"value": "player"
															},
															{
																"test": "has_equipment",
																"domain": "hand",
																"subject": "other",
																"value": "bucket:0"
															}
														]
													}
												},
												"use_item": true,
												"transform_to_item": "bucket:1",
												"play_sounds": "milk",
												"interact_text": "action.interact.milk"
											}
										]
									}
								}
							},
							"components": {
								"minecraft:is_hidden_when_invisible": {},
								"minecraft:type_family": {
									"family": [
										"cow",
										"mob"
									]
								},
								"minecraft:breathable": {
									"total_supply": 15,
									"suffocate_time": 0
								},
								"minecraft:navigation.walk": {
									"can_path_over_water": true,
									"avoid_water": true,
									"avoid_damage_blocks": true
								},
								"minecraft:movement.basic": {},
								"minecraft:jump.static": {},
								"minecraft:can_climb": {},
								"minecraft:collision_box": {
									"width": 0.9,
									"height": 1.3
								},
								"minecraft:nameable": {},
								"minecraft:health": {
									"value": 10,
									"max": 10
								},
								"minecraft:hurt_on_condition": {
									"damage_conditions": [
										{
											"filters": {
												"test": "in_lava",
												"subject": "self",
												"operator": "==",
												"value": true
											},
											"cause": "lava",
											"damage_per_tick": 4
										}
									]
								},
								"minecraft:movement": {
									"value": 0.25
								},
								"minecraft:despawn": {
									"despawn_from_distance": {}
								},
								"minecraft:behavior.float": {
									"priority": 0
								},
								"minecraft:behavior.panic": {
									"priority": 1,
									"speed_multiplier": 1.25
								},
								"minecraft:behavior.mount_pathing": {
									"priority": 2,
									"speed_multiplier": 1.5,
									"target_dist": 0,
									"track_target": true
								},
								"minecraft:behavior.breed": {
									"priority": 3,
									"speed_multiplier": 1
								},
								"minecraft:behavior.tempt": {
									"priority": 4,
									"speed_multiplier": 1.25,
									"items": [
										"wheat"
									]
								},
								"minecraft:behavior.follow_parent": {
									"priority": 5,
									"speed_multiplier": 1.1
								},
								"minecraft:behavior.random_stroll": {
									"priority": 6,
									"speed_multiplier": 0.8
								},
								"minecraft:behavior.look_at_player": {
									"priority": 7,
									"look_distance": 6,
									"probability": 0.02
								},
								"minecraft:behavior.random_look_around": {
									"priority": 9
								},
								"minecraft:leashable": {
									"soft_distance": 4,
									"hard_distance": 6,
									"max_distance": 10
								},
								"minecraft:balloonable": {},
								"minecraft:rideable": {
									"seat_count": 1,
									"family_types": [
										"zombie"
									],
									"seats": {
										"position": [
											0,
											1.105,
											0
										]
									}
								},
								"minecraft:physics": {},
								"minecraft:pushable": {
									"is_pushable": true,
									"is_pushable_by_piston": true
								},
								"minecraft:conditional_bandwidth_optimization": {},
								"minecraft:behavior.eat_block": {
									"priority": 10,
									"success_chance": "query.is_baby ? 0.1 : 0.08",
									"time_until_eat": 0.4,
									"eat_and_replace_block_pairs": [
										{
											"eat_block": "uf:wheat_feeder_3",
											"replace_block": "uf:wheat_feeder_2"
										},
										{
											"eat_block": "uf:wheat_feeder_2",
											"replace_block": "uf:wheat_feeder_1"
										},
										{
											"eat_block": "uf:wheat_feeder_1",
											"replace_block": "uf:wheat_feeder"
										}
									],
									"on_eat": {
										"event": "minecraft:ageable_grow_up",
										"target": "self"
									}
								},
								"minecraft:behavior.move_to_block": {
									"priority": 10,
									"tick_interval": 1,
									"start_chance": 0.5,
									"search_range": 6,
									"search_height": 4,
									"goal_radius": 1,
									"stay_duration": 20,
									"target_selection_method": "random",
									"target_offset": [
										0,
										1,
										0
									],
									"target_blocks": [
										"uf:wheat_feeder_1",
										"uf:wheat_feeder_2",
										"uf:wheat_feeder_3"
									]
								}
							},
							"events": {
								"minecraft:entity_spawned": {
									"randomize": [
										{
											"weight": 95,
											"trigger": "minecraft:spawn_adult"
										},
										{
											"weight": 5,
											"add": {
												"component_groups": [
													"minecraft:cow_baby"
												]
											}
										}
									]
								},
								"minecraft:entity_born": {
									"add": {
										"component_groups": [
											"minecraft:cow_baby"
										]
									}
								},
								"minecraft:entity_transformed": {
									"remove": {},
									"add": {
										"component_groups": [
											"minecraft:cow_adult"
										]
									}
								},
								"minecraft:ageable_grow_up": {
									"remove": {
										"component_groups": [
											"minecraft:cow_baby"
										]
									},
									"add": {
										"component_groups": [
											"minecraft:cow_adult"
										]
									}
								},
								"minecraft:spawn_adult": {
									"add": {
										"component_groups": [
											"minecraft:cow_adult"
										]
									}
								}
							}
						},
						"key": "events",
						"is_minified": true,
						"children": {
							"minecraft:entity_spawned": {
								"randomize": [
									{
										"weight": 95,
										"trigger": "minecraft:spawn_adult"
									},
									{
										"weight": 5,
										"add": {
											"component_groups": [
												"minecraft:cow_baby"
											]
										}
									}
								]
							},
							"minecraft:entity_born": {
								"add": {
									"component_groups": [
										"minecraft:cow_baby"
									]
								}
							},
							"minecraft:entity_transformed": {
								"remove": {},
								"add": {
									"component_groups": [
										"minecraft:cow_adult"
									]
								}
							},
							"minecraft:ageable_grow_up": {
								"remove": {
									"component_groups": [
										"minecraft:cow_baby"
									]
								},
								"add": {
									"component_groups": [
										"minecraft:cow_adult"
									]
								}
							},
							"minecraft:spawn_adult": {
								"add": {
									"component_groups": [
										"minecraft:cow_adult"
									]
								}
							}
						}
					}
				]
			}
		]
	}
}