{
	"file_path": "C:\\Users\\chupi\\AppData\\Local\\Packages\\Microsoft.MinecraftUWP_8wekyb3d8bbwe\\LocalState\\games\\com.mojang\\development_behavior_packs\\Ultra Farming Addon\\entities\\sheep.json",
	"file_type": "entity",
	"format_version": 1,
	"file_uuid": "bef81f62_decb_44b0_b445_87674f09c0a6",
	"file_version": 1,
	"cache_content": {
		"children": [
			{
				"data": "1.16.0",
				"key": "format_version"
			},
			{
				"open": {
					"format_version": "1.16.0",
					"minecraft:entity": {
						"description": {
							"identifier": "minecraft:sheep",
							"is_spawnable": true,
							"is_summonable": true,
							"is_experimental": false
						},
						"component_groups": {
							"minecraft:loot_sheared": {
								"minecraft:loot": {
									"table": "loot_tables/entities/sheep_sheared.json"
								}
							},
							"minecraft:loot_wooly": {
								"minecraft:loot": {
									"table": "loot_tables/entities/sheep.json"
								}
							},
							"minecraft:rideable_sheared": {
								"minecraft:rideable": {
									"seat_count": 1,
									"family_types": [
										"zombie"
									],
									"seats": {
										"position": [
											0,
											0.9,
											0
										]
									}
								}
							},
							"minecraft:rideable_wooly": {
								"minecraft:rideable": {
									"seat_count": 1,
									"family_types": [
										"zombie"
									],
									"seats": {
										"position": [
											0,
											0.975,
											0
										]
									}
								}
							},
							"minecraft:sheep_baby": {
								"minecraft:is_baby": {},
								"minecraft:scale": {
									"value": 0.5
								},
								"minecraft:ageable": {
									"duration": 1200,
									"feed_items": "wheat",
									"grow_up": {
										"event": "minecraft:ageable_grow_up",
										"target": "self"
									}
								},
								"minecraft:behavior.follow_parent": {
									"priority": 6,
									"speed_multiplier": 1.1
								}
							},
							"minecraft:sheep_adult": {
								"minecraft:experience_reward": {
									"on_bred": "Math.Random(1,7)",
									"on_death": "query.last_hit_by_player ? Math.Random(1,3) : 0"
								},
								"minecraft:behavior.breed": {
									"priority": 3,
									"speed_multiplier": 1
								},
								"minecraft:breedable": {
									"require_tame": false,
									"breeds_with": {
										"mate_type": "minecraft:sheep",
										"baby_type": "minecraft:sheep"
									},
									"breed_items": "wheat"
								}
							},
							"minecraft:sheep_dyeable": {
								"minecraft:is_dyeable": {
									"interact_text": "action.interact.dye"
								}
							},
							"minecraft:sheep_sheared": {
								"minecraft:is_sheared": {}
							},
							"minecraft:sheep_white": {
								"minecraft:color": {
									"value": 0
								}
							},
							"minecraft:sheep_brown": {
								"minecraft:color": {
									"value": 12
								}
							},
							"minecraft:sheep_black": {
								"minecraft:color": {
									"value": 15
								}
							},
							"minecraft:sheep_gray": {
								"minecraft:color": {
									"value": 8
								}
							},
							"minecraft:sheep_light_gray": {
								"minecraft:color": {
									"value": 7
								}
							},
							"minecraft:sheep_pink": {
								"minecraft:color": {
									"value": 6
								}
							},
							"minecraft:sheep_red": {
								"minecraft:color": {
									"value": 14
								}
							}
						},
						"components": {
							"minecraft:is_hidden_when_invisible": {},
							"minecraft:type_family": {
								"family": [
									"sheep",
									"mob"
								]
							},
							"minecraft:breathable": {
								"total_supply": 15,
								"suffocate_time": 0
							},
							"minecraft:collision_box": {
								"width": 0.9,
								"height": 1.3
							},
							"minecraft:nameable": {},
							"minecraft:health": {
								"value": 8,
								"max": 8
							},
							"minecraft:hurt_on_condition": {
								"damage_conditions": [
									{
										"filters": {
											"test": "in_lava",
											"subject": "self",
											"operator": "==",
											"value": true
										},
										"cause": "lava",
										"damage_per_tick": 4
									}
								]
							},
							"minecraft:movement": {
								"value": 0.25
							},
							"minecraft:navigation.walk": {
								"can_path_over_water": true,
								"avoid_water": true
							},
							"minecraft:movement.basic": {},
							"minecraft:jump.static": {},
							"minecraft:can_climb": {},
							"minecraft:interact": {
								"interactions": [
									{
										"cooldown": 2.5,
										"use_item": false,
										"hurt_item": 1,
										"spawn_items": {
											"table": "loot_tables/entities/sheep_shear.json"
										},
										"play_sounds": "shear",
										"interact_text": "action.interact.shear",
										"on_interact": {
											"filters": {
												"all_of": [
													{
														"test": "has_equipment",
														"subject": "other",
														"domain": "hand",
														"value": "shears"
													},
													{
														"test": "is_family",
														"subject": "other",
														"value": "player"
													},
													{
														"test": "has_component",
														"operator": "!=",
														"value": "minecraft:is_baby"
													},
													{
														"test": "has_component",
														"value": "minecraft:is_dyeable"
													}
												]
											},
											"event": "minecraft:on_sheared",
											"target": "self"
										}
									}
								]
							},
							"minecraft:leashable": {
								"soft_distance": 4,
								"hard_distance": 6,
								"max_distance": 10
							},
							"minecraft:balloonable": {
								"mass": 0.75
							},
							"minecraft:despawn": {
								"despawn_from_distance": {}
							},
							"minecraft:behavior.float": {
								"priority": 0
							},
							"minecraft:behavior.panic": {
								"priority": 1,
								"speed_multiplier": 1.25
							},
							"minecraft:behavior.mount_pathing": {
								"priority": 2,
								"speed_multiplier": 1.5,
								"target_dist": 0,
								"track_target": true
							},
							"minecraft:behavior.tempt": {
								"priority": 4,
								"speed_multiplier": 1.25,
								"items": [
									"wheat"
								]
							},
							"minecraft:behavior.follow_parent": {
								"priority": 5,
								"speed_multiplier": 1.1
							},
							"minecraft:behavior.eat_block": {
								"priority": 6,
								"success_chance": "query.is_baby ? 0.02 : 0.001",
								"time_until_eat": 1.8,
								"eat_and_replace_block_pairs": [
									{
										"eat_block": "grass",
										"replace_block": "dirt"
									},
									{
										"eat_block": "tallgrass",
										"replace_block": "air"
									},
									{
										"eat_block": "uf:wheat_feeder_3",
										"replace_block": "uf:wheat_feeder_2"
									},
									{
										"eat_block": "uf:wheat_feeder_2",
										"replace_block": "uf:wheat_feeder_1"
									},
									{
										"eat_block": "uf:wheat_feeder_1",
										"replace_block": "uf:wheat_feeder"
									}
								],
								"on_eat": {
									"event": "minecraft:on_eat_block",
									"target": "self"
								}
							},
							"minecraft:behavior.random_stroll": {
								"priority": 7,
								"speed_multiplier": 0.8
							},
							"minecraft:behavior.look_at_player": {
								"priority": 8,
								"look_distance": 6,
								"probability": 0.02
							},
							"minecraft:behavior.random_look_around": {
								"priority": 9
							},
							"minecraft:physics": {},
							"minecraft:pushable": {
								"is_pushable": true,
								"is_pushable_by_piston": true
							},
							"minecraft:conditional_bandwidth_optimization": {},
							"minecraft:behavior.move_to_block": {
								"priority": 10,
								"tick_interval": 1,
								"start_chance": 0.5,
								"search_range": 6,
								"search_height": 4,
								"goal_radius": 1,
								"stay_duration": 20,
								"target_selection_method": "random",
								"target_offset": [
									0,
									1,
									0
								],
								"target_blocks": [
									"uf:wheat_feeder_1",
									"uf:wheat_feeder_2",
									"uf:wheat_feeder_3"
								]
							}
						},
						"events": {
							"minecraft:entity_spawned": {
								"sequence": [
									{
										"randomize": [
											{
												"weight": 95,
												"remove": {},
												"trigger": "spawn_adult"
											},
											{
												"weight": 5,
												"remove": {},
												"trigger": "spawn_baby"
											}
										]
									},
									{
										"randomize": [
											{
												"weight": 81836,
												"add": {
													"component_groups": [
														"minecraft:sheep_white"
													]
												}
											},
											{
												"weight": 5000,
												"add": {
													"component_groups": [
														"minecraft:sheep_black"
													]
												}
											},
											{
												"weight": 5000,
												"add": {
													"component_groups": [
														"minecraft:sheep_light_gray"
													]
												}
											},
											{
												"weight": 5000,
												"add": {
													"component_groups": [
														"minecraft:sheep_gray"
													]
												}
											},
											{
												"weight": 3000,
												"add": {
													"component_groups": [
														"minecraft:sheep_brown"
													]
												}
											},
											{
												"weight": 164,
												"add": {
													"component_groups": [
														"minecraft:sheep_pink"
													]
												}
											}
										]
									}
								]
							},
							"spawn_adult": {
								"add": {
									"component_groups": [
										"minecraft:sheep_adult",
										"minecraft:sheep_dyeable",
										"minecraft:rideable_wooly",
										"minecraft:loot_wooly"
									]
								}
							},
							"spawn_baby": {
								"add": {
									"component_groups": [
										"minecraft:sheep_baby",
										"minecraft:sheep_dyeable",
										"minecraft:rideable_sheared"
									]
								}
							},
							"minecraft:entity_born": {
								"remove": {},
								"add": {
									"component_groups": [
										"minecraft:sheep_baby",
										"minecraft:sheep_dyeable",
										"minecraft:rideable_sheared"
									]
								}
							},
							"minecraft:ageable_grow_up": {
								"remove": {
									"component_groups": [
										"minecraft:sheep_baby"
									]
								},
								"add": {
									"component_groups": [
										"minecraft:sheep_adult",
										"minecraft:rideable_wooly",
										"minecraft:loot_wooly"
									]
								}
							},
							"minecraft:on_sheared": {
								"remove": {
									"component_groups": [
										"minecraft:sheep_dyeable",
										"minecraft:loot_wooly"
									]
								},
								"add": {
									"component_groups": [
										"minecraft:sheep_sheared",
										"minecraft:rideable_sheared",
										"minecraft:loot_sheared"
									]
								}
							},
							"minecraft:on_eat_block": {
								"sequence": [
									{
										"remove": {
											"component_groups": [
												"minecraft:sheep_sheared"
											]
										},
										"add": {
											"component_groups": [
												"minecraft:sheep_dyeable"
											]
										}
									},
									{
										"filters": {
											"test": "has_component",
											"subject": "other",
											"operator": "!=",
											"value": "minecraft:is_baby"
										},
										"add": {
											"component_groups": [
												"minecraft:rideable_wooly",
												"minecraft:loot_wooly"
											]
										},
										"remove": {
											"component_groups": [
												"minecraft:loot_sheared"
											]
										}
									}
								]
							},
							"wololo": {
								"add": {
									"component_groups": [
										"minecraft:sheep_red"
									]
								}
							}
						}
					}
				},
				"key": "minecraft:entity",
				"children": [
					{
						"key": "description",
						"is_minified": true,
						"children": {
							"identifier": "minecraft:sheep",
							"is_spawnable": true,
							"is_summonable": true,
							"is_experimental": false
						}
					},
					{
						"key": "component_groups",
						"is_minified": true,
						"children": {
							"minecraft:loot_sheared": {
								"minecraft:loot": {
									"table": "loot_tables/entities/sheep_sheared.json"
								}
							},
							"minecraft:loot_wooly": {
								"minecraft:loot": {
									"table": "loot_tables/entities/sheep.json"
								}
							},
							"minecraft:rideable_sheared": {
								"minecraft:rideable": {
									"seat_count": 1,
									"family_types": [
										"zombie"
									],
									"seats": {
										"position": [
											0,
											0.9,
											0
										]
									}
								}
							},
							"minecraft:rideable_wooly": {
								"minecraft:rideable": {
									"seat_count": 1,
									"family_types": [
										"zombie"
									],
									"seats": {
										"position": [
											0,
											0.975,
											0
										]
									}
								}
							},
							"minecraft:sheep_baby": {
								"minecraft:is_baby": {},
								"minecraft:scale": {
									"value": 0.5
								},
								"minecraft:ageable": {
									"duration": 1200,
									"feed_items": "wheat",
									"grow_up": {
										"event": "minecraft:ageable_grow_up",
										"target": "self"
									}
								},
								"minecraft:behavior.follow_parent": {
									"priority": 6,
									"speed_multiplier": 1.1
								}
							},
							"minecraft:sheep_adult": {
								"minecraft:experience_reward": {
									"on_bred": "Math.Random(1,7)",
									"on_death": "query.last_hit_by_player ? Math.Random(1,3) : 0"
								},
								"minecraft:behavior.breed": {
									"priority": 3,
									"speed_multiplier": 1
								},
								"minecraft:breedable": {
									"require_tame": false,
									"breeds_with": {
										"mate_type": "minecraft:sheep",
										"baby_type": "minecraft:sheep"
									},
									"breed_items": "wheat"
								}
							},
							"minecraft:sheep_dyeable": {
								"minecraft:is_dyeable": {
									"interact_text": "action.interact.dye"
								}
							},
							"minecraft:sheep_sheared": {
								"minecraft:is_sheared": {}
							},
							"minecraft:sheep_white": {
								"minecraft:color": {
									"value": 0
								}
							},
							"minecraft:sheep_brown": {
								"minecraft:color": {
									"value": 12
								}
							},
							"minecraft:sheep_black": {
								"minecraft:color": {
									"value": 15
								}
							},
							"minecraft:sheep_gray": {
								"minecraft:color": {
									"value": 8
								}
							},
							"minecraft:sheep_light_gray": {
								"minecraft:color": {
									"value": 7
								}
							},
							"minecraft:sheep_pink": {
								"minecraft:color": {
									"value": 6
								}
							},
							"minecraft:sheep_red": {
								"minecraft:color": {
									"value": 14
								}
							}
						}
					},
					{
						"open": {
							"description": {
								"identifier": "minecraft:sheep",
								"is_spawnable": true,
								"is_summonable": true,
								"is_experimental": false
							},
							"component_groups": {
								"minecraft:loot_sheared": {
									"minecraft:loot": {
										"table": "loot_tables/entities/sheep_sheared.json"
									}
								},
								"minecraft:loot_wooly": {
									"minecraft:loot": {
										"table": "loot_tables/entities/sheep.json"
									}
								},
								"minecraft:rideable_sheared": {
									"minecraft:rideable": {
										"seat_count": 1,
										"family_types": [
											"zombie"
										],
										"seats": {
											"position": [
												0,
												0.9,
												0
											]
										}
									}
								},
								"minecraft:rideable_wooly": {
									"minecraft:rideable": {
										"seat_count": 1,
										"family_types": [
											"zombie"
										],
										"seats": {
											"position": [
												0,
												0.975,
												0
											]
										}
									}
								},
								"minecraft:sheep_baby": {
									"minecraft:is_baby": {},
									"minecraft:scale": {
										"value": 0.5
									},
									"minecraft:ageable": {
										"duration": 1200,
										"feed_items": "wheat",
										"grow_up": {
											"event": "minecraft:ageable_grow_up",
											"target": "self"
										}
									},
									"minecraft:behavior.follow_parent": {
										"priority": 6,
										"speed_multiplier": 1.1
									}
								},
								"minecraft:sheep_adult": {
									"minecraft:experience_reward": {
										"on_bred": "Math.Random(1,7)",
										"on_death": "query.last_hit_by_player ? Math.Random(1,3) : 0"
									},
									"minecraft:behavior.breed": {
										"priority": 3,
										"speed_multiplier": 1
									},
									"minecraft:breedable": {
										"require_tame": false,
										"breeds_with": {
											"mate_type": "minecraft:sheep",
											"baby_type": "minecraft:sheep"
										},
										"breed_items": "wheat"
									}
								},
								"minecraft:sheep_dyeable": {
									"minecraft:is_dyeable": {
										"interact_text": "action.interact.dye"
									}
								},
								"minecraft:sheep_sheared": {
									"minecraft:is_sheared": {}
								},
								"minecraft:sheep_white": {
									"minecraft:color": {
										"value": 0
									}
								},
								"minecraft:sheep_brown": {
									"minecraft:color": {
										"value": 12
									}
								},
								"minecraft:sheep_black": {
									"minecraft:color": {
										"value": 15
									}
								},
								"minecraft:sheep_gray": {
									"minecraft:color": {
										"value": 8
									}
								},
								"minecraft:sheep_light_gray": {
									"minecraft:color": {
										"value": 7
									}
								},
								"minecraft:sheep_pink": {
									"minecraft:color": {
										"value": 6
									}
								},
								"minecraft:sheep_red": {
									"minecraft:color": {
										"value": 14
									}
								}
							},
							"components": {
								"minecraft:is_hidden_when_invisible": {},
								"minecraft:type_family": {
									"family": [
										"sheep",
										"mob"
									]
								},
								"minecraft:breathable": {
									"total_supply": 15,
									"suffocate_time": 0
								},
								"minecraft:collision_box": {
									"width": 0.9,
									"height": 1.3
								},
								"minecraft:nameable": {},
								"minecraft:health": {
									"value": 8,
									"max": 8
								},
								"minecraft:hurt_on_condition": {
									"damage_conditions": [
										{
											"filters": {
												"test": "in_lava",
												"subject": "self",
												"operator": "==",
												"value": true
											},
											"cause": "lava",
											"damage_per_tick": 4
										}
									]
								},
								"minecraft:movement": {
									"value": 0.25
								},
								"minecraft:navigation.walk": {
									"can_path_over_water": true,
									"avoid_water": true
								},
								"minecraft:movement.basic": {},
								"minecraft:jump.static": {},
								"minecraft:can_climb": {},
								"minecraft:interact": {
									"interactions": [
										{
											"cooldown": 2.5,
											"use_item": false,
											"hurt_item": 1,
											"spawn_items": {
												"table": "loot_tables/entities/sheep_shear.json"
											},
											"play_sounds": "shear",
											"interact_text": "action.interact.shear",
											"on_interact": {
												"filters": {
													"all_of": [
														{
															"test": "has_equipment",
															"subject": "other",
															"domain": "hand",
															"value": "shears"
														},
														{
															"test": "is_family",
															"subject": "other",
															"value": "player"
														},
														{
															"test": "has_component",
															"operator": "!=",
															"value": "minecraft:is_baby"
														},
														{
															"test": "has_component",
															"value": "minecraft:is_dyeable"
														}
													]
												},
												"event": "minecraft:on_sheared",
												"target": "self"
											}
										}
									]
								},
								"minecraft:leashable": {
									"soft_distance": 4,
									"hard_distance": 6,
									"max_distance": 10
								},
								"minecraft:balloonable": {
									"mass": 0.75
								},
								"minecraft:despawn": {
									"despawn_from_distance": {}
								},
								"minecraft:behavior.float": {
									"priority": 0
								},
								"minecraft:behavior.panic": {
									"priority": 1,
									"speed_multiplier": 1.25
								},
								"minecraft:behavior.mount_pathing": {
									"priority": 2,
									"speed_multiplier": 1.5,
									"target_dist": 0,
									"track_target": true
								},
								"minecraft:behavior.tempt": {
									"priority": 4,
									"speed_multiplier": 1.25,
									"items": [
										"wheat"
									]
								},
								"minecraft:behavior.follow_parent": {
									"priority": 5,
									"speed_multiplier": 1.1
								},
								"minecraft:behavior.eat_block": {
									"priority": 6,
									"success_chance": "query.is_baby ? 0.02 : 0.001",
									"time_until_eat": 1.8,
									"eat_and_replace_block_pairs": [
										{
											"eat_block": "grass",
											"replace_block": "dirt"
										},
										{
											"eat_block": "tallgrass",
											"replace_block": "air"
										},
										{
											"eat_block": "uf:wheat_feeder_3",
											"replace_block": "uf:wheat_feeder_2"
										},
										{
											"eat_block": "uf:wheat_feeder_2",
											"replace_block": "uf:wheat_feeder_1"
										},
										{
											"eat_block": "uf:wheat_feeder_1",
											"replace_block": "uf:wheat_feeder"
										}
									],
									"on_eat": {
										"event": "minecraft:on_eat_block",
										"target": "self"
									}
								},
								"minecraft:behavior.random_stroll": {
									"priority": 7,
									"speed_multiplier": 0.8
								},
								"minecraft:behavior.look_at_player": {
									"priority": 8,
									"look_distance": 6,
									"probability": 0.02
								},
								"minecraft:behavior.random_look_around": {
									"priority": 9
								},
								"minecraft:physics": {},
								"minecraft:pushable": {
									"is_pushable": true,
									"is_pushable_by_piston": true
								},
								"minecraft:conditional_bandwidth_optimization": {},
								"minecraft:behavior.move_to_block": {
									"priority": 10,
									"tick_interval": 1,
									"start_chance": 0.5,
									"search_range": 6,
									"search_height": 4,
									"goal_radius": 1,
									"stay_duration": 20,
									"target_selection_method": "random",
									"target_offset": [
										0,
										1,
										0
									],
									"target_blocks": [
										"uf:wheat_feeder_1",
										"uf:wheat_feeder_2",
										"uf:wheat_feeder_3"
									]
								}
							},
							"events": {
								"minecraft:entity_spawned": {
									"sequence": [
										{
											"randomize": [
												{
													"weight": 95,
													"remove": {},
													"trigger": "spawn_adult"
												},
												{
													"weight": 5,
													"remove": {},
													"trigger": "spawn_baby"
												}
											]
										},
										{
											"randomize": [
												{
													"weight": 81836,
													"add": {
														"component_groups": [
															"minecraft:sheep_white"
														]
													}
												},
												{
													"weight": 5000,
													"add": {
														"component_groups": [
															"minecraft:sheep_black"
														]
													}
												},
												{
													"weight": 5000,
													"add": {
														"component_groups": [
															"minecraft:sheep_light_gray"
														]
													}
												},
												{
													"weight": 5000,
													"add": {
														"component_groups": [
															"minecraft:sheep_gray"
														]
													}
												},
												{
													"weight": 3000,
													"add": {
														"component_groups": [
															"minecraft:sheep_brown"
														]
													}
												},
												{
													"weight": 164,
													"add": {
														"component_groups": [
															"minecraft:sheep_pink"
														]
													}
												}
											]
										}
									]
								},
								"spawn_adult": {
									"add": {
										"component_groups": [
											"minecraft:sheep_adult",
											"minecraft:sheep_dyeable",
											"minecraft:rideable_wooly",
											"minecraft:loot_wooly"
										]
									}
								},
								"spawn_baby": {
									"add": {
										"component_groups": [
											"minecraft:sheep_baby",
											"minecraft:sheep_dyeable",
											"minecraft:rideable_sheared"
										]
									}
								},
								"minecraft:entity_born": {
									"remove": {},
									"add": {
										"component_groups": [
											"minecraft:sheep_baby",
											"minecraft:sheep_dyeable",
											"minecraft:rideable_sheared"
										]
									}
								},
								"minecraft:ageable_grow_up": {
									"remove": {
										"component_groups": [
											"minecraft:sheep_baby"
										]
									},
									"add": {
										"component_groups": [
											"minecraft:sheep_adult",
											"minecraft:rideable_wooly",
											"minecraft:loot_wooly"
										]
									}
								},
								"minecraft:on_sheared": {
									"remove": {
										"component_groups": [
											"minecraft:sheep_dyeable",
											"minecraft:loot_wooly"
										]
									},
									"add": {
										"component_groups": [
											"minecraft:sheep_sheared",
											"minecraft:rideable_sheared",
											"minecraft:loot_sheared"
										]
									}
								},
								"minecraft:on_eat_block": {
									"sequence": [
										{
											"remove": {
												"component_groups": [
													"minecraft:sheep_sheared"
												]
											},
											"add": {
												"component_groups": [
													"minecraft:sheep_dyeable"
												]
											}
										},
										{
											"filters": {
												"test": "has_component",
												"subject": "other",
												"operator": "!=",
												"value": "minecraft:is_baby"
											},
											"add": {
												"component_groups": [
													"minecraft:rideable_wooly",
													"minecraft:loot_wooly"
												]
											},
											"remove": {
												"component_groups": [
													"minecraft:loot_sheared"
												]
											}
										}
									]
								},
								"wololo": {
									"add": {
										"component_groups": [
											"minecraft:sheep_red"
										]
									}
								}
							}
						},
						"key": "components",
						"children": [
							{
								"key": "minecraft:is_hidden_when_invisible",
								"is_minified": true,
								"children": {}
							},
							{
								"key": "minecraft:type_family",
								"is_minified": true,
								"children": {
									"family": [
										"sheep",
										"mob"
									]
								}
							},
							{
								"key": "minecraft:breathable",
								"is_minified": true,
								"children": {
									"total_supply": 15,
									"suffocate_time": 0
								}
							},
							{
								"key": "minecraft:collision_box",
								"is_minified": true,
								"children": {
									"width": 0.9,
									"height": 1.3
								}
							},
							{
								"key": "minecraft:nameable",
								"is_minified": true,
								"children": {}
							},
							{
								"key": "minecraft:health",
								"is_minified": true,
								"children": {
									"value": 8,
									"max": 8
								}
							},
							{
								"key": "minecraft:hurt_on_condition",
								"is_minified": true,
								"children": {
									"damage_conditions": [
										{
											"filters": {
												"test": "in_lava",
												"subject": "self",
												"operator": "==",
												"value": true
											},
											"cause": "lava",
											"damage_per_tick": 4
										}
									]
								}
							},
							{
								"key": "minecraft:movement",
								"is_minified": true,
								"children": {
									"value": 0.25
								}
							},
							{
								"key": "minecraft:navigation.walk",
								"is_minified": true,
								"children": {
									"can_path_over_water": true,
									"avoid_water": true
								}
							},
							{
								"key": "minecraft:movement.basic",
								"is_minified": true,
								"children": {}
							},
							{
								"key": "minecraft:jump.static",
								"is_minified": true,
								"children": {}
							},
							{
								"key": "minecraft:can_climb",
								"is_minified": true,
								"children": {}
							},
							{
								"key": "minecraft:interact",
								"is_minified": true,
								"children": {
									"interactions": [
										{
											"cooldown": 2.5,
											"use_item": false,
											"hurt_item": 1,
											"spawn_items": {
												"table": "loot_tables/entities/sheep_shear.json"
											},
											"play_sounds": "shear",
											"interact_text": "action.interact.shear",
											"on_interact": {
												"filters": {
													"all_of": [
														{
															"test": "has_equipment",
															"subject": "other",
															"domain": "hand",
															"value": "shears"
														},
														{
															"test": "is_family",
															"subject": "other",
															"value": "player"
														},
														{
															"test": "has_component",
															"operator": "!=",
															"value": "minecraft:is_baby"
														},
														{
															"test": "has_component",
															"value": "minecraft:is_dyeable"
														}
													]
												},
												"event": "minecraft:on_sheared",
												"target": "self"
											}
										}
									]
								}
							},
							{
								"key": "minecraft:leashable",
								"is_minified": true,
								"children": {
									"soft_distance": 4,
									"hard_distance": 6,
									"max_distance": 10
								}
							},
							{
								"key": "minecraft:balloonable",
								"is_minified": true,
								"children": {
									"mass": 0.75
								}
							},
							{
								"key": "minecraft:despawn",
								"is_minified": true,
								"children": {
									"despawn_from_distance": {}
								}
							},
							{
								"key": "minecraft:behavior.float",
								"is_minified": true,
								"children": {
									"priority": 0
								}
							},
							{
								"key": "minecraft:behavior.panic",
								"is_minified": true,
								"children": {
									"priority": 1,
									"speed_multiplier": 1.25
								}
							},
							{
								"key": "minecraft:behavior.mount_pathing",
								"is_minified": true,
								"children": {
									"priority": 2,
									"speed_multiplier": 1.5,
									"target_dist": 0,
									"track_target": true
								}
							},
							{
								"key": "minecraft:behavior.tempt",
								"is_minified": true,
								"children": {
									"priority": 4,
									"speed_multiplier": 1.25,
									"items": [
										"wheat"
									]
								}
							},
							{
								"key": "minecraft:behavior.follow_parent",
								"is_minified": true,
								"children": {
									"priority": 5,
									"speed_multiplier": 1.1
								}
							},
							{
								"open": {
									"minecraft:is_hidden_when_invisible": {},
									"minecraft:type_family": {
										"family": [
											"sheep",
											"mob"
										]
									},
									"minecraft:breathable": {
										"total_supply": 15,
										"suffocate_time": 0
									},
									"minecraft:collision_box": {
										"width": 0.9,
										"height": 1.3
									},
									"minecraft:nameable": {},
									"minecraft:health": {
										"value": 8,
										"max": 8
									},
									"minecraft:hurt_on_condition": {
										"damage_conditions": [
											{
												"filters": {
													"test": "in_lava",
													"subject": "self",
													"operator": "==",
													"value": true
												},
												"cause": "lava",
												"damage_per_tick": 4
											}
										]
									},
									"minecraft:movement": {
										"value": 0.25
									},
									"minecraft:navigation.walk": {
										"can_path_over_water": true,
										"avoid_water": true
									},
									"minecraft:movement.basic": {},
									"minecraft:jump.static": {},
									"minecraft:can_climb": {},
									"minecraft:interact": {
										"interactions": [
											{
												"cooldown": 2.5,
												"use_item": false,
												"hurt_item": 1,
												"spawn_items": {
													"table": "loot_tables/entities/sheep_shear.json"
												},
												"play_sounds": "shear",
												"interact_text": "action.interact.shear",
												"on_interact": {
													"filters": {
														"all_of": [
															{
																"test": "has_equipment",
																"subject": "other",
																"domain": "hand",
																"value": "shears"
															},
															{
																"test": "is_family",
																"subject": "other",
																"value": "player"
															},
															{
																"test": "has_component",
																"operator": "!=",
																"value": "minecraft:is_baby"
															},
															{
																"test": "has_component",
																"value": "minecraft:is_dyeable"
															}
														]
													},
													"event": "minecraft:on_sheared",
													"target": "self"
												}
											}
										]
									},
									"minecraft:leashable": {
										"soft_distance": 4,
										"hard_distance": 6,
										"max_distance": 10
									},
									"minecraft:balloonable": {
										"mass": 0.75
									},
									"minecraft:despawn": {
										"despawn_from_distance": {}
									},
									"minecraft:behavior.float": {
										"priority": 0
									},
									"minecraft:behavior.panic": {
										"priority": 1,
										"speed_multiplier": 1.25
									},
									"minecraft:behavior.mount_pathing": {
										"priority": 2,
										"speed_multiplier": 1.5,
										"target_dist": 0,
										"track_target": true
									},
									"minecraft:behavior.tempt": {
										"priority": 4,
										"speed_multiplier": 1.25,
										"items": [
											"wheat"
										]
									},
									"minecraft:behavior.follow_parent": {
										"priority": 5,
										"speed_multiplier": 1.1
									},
									"minecraft:behavior.eat_block": {
										"priority": 6,
										"success_chance": "query.is_baby ? 0.02 : 0.001",
										"time_until_eat": 1.8,
										"eat_and_replace_block_pairs": [
											{
												"eat_block": "grass",
												"replace_block": "dirt"
											},
											{
												"eat_block": "tallgrass",
												"replace_block": "air"
											},
											{
												"eat_block": "uf:wheat_feeder_3",
												"replace_block": "uf:wheat_feeder_2"
											},
											{
												"eat_block": "uf:wheat_feeder_2",
												"replace_block": "uf:wheat_feeder_1"
											},
											{
												"eat_block": "uf:wheat_feeder_1",
												"replace_block": "uf:wheat_feeder"
											}
										],
										"on_eat": {
											"event": "minecraft:on_eat_block",
											"target": "self"
										}
									},
									"minecraft:behavior.random_stroll": {
										"priority": 7,
										"speed_multiplier": 0.8
									},
									"minecraft:behavior.look_at_player": {
										"priority": 8,
										"look_distance": 6,
										"probability": 0.02
									},
									"minecraft:behavior.random_look_around": {
										"priority": 9
									},
									"minecraft:physics": {},
									"minecraft:pushable": {
										"is_pushable": true,
										"is_pushable_by_piston": true
									},
									"minecraft:conditional_bandwidth_optimization": {},
									"minecraft:behavior.move_to_block": {
										"priority": 10,
										"tick_interval": 1,
										"start_chance": 0.5,
										"search_range": 6,
										"search_height": 4,
										"goal_radius": 1,
										"stay_duration": 20,
										"target_selection_method": "random",
										"target_offset": [
											0,
											1,
											0
										],
										"target_blocks": [
											"uf:wheat_feeder_1",
											"uf:wheat_feeder_2",
											"uf:wheat_feeder_3"
										]
									}
								},
								"key": "minecraft:behavior.eat_block",
								"children": [
									{
										"data": "6",
										"key": "priority"
									},
									{
										"data": "query.is_baby ? 0.02 : 0.001",
										"key": "success_chance"
									},
									{
										"data": "1.8",
										"key": "time_until_eat"
									},
									{
										"open": {
											"priority": 6,
											"success_chance": "query.is_baby ? 0.02 : 0.001",
											"time_until_eat": 1.8,
											"eat_and_replace_block_pairs": [
												{
													"eat_block": "grass",
													"replace_block": "dirt"
												},
												{
													"eat_block": "tallgrass",
													"replace_block": "air"
												},
												{
													"eat_block": "uf:wheat_feeder_3",
													"replace_block": "uf:wheat_feeder_2"
												},
												{
													"eat_block": "uf:wheat_feeder_2",
													"replace_block": "uf:wheat_feeder_1"
												},
												{
													"eat_block": "uf:wheat_feeder_1",
													"replace_block": "uf:wheat_feeder"
												}
											],
											"on_eat": {
												"event": "minecraft:on_eat_block",
												"target": "self"
											}
										},
										"key": "eat_and_replace_block_pairs",
										"is_minified": true,
										"children": [
											{
												"eat_block": "grass",
												"replace_block": "dirt"
											},
											{
												"eat_block": "tallgrass",
												"replace_block": "air"
											},
											{
												"eat_block": "uf:wheat_feeder_3",
												"replace_block": "uf:wheat_feeder_2"
											},
											{
												"eat_block": "uf:wheat_feeder_2",
												"replace_block": "uf:wheat_feeder_1"
											},
											{
												"eat_block": "uf:wheat_feeder_1",
												"replace_block": "uf:wheat_feeder"
											}
										]
									},
									{
										"key": "on_eat",
										"is_minified": true,
										"children": {
											"event": "minecraft:on_eat_block",
											"target": "self"
										}
									}
								]
							},
							{
								"key": "minecraft:behavior.random_stroll",
								"is_minified": true,
								"children": {
									"priority": 7,
									"speed_multiplier": 0.8
								}
							},
							{
								"key": "minecraft:behavior.look_at_player",
								"is_minified": true,
								"children": {
									"priority": 8,
									"look_distance": 6,
									"probability": 0.02
								}
							},
							{
								"key": "minecraft:behavior.random_look_around",
								"is_minified": true,
								"children": {
									"priority": 9
								}
							},
							{
								"key": "minecraft:physics",
								"is_minified": true,
								"children": {}
							},
							{
								"key": "minecraft:pushable",
								"is_minified": true,
								"children": {
									"is_pushable": true,
									"is_pushable_by_piston": true
								}
							},
							{
								"key": "minecraft:conditional_bandwidth_optimization",
								"is_minified": true,
								"children": {}
							},
							{
								"key": "minecraft:behavior.move_to_block",
								"is_minified": true,
								"children": {
									"priority": 10,
									"tick_interval": 1,
									"start_chance": 0.5,
									"search_range": 6,
									"search_height": 4,
									"goal_radius": 1,
									"stay_duration": 20,
									"target_selection_method": "random",
									"target_offset": [
										0,
										1,
										0
									],
									"target_blocks": [
										"uf:wheat_feeder_1",
										"uf:wheat_feeder_2",
										"uf:wheat_feeder_3"
									]
								}
							}
						]
					},
					{
						"open": {
							"description": {
								"identifier": "minecraft:sheep",
								"is_spawnable": true,
								"is_summonable": true,
								"is_experimental": false
							},
							"component_groups": {
								"minecraft:loot_sheared": {
									"minecraft:loot": {
										"table": "loot_tables/entities/sheep_sheared.json"
									}
								},
								"minecraft:loot_wooly": {
									"minecraft:loot": {
										"table": "loot_tables/entities/sheep.json"
									}
								},
								"minecraft:rideable_sheared": {
									"minecraft:rideable": {
										"seat_count": 1,
										"family_types": [
											"zombie"
										],
										"seats": {
											"position": [
												0,
												0.9,
												0
											]
										}
									}
								},
								"minecraft:rideable_wooly": {
									"minecraft:rideable": {
										"seat_count": 1,
										"family_types": [
											"zombie"
										],
										"seats": {
											"position": [
												0,
												0.975,
												0
											]
										}
									}
								},
								"minecraft:sheep_baby": {
									"minecraft:is_baby": {},
									"minecraft:scale": {
										"value": 0.5
									},
									"minecraft:ageable": {
										"duration": 1200,
										"feed_items": "wheat",
										"grow_up": {
											"event": "minecraft:ageable_grow_up",
											"target": "self"
										}
									},
									"minecraft:behavior.follow_parent": {
										"priority": 6,
										"speed_multiplier": 1.1
									}
								},
								"minecraft:sheep_adult": {
									"minecraft:experience_reward": {
										"on_bred": "Math.Random(1,7)",
										"on_death": "query.last_hit_by_player ? Math.Random(1,3) : 0"
									},
									"minecraft:behavior.breed": {
										"priority": 3,
										"speed_multiplier": 1
									},
									"minecraft:breedable": {
										"require_tame": false,
										"breeds_with": {
											"mate_type": "minecraft:sheep",
											"baby_type": "minecraft:sheep"
										},
										"breed_items": "wheat"
									}
								},
								"minecraft:sheep_dyeable": {
									"minecraft:is_dyeable": {
										"interact_text": "action.interact.dye"
									}
								},
								"minecraft:sheep_sheared": {
									"minecraft:is_sheared": {}
								},
								"minecraft:sheep_white": {
									"minecraft:color": {
										"value": 0
									}
								},
								"minecraft:sheep_brown": {
									"minecraft:color": {
										"value": 12
									}
								},
								"minecraft:sheep_black": {
									"minecraft:color": {
										"value": 15
									}
								},
								"minecraft:sheep_gray": {
									"minecraft:color": {
										"value": 8
									}
								},
								"minecraft:sheep_light_gray": {
									"minecraft:color": {
										"value": 7
									}
								},
								"minecraft:sheep_pink": {
									"minecraft:color": {
										"value": 6
									}
								},
								"minecraft:sheep_red": {
									"minecraft:color": {
										"value": 14
									}
								}
							},
							"components": {
								"minecraft:is_hidden_when_invisible": {},
								"minecraft:type_family": {
									"family": [
										"sheep",
										"mob"
									]
								},
								"minecraft:breathable": {
									"total_supply": 15,
									"suffocate_time": 0
								},
								"minecraft:collision_box": {
									"width": 0.9,
									"height": 1.3
								},
								"minecraft:nameable": {},
								"minecraft:health": {
									"value": 8,
									"max": 8
								},
								"minecraft:hurt_on_condition": {
									"damage_conditions": [
										{
											"filters": {
												"test": "in_lava",
												"subject": "self",
												"operator": "==",
												"value": true
											},
											"cause": "lava",
											"damage_per_tick": 4
										}
									]
								},
								"minecraft:movement": {
									"value": 0.25
								},
								"minecraft:navigation.walk": {
									"can_path_over_water": true,
									"avoid_water": true
								},
								"minecraft:movement.basic": {},
								"minecraft:jump.static": {},
								"minecraft:can_climb": {},
								"minecraft:interact": {
									"interactions": [
										{
											"cooldown": 2.5,
											"use_item": false,
											"hurt_item": 1,
											"spawn_items": {
												"table": "loot_tables/entities/sheep_shear.json"
											},
											"play_sounds": "shear",
											"interact_text": "action.interact.shear",
											"on_interact": {
												"filters": {
													"all_of": [
														{
															"test": "has_equipment",
															"subject": "other",
															"domain": "hand",
															"value": "shears"
														},
														{
															"test": "is_family",
															"subject": "other",
															"value": "player"
														},
														{
															"test": "has_component",
															"operator": "!=",
															"value": "minecraft:is_baby"
														},
														{
															"test": "has_component",
															"value": "minecraft:is_dyeable"
														}
													]
												},
												"event": "minecraft:on_sheared",
												"target": "self"
											}
										}
									]
								},
								"minecraft:leashable": {
									"soft_distance": 4,
									"hard_distance": 6,
									"max_distance": 10
								},
								"minecraft:balloonable": {
									"mass": 0.75
								},
								"minecraft:despawn": {
									"despawn_from_distance": {}
								},
								"minecraft:behavior.float": {
									"priority": 0
								},
								"minecraft:behavior.panic": {
									"priority": 1,
									"speed_multiplier": 1.25
								},
								"minecraft:behavior.mount_pathing": {
									"priority": 2,
									"speed_multiplier": 1.5,
									"target_dist": 0,
									"track_target": true
								},
								"minecraft:behavior.tempt": {
									"priority": 4,
									"speed_multiplier": 1.25,
									"items": [
										"wheat"
									]
								},
								"minecraft:behavior.follow_parent": {
									"priority": 5,
									"speed_multiplier": 1.1
								},
								"minecraft:behavior.eat_block": {
									"priority": 6,
									"success_chance": "query.is_baby ? 0.02 : 0.001",
									"time_until_eat": 1.8,
									"eat_and_replace_block_pairs": [
										{
											"eat_block": "grass",
											"replace_block": "dirt"
										},
										{
											"eat_block": "tallgrass",
											"replace_block": "air"
										},
										{
											"eat_block": "uf:wheat_feeder_3",
											"replace_block": "uf:wheat_feeder_2"
										},
										{
											"eat_block": "uf:wheat_feeder_2",
											"replace_block": "uf:wheat_feeder_1"
										},
										{
											"eat_block": "uf:wheat_feeder_1",
											"replace_block": "uf:wheat_feeder"
										}
									],
									"on_eat": {
										"event": "minecraft:on_eat_block",
										"target": "self"
									}
								},
								"minecraft:behavior.random_stroll": {
									"priority": 7,
									"speed_multiplier": 0.8
								},
								"minecraft:behavior.look_at_player": {
									"priority": 8,
									"look_distance": 6,
									"probability": 0.02
								},
								"minecraft:behavior.random_look_around": {
									"priority": 9
								},
								"minecraft:physics": {},
								"minecraft:pushable": {
									"is_pushable": true,
									"is_pushable_by_piston": true
								},
								"minecraft:conditional_bandwidth_optimization": {},
								"minecraft:behavior.move_to_block": {
									"priority": 10,
									"tick_interval": 1,
									"start_chance": 0.5,
									"search_range": 6,
									"search_height": 4,
									"goal_radius": 1,
									"stay_duration": 20,
									"target_selection_method": "random",
									"target_offset": [
										0,
										1,
										0
									],
									"target_blocks": [
										"uf:wheat_feeder_1",
										"uf:wheat_feeder_2",
										"uf:wheat_feeder_3"
									]
								}
							},
							"events": {
								"minecraft:entity_spawned": {
									"sequence": [
										{
											"randomize": [
												{
													"weight": 95,
													"remove": {},
													"trigger": "spawn_adult"
												},
												{
													"weight": 5,
													"remove": {},
													"trigger": "spawn_baby"
												}
											]
										},
										{
											"randomize": [
												{
													"weight": 81836,
													"add": {
														"component_groups": [
															"minecraft:sheep_white"
														]
													}
												},
												{
													"weight": 5000,
													"add": {
														"component_groups": [
															"minecraft:sheep_black"
														]
													}
												},
												{
													"weight": 5000,
													"add": {
														"component_groups": [
															"minecraft:sheep_light_gray"
														]
													}
												},
												{
													"weight": 5000,
													"add": {
														"component_groups": [
															"minecraft:sheep_gray"
														]
													}
												},
												{
													"weight": 3000,
													"add": {
														"component_groups": [
															"minecraft:sheep_brown"
														]
													}
												},
												{
													"weight": 164,
													"add": {
														"component_groups": [
															"minecraft:sheep_pink"
														]
													}
												}
											]
										}
									]
								},
								"spawn_adult": {
									"add": {
										"component_groups": [
											"minecraft:sheep_adult",
											"minecraft:sheep_dyeable",
											"minecraft:rideable_wooly",
											"minecraft:loot_wooly"
										]
									}
								},
								"spawn_baby": {
									"add": {
										"component_groups": [
											"minecraft:sheep_baby",
											"minecraft:sheep_dyeable",
											"minecraft:rideable_sheared"
										]
									}
								},
								"minecraft:entity_born": {
									"remove": {},
									"add": {
										"component_groups": [
											"minecraft:sheep_baby",
											"minecraft:sheep_dyeable",
											"minecraft:rideable_sheared"
										]
									}
								},
								"minecraft:ageable_grow_up": {
									"remove": {
										"component_groups": [
											"minecraft:sheep_baby"
										]
									},
									"add": {
										"component_groups": [
											"minecraft:sheep_adult",
											"minecraft:rideable_wooly",
											"minecraft:loot_wooly"
										]
									}
								},
								"minecraft:on_sheared": {
									"remove": {
										"component_groups": [
											"minecraft:sheep_dyeable",
											"minecraft:loot_wooly"
										]
									},
									"add": {
										"component_groups": [
											"minecraft:sheep_sheared",
											"minecraft:rideable_sheared",
											"minecraft:loot_sheared"
										]
									}
								},
								"minecraft:on_eat_block": {
									"sequence": [
										{
											"remove": {
												"component_groups": [
													"minecraft:sheep_sheared"
												]
											},
											"add": {
												"component_groups": [
													"minecraft:sheep_dyeable"
												]
											}
										},
										{
											"filters": {
												"test": "has_component",
												"subject": "other",
												"operator": "!=",
												"value": "minecraft:is_baby"
											},
											"add": {
												"component_groups": [
													"minecraft:rideable_wooly",
													"minecraft:loot_wooly"
												]
											},
											"remove": {
												"component_groups": [
													"minecraft:loot_sheared"
												]
											}
										}
									]
								},
								"wololo": {
									"add": {
										"component_groups": [
											"minecraft:sheep_red"
										]
									}
								}
							}
						},
						"key": "events",
						"children": [
							{
								"key": "minecraft:entity_spawned",
								"is_minified": true,
								"children": {
									"sequence": [
										{
											"randomize": [
												{
													"weight": 95,
													"remove": {},
													"trigger": "spawn_adult"
												},
												{
													"weight": 5,
													"remove": {},
													"trigger": "spawn_baby"
												}
											]
										},
										{
											"randomize": [
												{
													"weight": 81836,
													"add": {
														"component_groups": [
															"minecraft:sheep_white"
														]
													}
												},
												{
													"weight": 5000,
													"add": {
														"component_groups": [
															"minecraft:sheep_black"
														]
													}
												},
												{
													"weight": 5000,
													"add": {
														"component_groups": [
															"minecraft:sheep_light_gray"
														]
													}
												},
												{
													"weight": 5000,
													"add": {
														"component_groups": [
															"minecraft:sheep_gray"
														]
													}
												},
												{
													"weight": 3000,
													"add": {
														"component_groups": [
															"minecraft:sheep_brown"
														]
													}
												},
												{
													"weight": 164,
													"add": {
														"component_groups": [
															"minecraft:sheep_pink"
														]
													}
												}
											]
										}
									]
								}
							},
							{
								"key": "spawn_adult",
								"is_minified": true,
								"children": {
									"add": {
										"component_groups": [
											"minecraft:sheep_adult",
											"minecraft:sheep_dyeable",
											"minecraft:rideable_wooly",
											"minecraft:loot_wooly"
										]
									}
								}
							},
							{
								"key": "spawn_baby",
								"is_minified": true,
								"children": {
									"add": {
										"component_groups": [
											"minecraft:sheep_baby",
											"minecraft:sheep_dyeable",
											"minecraft:rideable_sheared"
										]
									}
								}
							},
							{
								"key": "minecraft:entity_born",
								"is_minified": true,
								"children": {
									"remove": {},
									"add": {
										"component_groups": [
											"minecraft:sheep_baby",
											"minecraft:sheep_dyeable",
											"minecraft:rideable_sheared"
										]
									}
								}
							},
							{
								"key": "minecraft:ageable_grow_up",
								"is_minified": true,
								"children": {
									"remove": {
										"component_groups": [
											"minecraft:sheep_baby"
										]
									},
									"add": {
										"component_groups": [
											"minecraft:sheep_adult",
											"minecraft:rideable_wooly",
											"minecraft:loot_wooly"
										]
									}
								}
							},
							{
								"key": "minecraft:on_sheared",
								"is_minified": true,
								"children": {
									"remove": {
										"component_groups": [
											"minecraft:sheep_dyeable",
											"minecraft:loot_wooly"
										]
									},
									"add": {
										"component_groups": [
											"minecraft:sheep_sheared",
											"minecraft:rideable_sheared",
											"minecraft:loot_sheared"
										]
									}
								}
							},
							{
								"open": {
									"minecraft:entity_spawned": {
										"sequence": [
											{
												"randomize": [
													{
														"weight": 95,
														"remove": {},
														"trigger": "spawn_adult"
													},
													{
														"weight": 5,
														"remove": {},
														"trigger": "spawn_baby"
													}
												]
											},
											{
												"randomize": [
													{
														"weight": 81836,
														"add": {
															"component_groups": [
																"minecraft:sheep_white"
															]
														}
													},
													{
														"weight": 5000,
														"add": {
															"component_groups": [
																"minecraft:sheep_black"
															]
														}
													},
													{
														"weight": 5000,
														"add": {
															"component_groups": [
																"minecraft:sheep_light_gray"
															]
														}
													},
													{
														"weight": 5000,
														"add": {
															"component_groups": [
																"minecraft:sheep_gray"
															]
														}
													},
													{
														"weight": 3000,
														"add": {
															"component_groups": [
																"minecraft:sheep_brown"
															]
														}
													},
													{
														"weight": 164,
														"add": {
															"component_groups": [
																"minecraft:sheep_pink"
															]
														}
													}
												]
											}
										]
									},
									"spawn_adult": {
										"add": {
											"component_groups": [
												"minecraft:sheep_adult",
												"minecraft:sheep_dyeable",
												"minecraft:rideable_wooly",
												"minecraft:loot_wooly"
											]
										}
									},
									"spawn_baby": {
										"add": {
											"component_groups": [
												"minecraft:sheep_baby",
												"minecraft:sheep_dyeable",
												"minecraft:rideable_sheared"
											]
										}
									},
									"minecraft:entity_born": {
										"remove": {},
										"add": {
											"component_groups": [
												"minecraft:sheep_baby",
												"minecraft:sheep_dyeable",
												"minecraft:rideable_sheared"
											]
										}
									},
									"minecraft:ageable_grow_up": {
										"remove": {
											"component_groups": [
												"minecraft:sheep_baby"
											]
										},
										"add": {
											"component_groups": [
												"minecraft:sheep_adult",
												"minecraft:rideable_wooly",
												"minecraft:loot_wooly"
											]
										}
									},
									"minecraft:on_sheared": {
										"remove": {
											"component_groups": [
												"minecraft:sheep_dyeable",
												"minecraft:loot_wooly"
											]
										},
										"add": {
											"component_groups": [
												"minecraft:sheep_sheared",
												"minecraft:rideable_sheared",
												"minecraft:loot_sheared"
											]
										}
									},
									"minecraft:on_eat_block": {
										"sequence": [
											{
												"remove": {
													"component_groups": [
														"minecraft:sheep_sheared"
													]
												},
												"add": {
													"component_groups": [
														"minecraft:sheep_dyeable"
													]
												}
											},
											{
												"filters": {
													"test": "has_component",
													"subject": "other",
													"operator": "!=",
													"value": "minecraft:is_baby"
												},
												"add": {
													"component_groups": [
														"minecraft:rideable_wooly",
														"minecraft:loot_wooly"
													]
												},
												"remove": {
													"component_groups": [
														"minecraft:loot_sheared"
													]
												}
											}
										]
									},
									"wololo": {
										"add": {
											"component_groups": [
												"minecraft:sheep_red"
											]
										}
									}
								},
								"key": "minecraft:on_eat_block",
								"children": [
									{
										"open": {
											"sequence": [
												{
													"remove": {
														"component_groups": [
															"minecraft:sheep_sheared"
														]
													},
													"add": {
														"component_groups": [
															"minecraft:sheep_dyeable"
														]
													}
												},
												{
													"filters": {
														"test": "has_component",
														"subject": "other",
														"operator": "!=",
														"value": "minecraft:is_baby"
													},
													"add": {
														"component_groups": [
															"minecraft:rideable_wooly",
															"minecraft:loot_wooly"
														]
													},
													"remove": {
														"component_groups": [
															"minecraft:loot_sheared"
														]
													}
												}
											]
										},
										"key": "sequence",
										"children": [
											{
												"open": [
													{
														"remove": {
															"component_groups": [
																"minecraft:sheep_sheared"
															]
														},
														"add": {
															"component_groups": [
																"minecraft:sheep_dyeable"
															]
														}
													},
													{
														"filters": {
															"test": "has_component",
															"subject": "other",
															"operator": "!=",
															"value": "minecraft:is_baby"
														},
														"add": {
															"component_groups": [
																"minecraft:rideable_wooly",
																"minecraft:loot_wooly"
															]
														},
														"remove": {
															"component_groups": [
																"minecraft:loot_sheared"
															]
														}
													}
												],
												"children": [
													{
														"key": "remove",
														"is_minified": true,
														"children": {
															"component_groups": [
																"minecraft:sheep_sheared"
															]
														}
													},
													{
														"open": {
															"remove": {
																"component_groups": [
																	"minecraft:sheep_sheared"
																]
															},
															"add": {
																"component_groups": [
																	"minecraft:sheep_dyeable"
																]
															}
														},
														"key": "add",
														"children": [
															{
																"open": {
																	"component_groups": [
																		"minecraft:sheep_dyeable"
																	]
																},
																"key": "component_groups",
																"is_minified": true,
																"children": [
																	"minecraft:sheep_dyeable"
																]
															}
														]
													}
												]
											},
											{
												"open": [
													{
														"remove": {
															"component_groups": [
																"minecraft:sheep_sheared"
															]
														},
														"add": {
															"component_groups": [
																"minecraft:sheep_dyeable"
															]
														}
													},
													{
														"filters": {
															"test": "has_component",
															"subject": "other",
															"operator": "!=",
															"value": "minecraft:is_baby"
														},
														"add": {
															"component_groups": [
																"minecraft:rideable_wooly",
																"minecraft:loot_wooly"
															]
														},
														"remove": {
															"component_groups": [
																"minecraft:loot_sheared"
															]
														}
													}
												],
												"children": [
													{
														"open": {
															"filters": {
																"test": "has_component",
																"subject": "other",
																"operator": "!=",
																"value": "minecraft:is_baby"
															},
															"add": {
																"component_groups": [
																	"minecraft:rideable_wooly",
																	"minecraft:loot_wooly"
																]
															},
															"remove": {
																"component_groups": [
																	"minecraft:loot_sheared"
																]
															}
														},
														"key": "filters",
														"is_minified": true,
														"children": {
															"test": "has_component",
															"subject": "other",
															"operator": "!=",
															"value": "minecraft:is_baby"
														}
													},
													{
														"key": "add",
														"is_minified": true,
														"children": {
															"component_groups": [
																"minecraft:rideable_wooly",
																"minecraft:loot_wooly"
															]
														}
													},
													{
														"key": "remove",
														"is_minified": true,
														"children": {
															"component_groups": [
																"minecraft:loot_sheared"
															]
														}
													}
												]
											}
										]
									}
								]
							},
							{
								"key": "wololo",
								"is_minified": true,
								"children": {
									"add": {
										"component_groups": [
											"minecraft:sheep_red"
										]
									}
								}
							}
						]
					}
				]
			}
		]
	}
}