{
	"file_path": "C:\\Users\\chupi\\AppData\\Local\\Packages\\Microsoft.MinecraftUWP_8wekyb3d8bbwe\\LocalState\\games\\com.mojang\\development_behavior_packs\\Ultra Farming Addon\\entities\\tractor.json",
	"file_type": "entity",
	"format_version": 1,
	"file_uuid": "57b90da1_c2a0_4b6d_8a1c_8c3c8641c2e9",
	"file_version": 68,
	"cache_content": {
		"children": [
			{
				"data": "1.13.0",
				"key": "format_version"
			},
			{
				"open": {
					"format_version": "1.13.0",
					"minecraft:entity": {
						"description": {
							"identifier": "uf:tractor",
							"is_spawnable": true,
							"is_summonable": true,
							"is_experimental": true
						},
						"component_groups": {},
						"components": {
							"minecraft:health": {
								"value": 1,
								"max": 1
							},
							"minecraft:physics": {
								"has_collision": true,
								"has_gravity": true
							},
							"minecraft:collision_box": {
								"width": 1,
								"height": 1
							},
							"minecraft:input_ground_controlled": {},
							"minecraft:rideable": {
								"seat_count": 1,
								"crouching_skip_interact": true,
								"interact_text": "Drive",
								"family_types": [
									"player",
									"villager"
								],
								"pull_in_entities": true,
								"seats": [
									{
										"position": [
											0,
											0.55,
											0
										],
										"min_rider_count": 1,
										"max_rider_count": 2
									}
								]
							},
							"minecraft:movement": {
								"value": 0.075
							},
							"minecraft:knockback_resistance": {
								"value": 0.5
							},
							"minecraft:break_blocks": {
								"breakable_blocks": [
									"uf:tomato_crop",
									"uf:corn_crop",
									"uf:lettuce_crop",
									"minecraft:wheat",
									"minecraft:carrots",
									"minecraft:potatoes"
								]
							},
							"minecraft:inventory": {
								"container_type": "inventory",
								"inventory_size": 5
							},
							"minecraft:timer": {
								"looping": true,
								"time": [
									0.2,
									0.3
								],
								"randomInterval": true,
								"time_down_event": {
									"event": "uf:plant_crops"
								}
							}
						},
						"events": {
							"uf:plant_crops": {
								"sequence": [
									{
										"filters": {
											"test": "rider_count",
											"operator": "==",
											"value": 1
										},
										"execute": {
											"commands": [
												"/playsound mob.tractor.engine @a ~~~"
											]
										}
									}
								]
							}
						}
					}
				},
				"key": "minecraft:entity",
				"children": [
					{
						"key": "description",
						"is_minified": true,
						"children": {
							"identifier": "uf:tractor",
							"is_spawnable": true,
							"is_summonable": true,
							"is_experimental": true
						}
					},
					{
						"open": {
							"description": {
								"identifier": "uf:tractor",
								"is_spawnable": true,
								"is_summonable": true,
								"is_experimental": true
							},
							"component_groups": {},
							"components": {
								"minecraft:health": {
									"value": 1,
									"max": 1
								},
								"minecraft:physics": {
									"has_collision": true,
									"has_gravity": true
								},
								"minecraft:collision_box": {
									"width": 1,
									"height": 1
								},
								"minecraft:input_ground_controlled": {},
								"minecraft:rideable": {
									"seat_count": 1,
									"crouching_skip_interact": true,
									"interact_text": "Drive",
									"family_types": [
										"player",
										"villager"
									],
									"pull_in_entities": true,
									"seats": [
										{
											"position": [
												0,
												0.55,
												0
											],
											"min_rider_count": 1,
											"max_rider_count": 2
										}
									]
								},
								"minecraft:movement": {
									"value": 0.075
								},
								"minecraft:knockback_resistance": {
									"value": 0.5
								},
								"minecraft:break_blocks": {
									"breakable_blocks": [
										"uf:tomato_crop",
										"uf:corn_crop",
										"uf:lettuce_crop",
										"minecraft:wheat",
										"minecraft:carrots",
										"minecraft:potatoes"
									]
								},
								"minecraft:inventory": {
									"container_type": "inventory",
									"inventory_size": 5
								},
								"minecraft:timer": {
									"looping": true,
									"time": [
										0.2,
										0.3
									],
									"randomInterval": true,
									"time_down_event": {
										"event": "uf:plant_crops"
									}
								}
							},
							"events": {
								"uf:plant_crops": {
									"sequence": [
										{
											"filters": {
												"test": "rider_count",
												"operator": "==",
												"value": 1
											},
											"execute": {
												"commands": [
													"/playsound mob.tractor.engine @a ~~~"
												]
											}
										}
									]
								}
							}
						},
						"key": "component_groups",
						"is_minified": true,
						"children": {}
					},
					{
						"open": {
							"description": {
								"identifier": "uf:tractor",
								"is_spawnable": true,
								"is_summonable": true,
								"is_experimental": true
							},
							"component_groups": {},
							"components": {
								"minecraft:health": {
									"value": 1,
									"max": 1
								},
								"minecraft:physics": {
									"has_collision": true,
									"has_gravity": true
								},
								"minecraft:collision_box": {
									"width": 1,
									"height": 1
								},
								"minecraft:input_ground_controlled": {},
								"minecraft:rideable": {
									"seat_count": 1,
									"crouching_skip_interact": true,
									"interact_text": "Drive",
									"family_types": [
										"player",
										"villager"
									],
									"pull_in_entities": true,
									"seats": [
										{
											"position": [
												0,
												0.55,
												0
											],
											"min_rider_count": 1,
											"max_rider_count": 2
										}
									]
								},
								"minecraft:movement": {
									"value": 0.075
								},
								"minecraft:knockback_resistance": {
									"value": 0.5
								},
								"minecraft:break_blocks": {
									"breakable_blocks": [
										"uf:tomato_crop",
										"uf:corn_crop",
										"uf:lettuce_crop",
										"minecraft:wheat",
										"minecraft:carrots",
										"minecraft:potatoes"
									]
								},
								"minecraft:inventory": {
									"container_type": "inventory",
									"inventory_size": 5
								},
								"minecraft:timer": {
									"looping": true,
									"time": [
										0.2,
										0.3
									],
									"randomInterval": true,
									"time_down_event": {
										"event": "uf:plant_crops"
									}
								}
							},
							"events": {
								"uf:plant_crops": {
									"sequence": [
										{
											"filters": {
												"test": "rider_count",
												"operator": "==",
												"value": 1
											},
											"execute": {
												"commands": [
													"/playsound mob.tractor.engine @a ~~~"
												]
											}
										}
									]
								}
							}
						},
						"key": "components",
						"children": [
							{
								"key": "minecraft:health",
								"is_minified": true,
								"children": {
									"value": 1,
									"max": 1
								}
							},
							{
								"key": "minecraft:physics",
								"is_minified": true,
								"children": {
									"has_collision": true,
									"has_gravity": true
								}
							},
							{
								"key": "minecraft:collision_box",
								"is_minified": true,
								"children": {
									"width": 1,
									"height": 1
								}
							},
							{
								"key": "minecraft:input_ground_controlled",
								"is_minified": true,
								"children": {}
							},
							{
								"key": "minecraft:rideable",
								"children": [
									{
										"data": "1",
										"key": "seat_count"
									},
									{
										"data": "true",
										"key": "crouching_skip_interact"
									},
									{
										"data": "Drive",
										"key": "interact_text"
									},
									{
										"key": "family_types",
										"is_minified": true,
										"children": [
											"player",
											"villager"
										]
									},
									{
										"data": "true",
										"key": "pull_in_entities"
									},
									{
										"key": "seats",
										"children": [
											{
												"open": [
													{
														"position": [
															0,
															0.55,
															0
														],
														"min_rider_count": 1,
														"max_rider_count": 2
													}
												],
												"children": [
													{
														"open": {
															"position": [
																0,
																0.55,
																0
															],
															"min_rider_count": 1,
															"max_rider_count": 2
														},
														"key": "position",
														"is_minified": true,
														"children": [
															0,
															0.55,
															0
														]
													},
													{
														"data": "1",
														"key": "min_rider_count"
													},
													{
														"data": "2",
														"key": "max_rider_count"
													}
												]
											}
										]
									}
								]
							},
							{
								"key": "minecraft:movement",
								"is_minified": true,
								"children": {
									"value": 0.075
								}
							},
							{
								"key": "minecraft:knockback_resistance",
								"is_minified": true,
								"children": {
									"value": 0.5
								}
							},
							{
								"key": "minecraft:break_blocks",
								"is_minified": true,
								"children": {
									"breakable_blocks": [
										"uf:tomato_crop",
										"uf:corn_crop",
										"uf:lettuce_crop",
										"minecraft:wheat",
										"minecraft:carrots",
										"minecraft:potatoes"
									]
								}
							},
							{
								"key": "minecraft:inventory",
								"is_minified": true,
								"children": {
									"container_type": "inventory",
									"inventory_size": 5
								}
							},
							{
								"key": "minecraft:block_sensor",
								"is_active": false,
								"children": [
									{
										"open": {
											"on_break": [
												{
													"block_list": [
														"uf:corn_crop"
													],
													"on_block_broken": "uf:set_corns"
												}
											],
											"sensor_radius": 4
										},
										"key": "on_break",
										"children": [
											{
												"open": [
													{
														"block_list": [
															"uf:corn_crop"
														],
														"on_block_broken": "uf:set_corns"
													}
												],
												"children": [
													{
														"open": {
															"block_list": [
																"uf:corn_crop"
															],
															"on_block_broken": "uf:set_corns"
														},
														"key": "block_list",
														"is_minified": true,
														"children": [
															"uf:corn_crop"
														]
													},
													{
														"data": "uf:set_corns",
														"key": "on_block_broken"
													}
												]
											}
										]
									},
									{
										"open": {
											"on_break": [
												{
													"block_list": [
														"uf:corn_crop"
													],
													"on_block_broken": "uf:set_corns"
												}
											],
											"sensor_radius": 4
										},
										"data": "4",
										"key": "sensor_radius"
									}
								]
							},
							{
								"key": "minecraft:timer",
								"is_minified": true,
								"children": {
									"looping": true,
									"time": [
										0.2,
										0.3
									],
									"randomInterval": true,
									"time_down_event": {
										"event": "uf:plant_crops"
									}
								}
							}
						]
					},
					{
						"open": {
							"description": {
								"identifier": "uf:tractor",
								"is_spawnable": true,
								"is_summonable": true,
								"is_experimental": true
							},
							"component_groups": {},
							"components": {
								"minecraft:health": {
									"value": 1,
									"max": 1
								},
								"minecraft:physics": {
									"has_collision": true,
									"has_gravity": true
								},
								"minecraft:collision_box": {
									"width": 1,
									"height": 1
								},
								"minecraft:input_ground_controlled": {},
								"minecraft:rideable": {
									"seat_count": 1,
									"crouching_skip_interact": true,
									"interact_text": "Drive",
									"family_types": [
										"player",
										"villager"
									],
									"pull_in_entities": true,
									"seats": [
										{
											"position": [
												0,
												0.55,
												0
											],
											"min_rider_count": 1,
											"max_rider_count": 2
										}
									]
								},
								"minecraft:movement": {
									"value": 0.075
								},
								"minecraft:knockback_resistance": {
									"value": 0.5
								},
								"minecraft:break_blocks": {
									"breakable_blocks": [
										"uf:tomato_crop",
										"uf:corn_crop",
										"uf:lettuce_crop",
										"minecraft:wheat",
										"minecraft:carrots",
										"minecraft:potatoes"
									]
								},
								"minecraft:inventory": {
									"container_type": "inventory",
									"inventory_size": 5
								},
								"minecraft:timer": {
									"looping": true,
									"time": [
										0.2,
										0.3
									],
									"randomInterval": true,
									"time_down_event": {
										"event": "uf:plant_crops"
									}
								}
							},
							"events": {
								"uf:plant_crops": {
									"sequence": [
										{
											"filters": {
												"test": "rider_count",
												"operator": "==",
												"value": 1
											},
											"execute": {
												"commands": [
													"/playsound mob.tractor.engine @a ~~~"
												]
											}
										}
									]
								}
							}
						},
						"key": "events",
						"children": [
							{
								"open": {
									"uf:plant_crops": {
										"sequence": [
											{
												"filters": {
													"test": "rider_count",
													"operator": "==",
													"value": 1
												},
												"execute": {
													"commands": [
														"/playsound mob.tractor.engine @a ~~~"
													]
												}
											}
										]
									}
								},
								"key": "uf:plant_crops",
								"children": [
									{
										"open": {
											"sequence": [
												{
													"filters": {
														"test": "rider_count",
														"operator": "==",
														"value": 1
													},
													"execute": {
														"commands": [
															"/playsound mob.tractor.engine @a ~~~"
														]
													}
												}
											]
										},
										"key": "sequence",
										"children": [
											{
												"open": [
													{
														"filters": {
															"test": "rider_count",
															"operator": "==",
															"value": 1
														},
														"execute": {
															"commands": [
																"/playsound mob.tractor.engine @a ~~~"
															]
														}
													}
												],
												"children": [
													{
														"key": "filters",
														"is_minified": true,
														"children": {
															"test": "rider_count",
															"operator": "==",
															"value": 1
														}
													},
													{
														"open": {
															"filters": {
																"test": "rider_count",
																"operator": "==",
																"value": 1
															},
															"execute": {
																"commands": [
																	"/playsound mob.tractor.engine @a ~~~"
																]
															}
														},
														"key": "execute",
														"children": [
															{
																"open": {
																	"commands": [
																		"/playsound mob.tractor.engine @a ~~~"
																	]
																},
																"key": "commands",
																"children": [
																	{
																		"data": "/setblock ~~5~ dirt",
																		"is_active": false
																	},
																	{
																		"open": [
																			"/playsound mob.tractor.engine @a ~~~"
																		],
																		"data": "/playsound mob.tractor.engine @a ~~~"
																	}
																]
															}
														]
													}
												]
											}
										]
									}
								]
							}
						]
					}
				]
			}
		]
	}
}