{
	"format_version": "1.16.100",
	"minecraft:block": {
		"description": {
			"identifier": "uf:sweet_potato_crop",
			"is_experimental": false,
			"properties": {
				"uf:crop_growth": [
					0,
					1,
					2,
					3,
					4
				]
			}
		},
		"components": {
			"minecraft:on_interact": {
				"condition": "query.get_equipped_item_name=='bone_meal'",
				"event": "uf:instant_grow"
			},
			"minecraft:ticking": {
				"looping": true,
				"range": [
					45,
					95
				],
				"on_tick": {
					"target": "self",
					"event": "uf:grow",
					"condition": "query.block_property('uf:crop_growth')<4"
				}
			},
			"minecraft:geometry": "geometry.crop.v2",
			"minecraft:block_light_absorption": 0,
			"minecraft:entity_collision": false,
			"minecraft:destroy_time": 0,
			"minecraft:loot": "loot_tables/crops/sweet_potato_crop_not_grown.json",
			"minecraft:placement_filter": {
				"conditions": [
					{
						"block_filter": [
							"minecraft:farmland"
						],
						"allowed_faces": [
							"up"
						]
					}
				]
			},
			"minecraft:breathability": "air"
		},
		"permutations": [
			{
				"condition": "query.block_property('uf:crop_growth') == 0",
				"components": {
					"minecraft:material_instances": {
						"*": {
							"texture": "sweet_potato_crop_0",
							"render_method": "alpha_test"
						}
					},
					"minecraft:pick_collision": {
						"origin": [
							-5,
							0,
							-5
						],
						"size": [
							10,
							2,
							10
						]
					}
				}
			},
			{
				"condition": "query.block_property('uf:crop_growth') == 1",
				"components": {
					"minecraft:material_instances": {
						"*": {
							"texture": "sweet_potato_crop_1",
							"render_method": "alpha_test"
						}
					},
					"minecraft:pick_collision": {
						"origin": [
							-5,
							0,
							-5
						],
						"size": [
							10,
							3,
							10
						]
					}
				}
			},
			{
				"condition": "query.block_property('uf:crop_growth') == 2",
				"components": {
					"minecraft:material_instances": {
						"*": {
							"texture": "sweet_potato_crop_2",
							"render_method": "alpha_test"
						}
					},
					"minecraft:pick_collision": {
						"origin": [
							-7,
							0,
							-7
						],
						"size": [
							14,
							6,
							14
						]
					}
				}
			},
			{
				"condition": "query.block_property('uf:crop_growth') == 3",
				"components": {
					"minecraft:material_instances": {
						"*": {
							"texture": "sweet_potato_crop_3",
							"render_method": "alpha_test"
						}
					},
					"minecraft:pick_collision": {
						"origin": [
							-7,
							0,
							-7
						],
						"size": [
							14,
							10,
							14
						]
					}
				}
			},
			{
				"condition": "query.block_property('uf:crop_growth') == 4",
				"components": {
					"minecraft:on_interact": {
						"target": "self",
						"event": "uf:harvest"
					},
					"minecraft:material_instances": {
						"*": {
							"texture": "sweet_potato_crop_4",
							"render_method": "alpha_test"
						}
					},
					"minecraft:pick_collision": {
						"origin": [
							-7,
							0,
							-7
						],
						"size": [
							14,
							14,
							14
						]
					},
					"minecraft:loot": "loot_tables/sweet_potato_crop_grown.json"
				}
			}
		],
		"events": {
			"uf:grow": {
				"randomize": [
					{
						"set_block_property": {
							"uf:crop_growth": "query.block_property('uf:crop_growth') + 1"
						},
						"weight": 1
					},
					{
						"weight": 1
					}
				]
			},
			"uf:instant_grow": {
				"set_block_property": {
					"uf:crop_growth": "query.block_property('uf:crop_growth')==3?4:query.block_property('uf:crop_growth')+math.random(1,3)"
				},
				"run_command": {
					"command": [
						"particle minecraft:crop_growth_emitter ~ ~ ~"
					]
				}
			},
			"uf:harvest": {
				"run_command": {
					"command": [
						"function harvest_crop_effect"
					]
				},
				"set_block": {
					"block_type": "air"
				},
				"spawn_loot": {
					"table": "loot_tables/crops/sweet_potato_crop_grown.json"
				}
			}
		}
	}
}