{
	"format_version": "1.16.100",
	"minecraft:block": {
		"description": {
			"identifier": "uf:orange_tree_sapling",
			"category": "nature"
		},
		"components": {
			"minecraft:material_instances": {
				"*": {
					"texture": "uf_orange_tree_sapling",
					"render_method": "alpha_test",
					"face_dimming": false
				}
			},
			"minecraft:pick_collision": {
				"origin": [
					-4,
					0,
					-4
				],
				"size": [
					8,
					14,
					8
				]
			},
			"minecraft:loot": "loot_tables/orange_tree_sappling_loot.json",
			"minecraft:geometry": "geometry.plantv3",
			"minecraft:destroy_time": 0.01,
			"minecraft:entity_collision": false,
			"minecraft:flammable": {
				"flame_odds": 0,
				"burn_odds": 0
			},
			"minecraft:placement_filter": {
				"conditions": [
					{
						"block_filter": [
							"minecraft:dirt",
							"minecraft:grass",
							"minecraft:podzol"
						],
						"allowed_faces": [
							"up"
						]
					}
				]
			},
			"minecraft:breathability": "air",
			"minecraft:block_light_absorption": 0,
			"minecraft:on_interact": {
				"event": "bone_meal",
				"condition": "query.get_equipped_item_name('main_hand')=='bone_meal'"
			},
			"minecraft:ticking": {
				"range": [
					300,
					1200
				],
				"on_tick": {
					"event": "grow_natural",
					"target": "self"
				}
			}
		},
		"events": {
			"grow_natural": {
				"randomize": [
					{
						"run_command": {
							"command": [
								"fill ~ ~ ~ ~ ~ ~ air",
								"structure load orange_tree_0 ~-3~~-3"
							],
							"target": "self"
						},
						"weight": 10
					},
					{
						"run_command": {
							"command": [
								"fill ~ ~ ~ ~ ~ ~ air",
								"structure load orange_tree_0 ~-3~~-3"
							],
							"target": "self"
						},
						"weight": 10
					},
					{
						"run_command": {
							"command": [
								"fill ~ ~ ~ ~ ~ ~ air",
								"structure load orange_tree_0 ~-3~~-3"
							],
							"target": "self"
						},
						"weight": 10
					},
					{
						"run_command": {
							"command": [
								"fill ~ ~ ~ ~ ~ ~ air",
								"structure load maple_tree_with_syrup ~-2~~-2"
							],
							"target": "self"
						},
						"weight": 2
					}
				]
			},
			"bone_meal": {
				"run_command": {
					"command": [
						"particle minecraft:crop_growth_emitter ~~~"
					]
				},
				"decrement_stack": {},
				"trigger": "grow_natural"
			}
		}
	}
}