{
	"file_path": "C:\\Users\\chupi\\AppData\\Local\\Packages\\Microsoft.MinecraftUWP_8wekyb3d8bbwe\\LocalState\\games\\com.mojang\\development_resource_packs\\Ultra Farming\\textures\\terrain_texture.json",
	"file_type": "terrain_texture",
	"format_version": 1,
	"file_uuid": "ca1db7da_ba0a_477a_be4e_d75a2044fb22",
	"file_version": 0,
	"cache_content": {
		"children": [
			{
				"data": "bridgeRP",
				"key": "resource_pack_name"
			},
			{
				"data": "atlas.terrain",
				"key": "texture_name"
			},
			{
				"data": "8",
				"key": "padding"
			},
			{
				"data": "4",
				"key": "num_mip_levels"
			},
			{
				"open": {
					"resource_pack_name": "bridgeRP",
					"texture_name": "atlas.terrain",
					"padding": 8,
					"num_mip_levels": 4,
					"texture_data": {
						"uf_corn_crop_0": {
							"textures": "textures/blocks/corn_crop_0"
						},
						"uf_corn_crop_1": {
							"textures": "textures/blocks/corn_crop_1"
						},
						"uf_corn_crop_2": {
							"textures": "textures/blocks/corn_crop_2"
						},
						"uf_corn_crop_3": {
							"textures": "textures/blocks/corn_crop_3"
						},
						"uf_corn_crop_4": {
							"textures": "textures/blocks/corn_crop_4"
						},
						"uf_custom_farm_land": {
							"textures": "textures/blocks/custom_farm_land"
						},
						"uf_lettuce_crop": {
							"textures": "textures/blocks/lettuce_crop"
						},
						"lettuce_crop_0": {
							"textures": "textures/blocks/lettuce_crop_0"
						},
						"lettuce_crop_1": {
							"textures": "textures/blocks/lettuce_crop_1"
						},
						"lettuce_crop_2": {
							"textures": "textures/blocks/lettuce_crop_2"
						},
						"lettuce_crop_3": {
							"textures": "textures/blocks/lettuce_crop_3"
						},
						"uf_wheat_feeder": {
							"textures": "textures/blocks/wheat_feeder"
						},
						"uf_tomato_crop_0": {
							"textures": "textures/blocks/tomato_crop_0"
						},
						"uf_tomato_crop_1": {
							"textures": "textures/blocks/tomato_crop_1"
						},
						"uf_tomato_crop_2": {
							"textures": "textures/blocks/tomato_crop_2"
						},
						"uf_tomato_crop_3": {
							"textures": "textures/blocks/tomato_crop_3"
						},
						"uf_tomato_crop_4": {
							"textures": "textures/blocks/tomato_crop_4"
						},
						"uf_apple_tree_leafs": {
							"textures": "textures/blocks/apple_tree_leafs"
						},
						"uf_apple_block": {
							"textures": "textures/blocks/apple_block"
						},
						"uf_apple_tree_sappling": {
							"textures": "textures/blocks/apple_tree_sappling"
						},
						"uf_botany_table": {
							"textures": "textures/blocks/botany_table"
						},
						"uf_rice_farmland": {
							"textures": [
								{
									"path": "textures/blocks/rice_farmland"
								}
							]
						},
						"uf_rice_crop_0": {
							"textures": "textures/blocks/rice_crop_0"
						},
						"uf_rice_crop_1": {
							"textures": "textures/blocks/rice_crop_1"
						},
						"uf_rice_crop_2": {
							"textures": "textures/blocks/rice_crop_2"
						},
						"uf_rice_crop_3": {
							"textures": "textures/blocks/rice_crop_3"
						},
						"uf_rice_crop_4": {
							"textures": "textures/blocks/rice_crop_4"
						},
						"uf_grapes_crop_0": {
							"textures": "textures/blocks/grapes_crop_0"
						},
						"uf_grapes_crop_1": {
							"textures": "textures/blocks/grapes_crop_1"
						},
						"uf_grapes_crop_2": {
							"textures": "textures/blocks/grapes_crop_2"
						},
						"uf_grapes_crop_3": {
							"textures": "textures/blocks/grapes_crop_3"
						},
						"uf_grapes_crop_4": {
							"textures": "textures/blocks/grapes_crop_4"
						},
						"uf_grapes_crop_5": {
							"textures": "textures/blocks/grapes_crop_5"
						},
						"uf_chicken_coop": {
							"textures": "textures/blocks/chicken_coop"
						},
						"uf_orange_tree_leafs": {
							"textures": "textures/blocks/orange_tree_leafs"
						},
						"uf_orange_block": {
							"textures": "textures/blocks/orange_block"
						},
						"uf_orange_tree_sapling": {
							"textures": "textures/blocks/orange_tree_sapling"
						},
						"uf_pepper_crop_0": {
							"textures": "textures/blocks/pepper_crop_0"
						},
						"uf_pepper_crop_1": {
							"textures": "textures/blocks/pepper_crop_1"
						},
						"uf_pepper_crop_2": {
							"textures": "textures/blocks/pepper_crop_2"
						},
						"uf_pepper_crop_3": {
							"textures": "textures/blocks/pepper_crop_3"
						},
						"uf_pepper_crop_4": {
							"textures": "textures/blocks/pepper_crop_4"
						},
						"uf_olive_tree_leafs": {
							"textures": "textures/blocks/olive_tree_leafs"
						},
						"uf_olive_tree_leafs_full": {
							"textures": "textures/blocks/olive_tree_leafs_full"
						},
						"uf_olive_tree_sapling": {
							"textures": "textures/blocks/olive_tree_sapling"
						},
						"uf_wine_barrel": {
							"textures": "textures/blocks/wine_barrel"
						},
						"uf_chese_mold": {
							"textures": "textures/blocks/chese_mold"
						},
						"uf_popcorn_machine": {
							"textures": "textures/blocks/popcorn_machine"
						},
						"uf_sprinkler": {
							"textures": "textures/blocks/sprinkler"
						},
						"uf_cherry_tree_leafs": {
							"textures": "textures/blocks/cherry_tree_leaves"
						},
						"uf_cherry_tree_leafs_blossom": {
							"textures": "textures/blocks/cherry_tree_leaves_blossom"
						},
						"uf_cherry_tree_leaves_blossom": {
							"textures": "textures/blocks/cherry_tree_leaves_blossom"
						},
						"uf_cherry_tree_leaves_fruit": {
							"textures": "textures/blocks/cherry_tree_leaves_fruit"
						},
						"uf_cherry_tree_sapling": {
							"textures": "textures/blocks/cherry_tree_sapling"
						},
						"uf_kelp_hatchery": {
							"textures": "textures/blocks/kelp_hatchery"
						},
						"uf_kelp_hatchery_stg_0": {
							"textures": "textures/blocks/kelp_hatchery_stg_0"
						},
						"uf_kelp_hatchery_stg_1": {
							"textures": "textures/blocks/kelp_hatchery_stg_1"
						},
						"uf_kelp_hatchery_stg_2": {
							"textures": "textures/blocks/kelp_hatchery_stg_2"
						},
						"uf_kelp_hatchery_stg_3": {
							"textures": "textures/blocks/kelp_hatchery_stg_3"
						},
						"uf_sushi_set": {
							"textures": "textures/blocks/sushi_set"
						},
						"uf_juicer": {
							"textures": "textures/blocks/juicer"
						},
						"uf_cut_table": {
							"textures": "textures/blocks/cut_table"
						},
						"uf_cut_table_melon": {
							"textures": "textures/blocks/cut_table_melon"
						},
						"uf_cut_table_raw_chicken": {
							"textures": "textures/blocks/cut_table_raw_chicken"
						},
						"uf_cut_table_cooked_chicken": {
							"textures": "textures/blocks/cut_table_cooked_chicken"
						},
						"uf_cooking_pot": {
							"textures": "textures/blocks/cooking_pot"
						},
						"uf_cooking_pot_rice": {
							"textures": "textures/blocks/cooking_pot_rice"
						},
						"uf_cooking_pot_stg_1": {
							"textures": "textures/blocks/cooking_pot_stg_1"
						},
						"uf_cooking_pot_stg_2": {
							"textures": "textures/blocks/cooking_pot_stg_2"
						},
						"uf_cooking_pot_stg_3": {
							"textures": "textures/blocks/cooking_pot_stg_3"
						},
						"uf_cooking_pot_stg_4": {
							"textures": "textures/blocks/cooking_pot_stg_4"
						},
						"uf_onion_crop_0": {
							"textures": "textures/blocks/onion_crop_0"
						},
						"uf_onion_crop_1": {
							"textures": "textures/blocks/onion_crop_1"
						},
						"uf_onion_crop_2": {
							"textures": "textures/blocks/onion_crop_2"
						},
						"uf_onion_crop_3": {
							"textures": "textures/blocks/onion_crop_3"
						},
						"uf_onion_crop_4": {
							"textures": "textures/blocks/onion_crop_4"
						},
						"uf_cut_table_pumpkin": {
							"textures": "textures/blocks/cut_table_pumpkin"
						},
						"uf_cut_table_porkchop": {
							"textures": "textures/blocks/cut_table_porkchop"
						},
						"uf_cut_table_beef": {
							"textures": "textures/blocks/cut_table_beef"
						},
						"uf_cut_table_potato": {
							"textures": "textures/blocks/cut_table_potato"
						},
						"uf_brown_spores_block": {
							"textures": "textures/blocks/brown_spores_block"
						},
						"uf_tiny_brown_mushroom": {
							"textures": "textures/blocks/tiny_brown_mushroom"
						},
						"uf_red_spores_block": {
							"textures": "textures/blocks/red_spores_block"
						},
						"uf_tiny_red_mushroom": {
							"textures": "textures/blocks/tiny_red_mushroom"
						},
						"uf_chicken_coop_full": {
							"textures": "textures/blocks/chicken_coop_full"
						},
						"uf_chicken_coop_eggs": {
							"textures": "textures/blocks/chicken_coop_eggs"
						},
						"uf_cherry_block": {
							"textures": "textures/blocks/cherry_block"
						},
						"uf_cherry_tree_leaves_blossom_fake": {
							"textures": "textures/blocks/cherry_tree_leaves_blossom"
						}
					}
				},
				"key": "texture_data",
				"children": [
					{
						"key": "uf_corn_crop_0",
						"is_minified": true,
						"children": {
							"textures": "textures/blocks/corn_crop_0"
						}
					},
					{
						"key": "uf_corn_crop_1",
						"is_minified": true,
						"children": {
							"textures": "textures/blocks/corn_crop_1"
						}
					},
					{
						"key": "uf_corn_crop_2",
						"is_minified": true,
						"children": {
							"textures": "textures/blocks/corn_crop_2"
						}
					},
					{
						"key": "uf_corn_crop_3",
						"is_minified": true,
						"children": {
							"textures": "textures/blocks/corn_crop_3"
						}
					},
					{
						"key": "uf_corn_crop_4",
						"is_minified": true,
						"children": {
							"textures": "textures/blocks/corn_crop_4"
						}
					},
					{
						"key": "uf_custom_farm_land",
						"is_minified": true,
						"children": {
							"textures": "textures/blocks/custom_farm_land"
						}
					},
					{
						"key": "uf_lettuce_crop",
						"is_minified": true,
						"children": {
							"textures": "textures/blocks/lettuce_crop"
						}
					},
					{
						"key": "lettuce_crop_0",
						"is_minified": true,
						"children": {
							"textures": "textures/blocks/lettuce_crop_0"
						}
					},
					{
						"key": "lettuce_crop_1",
						"is_minified": true,
						"children": {
							"textures": "textures/blocks/lettuce_crop_1"
						}
					},
					{
						"key": "lettuce_crop_2",
						"is_minified": true,
						"children": {
							"textures": "textures/blocks/lettuce_crop_2"
						}
					},
					{
						"key": "lettuce_crop_3",
						"is_minified": true,
						"children": {
							"textures": "textures/blocks/lettuce_crop_3"
						}
					},
					{
						"key": "uf_wheat_feeder",
						"is_minified": true,
						"children": {
							"textures": "textures/blocks/wheat_feeder"
						}
					},
					{
						"key": "uf_tomato_crop_0",
						"is_minified": true,
						"children": {
							"textures": "textures/blocks/tomato_crop_0"
						}
					},
					{
						"key": "uf_tomato_crop_1",
						"is_minified": true,
						"children": {
							"textures": "textures/blocks/tomato_crop_1"
						}
					},
					{
						"key": "uf_tomato_crop_2",
						"is_minified": true,
						"children": {
							"textures": "textures/blocks/tomato_crop_2"
						}
					},
					{
						"key": "uf_tomato_crop_3",
						"is_minified": true,
						"children": {
							"textures": "textures/blocks/tomato_crop_3"
						}
					},
					{
						"key": "uf_tomato_crop_4",
						"is_minified": true,
						"children": {
							"textures": "textures/blocks/tomato_crop_4"
						}
					},
					{
						"key": "uf_apple_tree_leafs",
						"is_minified": true,
						"children": {
							"textures": "textures/blocks/apple_tree_leafs"
						}
					},
					{
						"key": "uf_apple_block",
						"is_minified": true,
						"children": {
							"textures": "textures/blocks/apple_block"
						}
					},
					{
						"key": "uf_apple_tree_sappling",
						"is_minified": true,
						"children": {
							"textures": "textures/blocks/apple_tree_sappling"
						}
					},
					{
						"key": "uf_botany_table",
						"is_minified": true,
						"children": {
							"textures": "textures/blocks/botany_table"
						}
					},
					{
						"key": "uf_rice_farmland",
						"is_minified": true,
						"children": {
							"textures": [
								{
									"path": "textures/blocks/rice_farmland"
								}
							]
						}
					},
					{
						"key": "uf_rice_crop_0",
						"is_minified": true,
						"children": {
							"textures": "textures/blocks/rice_crop_0"
						}
					},
					{
						"key": "uf_rice_crop_1",
						"is_minified": true,
						"children": {
							"textures": "textures/blocks/rice_crop_1"
						}
					},
					{
						"key": "uf_rice_crop_2",
						"is_minified": true,
						"children": {
							"textures": "textures/blocks/rice_crop_2"
						}
					},
					{
						"key": "uf_rice_crop_3",
						"is_minified": true,
						"children": {
							"textures": "textures/blocks/rice_crop_3"
						}
					},
					{
						"key": "uf_rice_crop_4",
						"is_minified": true,
						"children": {
							"textures": "textures/blocks/rice_crop_4"
						}
					},
					{
						"key": "uf_grapes_crop_0",
						"is_minified": true,
						"children": {
							"textures": "textures/blocks/grapes_crop_0"
						}
					},
					{
						"key": "uf_grapes_crop_1",
						"is_minified": true,
						"children": {
							"textures": "textures/blocks/grapes_crop_1"
						}
					},
					{
						"key": "uf_grapes_crop_2",
						"is_minified": true,
						"children": {
							"textures": "textures/blocks/grapes_crop_2"
						}
					},
					{
						"key": "uf_grapes_crop_3",
						"is_minified": true,
						"children": {
							"textures": "textures/blocks/grapes_crop_3"
						}
					},
					{
						"key": "uf_grapes_crop_4",
						"is_minified": true,
						"children": {
							"textures": "textures/blocks/grapes_crop_4"
						}
					},
					{
						"key": "uf_grapes_crop_5",
						"is_minified": true,
						"children": {
							"textures": "textures/blocks/grapes_crop_5"
						}
					},
					{
						"key": "uf_chicken_coop",
						"is_minified": true,
						"children": {
							"textures": "textures/blocks/chicken_coop"
						}
					},
					{
						"key": "uf_orange_tree_leafs",
						"is_minified": true,
						"children": {
							"textures": "textures/blocks/orange_tree_leafs"
						}
					},
					{
						"key": "uf_orange_block",
						"is_minified": true,
						"children": {
							"textures": "textures/blocks/orange_block"
						}
					},
					{
						"key": "uf_orange_tree_sapling",
						"is_minified": true,
						"children": {
							"textures": "textures/blocks/orange_tree_sapling"
						}
					},
					{
						"key": "uf_pepper_crop_0",
						"is_minified": true,
						"children": {
							"textures": "textures/blocks/pepper_crop_0"
						}
					},
					{
						"key": "uf_pepper_crop_1",
						"is_minified": true,
						"children": {
							"textures": "textures/blocks/pepper_crop_1"
						}
					},
					{
						"key": "uf_pepper_crop_2",
						"is_minified": true,
						"children": {
							"textures": "textures/blocks/pepper_crop_2"
						}
					},
					{
						"key": "uf_pepper_crop_3",
						"is_minified": true,
						"children": {
							"textures": "textures/blocks/pepper_crop_3"
						}
					},
					{
						"key": "uf_pepper_crop_4",
						"is_minified": true,
						"children": {
							"textures": "textures/blocks/pepper_crop_4"
						}
					},
					{
						"key": "uf_olive_tree_leafs",
						"is_minified": true,
						"children": {
							"textures": "textures/blocks/olive_tree_leafs"
						}
					},
					{
						"key": "uf_olive_tree_leafs_full",
						"is_minified": true,
						"children": {
							"textures": "textures/blocks/olive_tree_leafs_full"
						}
					},
					{
						"key": "uf_olive_tree_sapling",
						"is_minified": true,
						"children": {
							"textures": "textures/blocks/olive_tree_sapling"
						}
					},
					{
						"key": "uf_wine_barrel",
						"is_minified": true,
						"children": {
							"textures": "textures/blocks/wine_barrel"
						}
					},
					{
						"key": "uf_chese_mold",
						"is_minified": true,
						"children": {
							"textures": "textures/blocks/chese_mold"
						}
					},
					{
						"key": "uf_popcorn_machine",
						"is_minified": true,
						"children": {
							"textures": "textures/blocks/popcorn_machine"
						}
					},
					{
						"key": "uf_sprinkler",
						"is_minified": true,
						"children": {
							"textures": "textures/blocks/sprinkler"
						}
					},
					{
						"key": "uf_cherry_tree_leafs",
						"is_minified": true,
						"children": {
							"textures": "textures/blocks/cherry_tree_leaves"
						}
					},
					{
						"key": "uf_cherry_tree_leafs_blossom",
						"is_minified": true,
						"children": {
							"textures": "textures/blocks/cherry_tree_leaves_blossom"
						}
					},
					{
						"open": {
							"uf_corn_crop_0": {
								"textures": "textures/blocks/corn_crop_0"
							},
							"uf_corn_crop_1": {
								"textures": "textures/blocks/corn_crop_1"
							},
							"uf_corn_crop_2": {
								"textures": "textures/blocks/corn_crop_2"
							},
							"uf_corn_crop_3": {
								"textures": "textures/blocks/corn_crop_3"
							},
							"uf_corn_crop_4": {
								"textures": "textures/blocks/corn_crop_4"
							},
							"uf_custom_farm_land": {
								"textures": "textures/blocks/custom_farm_land"
							},
							"uf_lettuce_crop": {
								"textures": "textures/blocks/lettuce_crop"
							},
							"lettuce_crop_0": {
								"textures": "textures/blocks/lettuce_crop_0"
							},
							"lettuce_crop_1": {
								"textures": "textures/blocks/lettuce_crop_1"
							},
							"lettuce_crop_2": {
								"textures": "textures/blocks/lettuce_crop_2"
							},
							"lettuce_crop_3": {
								"textures": "textures/blocks/lettuce_crop_3"
							},
							"uf_wheat_feeder": {
								"textures": "textures/blocks/wheat_feeder"
							},
							"uf_tomato_crop_0": {
								"textures": "textures/blocks/tomato_crop_0"
							},
							"uf_tomato_crop_1": {
								"textures": "textures/blocks/tomato_crop_1"
							},
							"uf_tomato_crop_2": {
								"textures": "textures/blocks/tomato_crop_2"
							},
							"uf_tomato_crop_3": {
								"textures": "textures/blocks/tomato_crop_3"
							},
							"uf_tomato_crop_4": {
								"textures": "textures/blocks/tomato_crop_4"
							},
							"uf_apple_tree_leafs": {
								"textures": "textures/blocks/apple_tree_leafs"
							},
							"uf_apple_block": {
								"textures": "textures/blocks/apple_block"
							},
							"uf_apple_tree_sappling": {
								"textures": "textures/blocks/apple_tree_sappling"
							},
							"uf_botany_table": {
								"textures": "textures/blocks/botany_table"
							},
							"uf_rice_farmland": {
								"textures": [
									{
										"path": "textures/blocks/rice_farmland"
									}
								]
							},
							"uf_rice_crop_0": {
								"textures": "textures/blocks/rice_crop_0"
							},
							"uf_rice_crop_1": {
								"textures": "textures/blocks/rice_crop_1"
							},
							"uf_rice_crop_2": {
								"textures": "textures/blocks/rice_crop_2"
							},
							"uf_rice_crop_3": {
								"textures": "textures/blocks/rice_crop_3"
							},
							"uf_rice_crop_4": {
								"textures": "textures/blocks/rice_crop_4"
							},
							"uf_grapes_crop_0": {
								"textures": "textures/blocks/grapes_crop_0"
							},
							"uf_grapes_crop_1": {
								"textures": "textures/blocks/grapes_crop_1"
							},
							"uf_grapes_crop_2": {
								"textures": "textures/blocks/grapes_crop_2"
							},
							"uf_grapes_crop_3": {
								"textures": "textures/blocks/grapes_crop_3"
							},
							"uf_grapes_crop_4": {
								"textures": "textures/blocks/grapes_crop_4"
							},
							"uf_grapes_crop_5": {
								"textures": "textures/blocks/grapes_crop_5"
							},
							"uf_chicken_coop": {
								"textures": "textures/blocks/chicken_coop"
							},
							"uf_orange_tree_leafs": {
								"textures": "textures/blocks/orange_tree_leafs"
							},
							"uf_orange_block": {
								"textures": "textures/blocks/orange_block"
							},
							"uf_orange_tree_sapling": {
								"textures": "textures/blocks/orange_tree_sapling"
							},
							"uf_pepper_crop_0": {
								"textures": "textures/blocks/pepper_crop_0"
							},
							"uf_pepper_crop_1": {
								"textures": "textures/blocks/pepper_crop_1"
							},
							"uf_pepper_crop_2": {
								"textures": "textures/blocks/pepper_crop_2"
							},
							"uf_pepper_crop_3": {
								"textures": "textures/blocks/pepper_crop_3"
							},
							"uf_pepper_crop_4": {
								"textures": "textures/blocks/pepper_crop_4"
							},
							"uf_olive_tree_leafs": {
								"textures": "textures/blocks/olive_tree_leafs"
							},
							"uf_olive_tree_leafs_full": {
								"textures": "textures/blocks/olive_tree_leafs_full"
							},
							"uf_olive_tree_sapling": {
								"textures": "textures/blocks/olive_tree_sapling"
							},
							"uf_wine_barrel": {
								"textures": "textures/blocks/wine_barrel"
							},
							"uf_chese_mold": {
								"textures": "textures/blocks/chese_mold"
							},
							"uf_popcorn_machine": {
								"textures": "textures/blocks/popcorn_machine"
							},
							"uf_sprinkler": {
								"textures": "textures/blocks/sprinkler"
							},
							"uf_cherry_tree_leafs": {
								"textures": "textures/blocks/cherry_tree_leaves"
							},
							"uf_cherry_tree_leafs_blossom": {
								"textures": "textures/blocks/cherry_tree_leaves_blossom"
							},
							"uf_cherry_tree_leaves_blossom": {
								"textures": "textures/blocks/cherry_tree_leaves_blossom"
							},
							"uf_cherry_tree_leaves_fruit": {
								"textures": "textures/blocks/cherry_tree_leaves_fruit"
							},
							"uf_cherry_tree_sapling": {
								"textures": "textures/blocks/cherry_tree_sapling"
							},
							"uf_kelp_hatchery": {
								"textures": "textures/blocks/kelp_hatchery"
							},
							"uf_kelp_hatchery_stg_0": {
								"textures": "textures/blocks/kelp_hatchery_stg_0"
							},
							"uf_kelp_hatchery_stg_1": {
								"textures": "textures/blocks/kelp_hatchery_stg_1"
							},
							"uf_kelp_hatchery_stg_2": {
								"textures": "textures/blocks/kelp_hatchery_stg_2"
							},
							"uf_kelp_hatchery_stg_3": {
								"textures": "textures/blocks/kelp_hatchery_stg_3"
							},
							"uf_sushi_set": {
								"textures": "textures/blocks/sushi_set"
							},
							"uf_juicer": {
								"textures": "textures/blocks/juicer"
							},
							"uf_cut_table": {
								"textures": "textures/blocks/cut_table"
							},
							"uf_cut_table_melon": {
								"textures": "textures/blocks/cut_table_melon"
							},
							"uf_cut_table_raw_chicken": {
								"textures": "textures/blocks/cut_table_raw_chicken"
							},
							"uf_cut_table_cooked_chicken": {
								"textures": "textures/blocks/cut_table_cooked_chicken"
							},
							"uf_cooking_pot": {
								"textures": "textures/blocks/cooking_pot"
							},
							"uf_cooking_pot_rice": {
								"textures": "textures/blocks/cooking_pot_rice"
							},
							"uf_cooking_pot_stg_1": {
								"textures": "textures/blocks/cooking_pot_stg_1"
							},
							"uf_cooking_pot_stg_2": {
								"textures": "textures/blocks/cooking_pot_stg_2"
							},
							"uf_cooking_pot_stg_3": {
								"textures": "textures/blocks/cooking_pot_stg_3"
							},
							"uf_cooking_pot_stg_4": {
								"textures": "textures/blocks/cooking_pot_stg_4"
							},
							"uf_onion_crop_0": {
								"textures": "textures/blocks/onion_crop_0"
							},
							"uf_onion_crop_1": {
								"textures": "textures/blocks/onion_crop_1"
							},
							"uf_onion_crop_2": {
								"textures": "textures/blocks/onion_crop_2"
							},
							"uf_onion_crop_3": {
								"textures": "textures/blocks/onion_crop_3"
							},
							"uf_onion_crop_4": {
								"textures": "textures/blocks/onion_crop_4"
							},
							"uf_cut_table_pumpkin": {
								"textures": "textures/blocks/cut_table_pumpkin"
							},
							"uf_cut_table_porkchop": {
								"textures": "textures/blocks/cut_table_porkchop"
							},
							"uf_cut_table_beef": {
								"textures": "textures/blocks/cut_table_beef"
							},
							"uf_cut_table_potato": {
								"textures": "textures/blocks/cut_table_potato"
							},
							"uf_brown_spores_block": {
								"textures": "textures/blocks/brown_spores_block"
							},
							"uf_tiny_brown_mushroom": {
								"textures": "textures/blocks/tiny_brown_mushroom"
							},
							"uf_red_spores_block": {
								"textures": "textures/blocks/red_spores_block"
							},
							"uf_tiny_red_mushroom": {
								"textures": "textures/blocks/tiny_red_mushroom"
							},
							"uf_chicken_coop_full": {
								"textures": "textures/blocks/chicken_coop_full"
							},
							"uf_chicken_coop_eggs": {
								"textures": "textures/blocks/chicken_coop_eggs"
							},
							"uf_cherry_block": {
								"textures": "textures/blocks/cherry_block"
							},
							"uf_cherry_tree_leaves_blossom_fake": {
								"textures": "textures/blocks/cherry_tree_leaves_blossom"
							}
						},
						"key": "uf_cherry_tree_leaves_blossom",
						"is_minified": true,
						"children": {
							"textures": "textures/blocks/cherry_tree_leaves_blossom"
						}
					},
					{
						"key": "uf_cherry_tree_leaves_fruit",
						"is_minified": true,
						"children": {
							"textures": "textures/blocks/cherry_tree_leaves_fruit"
						}
					},
					{
						"key": "uf_cherry_tree_sapling",
						"is_minified": true,
						"children": {
							"textures": "textures/blocks/cherry_tree_sapling"
						}
					},
					{
						"key": "uf_kelp_hatchery",
						"is_minified": true,
						"children": {
							"textures": "textures/blocks/kelp_hatchery"
						}
					},
					{
						"key": "uf_kelp_hatchery_stg_0",
						"is_minified": true,
						"children": {
							"textures": "textures/blocks/kelp_hatchery_stg_0"
						}
					},
					{
						"key": "uf_kelp_hatchery_stg_1",
						"is_minified": true,
						"children": {
							"textures": "textures/blocks/kelp_hatchery_stg_1"
						}
					},
					{
						"key": "uf_kelp_hatchery_stg_2",
						"is_minified": true,
						"children": {
							"textures": "textures/blocks/kelp_hatchery_stg_2"
						}
					},
					{
						"key": "uf_kelp_hatchery_stg_3",
						"is_minified": true,
						"children": {
							"textures": "textures/blocks/kelp_hatchery_stg_3"
						}
					},
					{
						"key": "uf_sushi_set",
						"is_minified": true,
						"children": {
							"textures": "textures/blocks/sushi_set"
						}
					},
					{
						"key": "uf_juicer",
						"is_minified": true,
						"children": {
							"textures": "textures/blocks/juicer"
						}
					},
					{
						"key": "uf_cut_table",
						"is_minified": true,
						"children": {
							"textures": "textures/blocks/cut_table"
						}
					},
					{
						"key": "uf_cut_table_melon",
						"is_minified": true,
						"children": {
							"textures": "textures/blocks/cut_table_melon"
						}
					},
					{
						"key": "uf_cut_table_raw_chicken",
						"is_minified": true,
						"children": {
							"textures": "textures/blocks/cut_table_raw_chicken"
						}
					},
					{
						"key": "uf_cut_table_cooked_chicken",
						"is_minified": true,
						"children": {
							"textures": "textures/blocks/cut_table_cooked_chicken"
						}
					},
					{
						"key": "uf_cooking_pot",
						"is_minified": true,
						"children": {
							"textures": "textures/blocks/cooking_pot"
						}
					},
					{
						"key": "uf_cooking_pot_rice",
						"is_minified": true,
						"children": {
							"textures": "textures/blocks/cooking_pot_rice"
						}
					},
					{
						"key": "uf_cooking_pot_stg_1",
						"is_minified": true,
						"children": {
							"textures": "textures/blocks/cooking_pot_stg_1"
						}
					},
					{
						"key": "uf_cooking_pot_stg_2",
						"is_minified": true,
						"children": {
							"textures": "textures/blocks/cooking_pot_stg_2"
						}
					},
					{
						"key": "uf_cooking_pot_stg_3",
						"is_minified": true,
						"children": {
							"textures": "textures/blocks/cooking_pot_stg_3"
						}
					},
					{
						"key": "uf_cooking_pot_stg_4",
						"is_minified": true,
						"children": {
							"textures": "textures/blocks/cooking_pot_stg_4"
						}
					},
					{
						"key": "uf_onion_crop_0",
						"is_minified": true,
						"children": {
							"textures": "textures/blocks/onion_crop_0"
						}
					},
					{
						"key": "uf_onion_crop_1",
						"is_minified": true,
						"children": {
							"textures": "textures/blocks/onion_crop_1"
						}
					},
					{
						"key": "uf_onion_crop_2",
						"is_minified": true,
						"children": {
							"textures": "textures/blocks/onion_crop_2"
						}
					},
					{
						"key": "uf_onion_crop_3",
						"is_minified": true,
						"children": {
							"textures": "textures/blocks/onion_crop_3"
						}
					},
					{
						"key": "uf_onion_crop_4",
						"is_minified": true,
						"children": {
							"textures": "textures/blocks/onion_crop_4"
						}
					},
					{
						"key": "uf_cut_table_pumpkin",
						"is_minified": true,
						"children": {
							"textures": "textures/blocks/cut_table_pumpkin"
						}
					},
					{
						"key": "uf_cut_table_porkchop",
						"is_minified": true,
						"children": {
							"textures": "textures/blocks/cut_table_porkchop"
						}
					},
					{
						"key": "uf_cut_table_beef",
						"is_minified": true,
						"children": {
							"textures": "textures/blocks/cut_table_beef"
						}
					},
					{
						"key": "uf_cut_table_potato",
						"is_minified": true,
						"children": {
							"textures": "textures/blocks/cut_table_potato"
						}
					},
					{
						"key": "uf_brown_spores_block",
						"is_minified": true,
						"children": {
							"textures": "textures/blocks/brown_spores_block"
						}
					},
					{
						"key": "uf_tiny_brown_mushroom",
						"is_minified": true,
						"children": {
							"textures": "textures/blocks/tiny_brown_mushroom"
						}
					},
					{
						"key": "uf_red_spores_block",
						"is_minified": true,
						"children": {
							"textures": "textures/blocks/red_spores_block"
						}
					},
					{
						"key": "uf_tiny_red_mushroom",
						"is_minified": true,
						"children": {
							"textures": "textures/blocks/tiny_red_mushroom"
						}
					},
					{
						"key": "uf_chicken_coop_full",
						"is_minified": true,
						"children": {
							"textures": "textures/blocks/chicken_coop_full"
						}
					},
					{
						"key": "uf_chicken_coop_eggs",
						"is_minified": true,
						"children": {
							"textures": "textures/blocks/chicken_coop_eggs"
						}
					},
					{
						"key": "uf_cherry_block",
						"is_minified": true,
						"children": {
							"textures": "textures/blocks/cherry_block"
						}
					},
					{
						"open": {
							"uf_corn_crop_0": {
								"textures": "textures/blocks/corn_crop_0"
							},
							"uf_corn_crop_1": {
								"textures": "textures/blocks/corn_crop_1"
							},
							"uf_corn_crop_2": {
								"textures": "textures/blocks/corn_crop_2"
							},
							"uf_corn_crop_3": {
								"textures": "textures/blocks/corn_crop_3"
							},
							"uf_corn_crop_4": {
								"textures": "textures/blocks/corn_crop_4"
							},
							"uf_custom_farm_land": {
								"textures": "textures/blocks/custom_farm_land"
							},
							"uf_lettuce_crop": {
								"textures": "textures/blocks/lettuce_crop"
							},
							"lettuce_crop_0": {
								"textures": "textures/blocks/lettuce_crop_0"
							},
							"lettuce_crop_1": {
								"textures": "textures/blocks/lettuce_crop_1"
							},
							"lettuce_crop_2": {
								"textures": "textures/blocks/lettuce_crop_2"
							},
							"lettuce_crop_3": {
								"textures": "textures/blocks/lettuce_crop_3"
							},
							"uf_wheat_feeder": {
								"textures": "textures/blocks/wheat_feeder"
							},
							"uf_tomato_crop_0": {
								"textures": "textures/blocks/tomato_crop_0"
							},
							"uf_tomato_crop_1": {
								"textures": "textures/blocks/tomato_crop_1"
							},
							"uf_tomato_crop_2": {
								"textures": "textures/blocks/tomato_crop_2"
							},
							"uf_tomato_crop_3": {
								"textures": "textures/blocks/tomato_crop_3"
							},
							"uf_tomato_crop_4": {
								"textures": "textures/blocks/tomato_crop_4"
							},
							"uf_apple_tree_leafs": {
								"textures": "textures/blocks/apple_tree_leafs"
							},
							"uf_apple_block": {
								"textures": "textures/blocks/apple_block"
							},
							"uf_apple_tree_sappling": {
								"textures": "textures/blocks/apple_tree_sappling"
							},
							"uf_botany_table": {
								"textures": "textures/blocks/botany_table"
							},
							"uf_rice_farmland": {
								"textures": [
									{
										"path": "textures/blocks/rice_farmland"
									}
								]
							},
							"uf_rice_crop_0": {
								"textures": "textures/blocks/rice_crop_0"
							},
							"uf_rice_crop_1": {
								"textures": "textures/blocks/rice_crop_1"
							},
							"uf_rice_crop_2": {
								"textures": "textures/blocks/rice_crop_2"
							},
							"uf_rice_crop_3": {
								"textures": "textures/blocks/rice_crop_3"
							},
							"uf_rice_crop_4": {
								"textures": "textures/blocks/rice_crop_4"
							},
							"uf_grapes_crop_0": {
								"textures": "textures/blocks/grapes_crop_0"
							},
							"uf_grapes_crop_1": {
								"textures": "textures/blocks/grapes_crop_1"
							},
							"uf_grapes_crop_2": {
								"textures": "textures/blocks/grapes_crop_2"
							},
							"uf_grapes_crop_3": {
								"textures": "textures/blocks/grapes_crop_3"
							},
							"uf_grapes_crop_4": {
								"textures": "textures/blocks/grapes_crop_4"
							},
							"uf_grapes_crop_5": {
								"textures": "textures/blocks/grapes_crop_5"
							},
							"uf_chicken_coop": {
								"textures": "textures/blocks/chicken_coop"
							},
							"uf_orange_tree_leafs": {
								"textures": "textures/blocks/orange_tree_leafs"
							},
							"uf_orange_block": {
								"textures": "textures/blocks/orange_block"
							},
							"uf_orange_tree_sapling": {
								"textures": "textures/blocks/orange_tree_sapling"
							},
							"uf_pepper_crop_0": {
								"textures": "textures/blocks/pepper_crop_0"
							},
							"uf_pepper_crop_1": {
								"textures": "textures/blocks/pepper_crop_1"
							},
							"uf_pepper_crop_2": {
								"textures": "textures/blocks/pepper_crop_2"
							},
							"uf_pepper_crop_3": {
								"textures": "textures/blocks/pepper_crop_3"
							},
							"uf_pepper_crop_4": {
								"textures": "textures/blocks/pepper_crop_4"
							},
							"uf_olive_tree_leafs": {
								"textures": "textures/blocks/olive_tree_leafs"
							},
							"uf_olive_tree_leafs_full": {
								"textures": "textures/blocks/olive_tree_leafs_full"
							},
							"uf_olive_tree_sapling": {
								"textures": "textures/blocks/olive_tree_sapling"
							},
							"uf_wine_barrel": {
								"textures": "textures/blocks/wine_barrel"
							},
							"uf_chese_mold": {
								"textures": "textures/blocks/chese_mold"
							},
							"uf_popcorn_machine": {
								"textures": "textures/blocks/popcorn_machine"
							},
							"uf_sprinkler": {
								"textures": "textures/blocks/sprinkler"
							},
							"uf_cherry_tree_leafs": {
								"textures": "textures/blocks/cherry_tree_leaves"
							},
							"uf_cherry_tree_leafs_blossom": {
								"textures": "textures/blocks/cherry_tree_leaves_blossom"
							},
							"uf_cherry_tree_leaves_blossom": {
								"textures": "textures/blocks/cherry_tree_leaves_blossom"
							},
							"uf_cherry_tree_leaves_fruit": {
								"textures": "textures/blocks/cherry_tree_leaves_fruit"
							},
							"uf_cherry_tree_sapling": {
								"textures": "textures/blocks/cherry_tree_sapling"
							},
							"uf_kelp_hatchery": {
								"textures": "textures/blocks/kelp_hatchery"
							},
							"uf_kelp_hatchery_stg_0": {
								"textures": "textures/blocks/kelp_hatchery_stg_0"
							},
							"uf_kelp_hatchery_stg_1": {
								"textures": "textures/blocks/kelp_hatchery_stg_1"
							},
							"uf_kelp_hatchery_stg_2": {
								"textures": "textures/blocks/kelp_hatchery_stg_2"
							},
							"uf_kelp_hatchery_stg_3": {
								"textures": "textures/blocks/kelp_hatchery_stg_3"
							},
							"uf_sushi_set": {
								"textures": "textures/blocks/sushi_set"
							},
							"uf_juicer": {
								"textures": "textures/blocks/juicer"
							},
							"uf_cut_table": {
								"textures": "textures/blocks/cut_table"
							},
							"uf_cut_table_melon": {
								"textures": "textures/blocks/cut_table_melon"
							},
							"uf_cut_table_raw_chicken": {
								"textures": "textures/blocks/cut_table_raw_chicken"
							},
							"uf_cut_table_cooked_chicken": {
								"textures": "textures/blocks/cut_table_cooked_chicken"
							},
							"uf_cooking_pot": {
								"textures": "textures/blocks/cooking_pot"
							},
							"uf_cooking_pot_rice": {
								"textures": "textures/blocks/cooking_pot_rice"
							},
							"uf_cooking_pot_stg_1": {
								"textures": "textures/blocks/cooking_pot_stg_1"
							},
							"uf_cooking_pot_stg_2": {
								"textures": "textures/blocks/cooking_pot_stg_2"
							},
							"uf_cooking_pot_stg_3": {
								"textures": "textures/blocks/cooking_pot_stg_3"
							},
							"uf_cooking_pot_stg_4": {
								"textures": "textures/blocks/cooking_pot_stg_4"
							},
							"uf_onion_crop_0": {
								"textures": "textures/blocks/onion_crop_0"
							},
							"uf_onion_crop_1": {
								"textures": "textures/blocks/onion_crop_1"
							},
							"uf_onion_crop_2": {
								"textures": "textures/blocks/onion_crop_2"
							},
							"uf_onion_crop_3": {
								"textures": "textures/blocks/onion_crop_3"
							},
							"uf_onion_crop_4": {
								"textures": "textures/blocks/onion_crop_4"
							},
							"uf_cut_table_pumpkin": {
								"textures": "textures/blocks/cut_table_pumpkin"
							},
							"uf_cut_table_porkchop": {
								"textures": "textures/blocks/cut_table_porkchop"
							},
							"uf_cut_table_beef": {
								"textures": "textures/blocks/cut_table_beef"
							},
							"uf_cut_table_potato": {
								"textures": "textures/blocks/cut_table_potato"
							},
							"uf_brown_spores_block": {
								"textures": "textures/blocks/brown_spores_block"
							},
							"uf_tiny_brown_mushroom": {
								"textures": "textures/blocks/tiny_brown_mushroom"
							},
							"uf_red_spores_block": {
								"textures": "textures/blocks/red_spores_block"
							},
							"uf_tiny_red_mushroom": {
								"textures": "textures/blocks/tiny_red_mushroom"
							},
							"uf_chicken_coop_full": {
								"textures": "textures/blocks/chicken_coop_full"
							},
							"uf_chicken_coop_eggs": {
								"textures": "textures/blocks/chicken_coop_eggs"
							},
							"uf_cherry_block": {
								"textures": "textures/blocks/cherry_block"
							},
							"uf_cherry_tree_leaves_blossom_fake": {
								"textures": "textures/blocks/cherry_tree_leaves_blossom"
							}
						},
						"key": "uf_cherry_tree_leaves_blossom_fake",
						"is_minified": true,
						"children": {
							"textures": "textures/blocks/cherry_tree_leaves_blossom"
						}
					}
				]
			}
		]
	}
}