{
    "format_version": "1.12",
    "minecraft:recipe_shaped": {
        "tags": [
            "crafting_table"
        ],
        "pattern": [
            " # ",
            "#P#"
        ],
        "key": {
            "#": {
                "item": "minecraft:leather"
            },
            "P": {
                "item": "minecraft:paper"
            }
        },
        "result": {
            "item": "uf:cooking_pot_recipes_book_es",
            "count": 1
        },
        "description": {
            "identifier": "uf:cooking_pot_recipes_es_r"
        }
    }
}