{
	"file_path": "C:\\Users\\chupi\\AppData\\Local\\Packages\\Microsoft.MinecraftUWP_8wekyb3d8bbwe\\LocalState\\games\\com.mojang\\development_resource_packs\\Ultra Farming\\animations\\tractor.json",
	"file_type": "rp_animation",
	"format_version": 0,
	"cache_content": {
		"format_version": "1.8.0",
		"animations": {
			"animation.tractor.baby_transform": {
				"loop": true,
				"bones": {
					"head": {
						"position": [
							0,
							4,
							4
						],
						"scale": 2
					}
				}
			},
			"animation.tractor.setup": {
				"loop": true,
				"bones": {
					"body": {
						"rotation": [
							"-this",
							0,
							0
						]
					}
				}
			},
			"animation.tractor.setup.v1.0": {
				"loop": true,
				"bones": {
					"body": {
						"rotation": [
							"90 - this",
							0,
							0
						]
					}
				}
			}
		}
	},
	"file_uuid": "2d27d8c3_a639_499d_aa0f_e116c7cee10d"
}