{
	"file_path": "C:\\Users\\chupi\\AppData\\Local\\Packages\\Microsoft.MinecraftUWP_8wekyb3d8bbwe\\LocalState\\games\\com.mojang\\development_behavior_packs\\Ultra Farming Addon\\blocks\\botany_table.json",
	"file_type": "block",
	"format_version": 1,
	"file_uuid": "3b92c181_56b3_4eb0_92a7_e892daf19515",
	"file_version": 11,
	"cache_content": {
		"children": [
			{
				"data": "1.16.0",
				"key": "format_version"
			},
			{
				"open": {
					"format_version": "1.16.0",
					"minecraft:block": {
						"description": {
							"identifier": "uf:botany_table",
							"is_experimental": false
						},
						"components": {
							"minecraft:destroy_time": 0.2,
							"minecraft:explosion_resistance": 1,
							"minecraft:crafting_table": {
								"custom_description": "Botany Table",
								"grid_size": 3,
								"crafting_tags": [
									"botany_table"
								]
							},
							"minecraft:geometry": "geometry.botany_table",
							"minecraft:material_instances": {
								"*": {
									"texture": "uf_botany_table"
								}
							},
							"minecraft:block_light_absorption": 0
						}
					}
				},
				"key": "minecraft:block",
				"children": [
					{
						"open": {
							"description": {
								"identifier": "uf:botany_table",
								"is_experimental": false
							},
							"components": {
								"minecraft:destroy_time": 0.2,
								"minecraft:explosion_resistance": 1,
								"minecraft:crafting_table": {
									"custom_description": "Botany Table",
									"grid_size": 3,
									"crafting_tags": [
										"botany_table"
									]
								},
								"minecraft:geometry": "geometry.botany_table",
								"minecraft:material_instances": {
									"*": {
										"texture": "uf_botany_table"
									}
								},
								"minecraft:block_light_absorption": 0
							}
						},
						"key": "description",
						"is_minified": true,
						"children": {
							"identifier": "uf:botany_table",
							"is_experimental": false
						}
					},
					{
						"open": {
							"description": {
								"identifier": "uf:botany_table",
								"is_experimental": false
							},
							"components": {
								"minecraft:destroy_time": 0.2,
								"minecraft:explosion_resistance": 1,
								"minecraft:crafting_table": {
									"custom_description": "Botany Table",
									"grid_size": 3,
									"crafting_tags": [
										"botany_table"
									]
								},
								"minecraft:geometry": "geometry.botany_table",
								"minecraft:material_instances": {
									"*": {
										"texture": "uf_botany_table"
									}
								},
								"minecraft:block_light_absorption": 0
							}
						},
						"key": "components",
						"children": [
							{
								"data": "0.2",
								"key": "minecraft:destroy_time"
							},
							{
								"data": "1",
								"key": "minecraft:explosion_resistance"
							},
							{
								"key": "minecraft:crafting_table",
								"children": [
									{
										"open": {
											"custom_description": "Botany Table",
											"grid_size": 3,
											"crafting_tags": [
												"botany_table"
											]
										},
										"data": "Botany Table",
										"key": "custom_description"
									},
									{
										"open": {
											"custom_description": "Botany Table",
											"grid_size": 3,
											"crafting_tags": [
												"botany_table"
											]
										},
										"data": "3",
										"key": "grid_size"
									},
									{
										"open": {
											"custom_description": "Botany Table",
											"grid_size": 3,
											"crafting_tags": [
												"botany_table"
											]
										},
										"key": "crafting_tags",
										"is_minified": true,
										"children": [
											"botany_table"
										]
									}
								]
							},
							{
								"data": "geometry.botany_table",
								"key": "minecraft:geometry"
							},
							{
								"open": {
									"minecraft:destroy_time": 0.2,
									"minecraft:explosion_resistance": 1,
									"minecraft:crafting_table": {
										"custom_description": "Botany Table",
										"grid_size": 3,
										"crafting_tags": [
											"botany_table"
										]
									},
									"minecraft:geometry": "geometry.botany_table",
									"minecraft:material_instances": {
										"*": {
											"texture": "uf_botany_table"
										}
									},
									"minecraft:block_light_absorption": 0
								},
								"key": "minecraft:material_instances",
								"children": [
									{
										"open": {
											"*": {
												"texture": "uf_botany_table"
											}
										},
										"key": "*",
										"is_minified": true,
										"children": {
											"texture": "uf_botany_table"
										}
									}
								]
							},
							{
								"data": "0.0",
								"key": "minecraft:block_light_absorption"
							}
						]
					}
				]
			}
		]
	}
}