{
	"file_path": "C:\\Users\\chupi\\AppData\\Local\\Packages\\Microsoft.MinecraftUWP_8wekyb3d8bbwe\\LocalState\\games\\com.mojang\\development_behavior_packs\\Ultra Farming Addon\\blocks\\chicken_coop_eggs.json",
	"file_type": "block",
	"format_version": 1,
	"file_uuid": "199dece7_a73c_4786_8415_d09cc886bd3b",
	"file_version": 78,
	"cache_content": {
		"children": [
			{
				"data": "1.16.0",
				"key": "format_version"
			},
			{
				"open": {
					"format_version": "1.16.0",
					"minecraft:block": {
						"description": {
							"identifier": "uf:chicken_coop_eggs",
							"is_experimental": true
						},
						"components": {
							"minecraft:destroy_time": 0.2,
							"minecraft:explosion_resistance": 1,
							"minecraft:geometry": "geometry.chicken_coop_eggs",
							"minecraft:material_instances": {
								"*": {
									"texture": "uf_chicken_coop"
								}
							},
							"minecraft:block_light_absorption": 0,
							"minecraft:on_interact": {
								"event": "uf:take_eggs"
							},
							"minecraft:pick_collision": {
								"origin": [
									-7,
									0,
									-7
								],
								"size": [
									14,
									3,
									14
								]
							},
							"minecraft:entity_collision": false,
							"minecraft:breathability": "air"
						},
						"events": {
							"uf:take_eggs": {
								"spawn_loot": {
									"table": "loot_tables/chicken_coop.json"
								},
								"run_command": {
									"command": "setblock ~~~ uf:chicken_coop"
								}
							}
						}
					}
				},
				"key": "minecraft:block",
				"children": [
					{
						"open": {
							"description": {
								"identifier": "uf:chicken_coop_eggs",
								"is_experimental": true
							},
							"components": {
								"minecraft:destroy_time": 0.2,
								"minecraft:explosion_resistance": 1,
								"minecraft:geometry": "geometry.chicken_coop_eggs",
								"minecraft:material_instances": {
									"*": {
										"texture": "uf_chicken_coop"
									}
								},
								"minecraft:block_light_absorption": 0,
								"minecraft:on_interact": {
									"event": "uf:take_eggs"
								},
								"minecraft:pick_collision": {
									"origin": [
										-7,
										0,
										-7
									],
									"size": [
										14,
										3,
										14
									]
								},
								"minecraft:entity_collision": false,
								"minecraft:breathability": "air"
							},
							"events": {
								"uf:take_eggs": {
									"spawn_loot": {
										"table": "loot_tables/chicken_coop.json"
									},
									"run_command": {
										"command": "setblock ~~~ uf:chicken_coop"
									}
								}
							}
						},
						"key": "description",
						"is_minified": true,
						"children": {
							"identifier": "uf:chicken_coop_eggs",
							"is_experimental": true
						}
					},
					{
						"open": {
							"description": {
								"identifier": "uf:chicken_coop_eggs",
								"is_experimental": true
							},
							"components": {
								"minecraft:destroy_time": 0.2,
								"minecraft:explosion_resistance": 1,
								"minecraft:geometry": "geometry.chicken_coop_eggs",
								"minecraft:material_instances": {
									"*": {
										"texture": "uf_chicken_coop"
									}
								},
								"minecraft:block_light_absorption": 0,
								"minecraft:on_interact": {
									"event": "uf:take_eggs"
								},
								"minecraft:pick_collision": {
									"origin": [
										-7,
										0,
										-7
									],
									"size": [
										14,
										3,
										14
									]
								},
								"minecraft:entity_collision": false,
								"minecraft:breathability": "air"
							},
							"events": {
								"uf:take_eggs": {
									"spawn_loot": {
										"table": "loot_tables/chicken_coop.json"
									},
									"run_command": {
										"command": "setblock ~~~ uf:chicken_coop"
									}
								}
							}
						},
						"key": "components",
						"children": [
							{
								"data": "0.2",
								"key": "minecraft:destroy_time"
							},
							{
								"data": "1",
								"key": "minecraft:explosion_resistance"
							},
							{
								"open": {
									"minecraft:destroy_time": 0.2,
									"minecraft:explosion_resistance": 1,
									"minecraft:geometry": "geometry.chicken_coop_eggs",
									"minecraft:material_instances": {
										"*": {
											"texture": "uf_chicken_coop"
										}
									},
									"minecraft:block_light_absorption": 0,
									"minecraft:on_interact": {
										"event": "uf:take_eggs"
									},
									"minecraft:pick_collision": {
										"origin": [
											-7,
											0,
											-7
										],
										"size": [
											14,
											3,
											14
										]
									},
									"minecraft:entity_collision": false,
									"minecraft:breathability": "air"
								},
								"data": "geometry.chicken_coop_eggs",
								"key": "minecraft:geometry"
							},
							{
								"key": "minecraft:material_instances",
								"children": [
									{
										"open": {
											"*": {
												"texture": "uf_chicken_coop"
											}
										},
										"key": "*",
										"is_minified": true,
										"children": {
											"texture": "uf_chicken_coop"
										}
									}
								]
							},
							{
								"data": "0.0",
								"key": "minecraft:block_light_absorption"
							},
							{
								"open": {
									"minecraft:destroy_time": 0.2,
									"minecraft:explosion_resistance": 1,
									"minecraft:geometry": "geometry.chicken_coop_eggs",
									"minecraft:material_instances": {
										"*": {
											"texture": "uf_chicken_coop"
										}
									},
									"minecraft:block_light_absorption": 0,
									"minecraft:on_interact": {
										"event": "uf:take_eggs"
									},
									"minecraft:pick_collision": {
										"origin": [
											-7,
											0,
											-7
										],
										"size": [
											14,
											3,
											14
										]
									},
									"minecraft:entity_collision": false,
									"minecraft:breathability": "air"
								},
								"key": "minecraft:on_interact",
								"is_minified": true,
								"children": {
									"event": "uf:take_eggs"
								}
							},
							{
								"key": "minecraft:pick_collision",
								"children": [
									{
										"open": {
											"origin": [
												-7,
												0,
												-7
											],
											"size": [
												14,
												3,
												14
											]
										},
										"key": "origin",
										"is_minified": true,
										"children": [
											-7,
											0,
											-7
										]
									},
									{
										"open": {
											"origin": [
												-7,
												0,
												-7
											],
											"size": [
												14,
												3,
												14
											]
										},
										"key": "size",
										"is_minified": true,
										"children": [
											14,
											3,
											14
										]
									}
								]
							},
							{
								"data": "false",
								"key": "minecraft:entity_collision"
							},
							{
								"data": "air",
								"key": "minecraft:breathability"
							}
						]
					},
					{
						"open": {
							"description": {
								"identifier": "uf:chicken_coop_eggs",
								"is_experimental": true
							},
							"components": {
								"minecraft:destroy_time": 0.2,
								"minecraft:explosion_resistance": 1,
								"minecraft:geometry": "geometry.chicken_coop_eggs",
								"minecraft:material_instances": {
									"*": {
										"texture": "uf_chicken_coop"
									}
								},
								"minecraft:block_light_absorption": 0,
								"minecraft:on_interact": {
									"event": "uf:take_eggs"
								},
								"minecraft:pick_collision": {
									"origin": [
										-7,
										0,
										-7
									],
									"size": [
										14,
										3,
										14
									]
								},
								"minecraft:entity_collision": false,
								"minecraft:breathability": "air"
							},
							"events": {
								"uf:take_eggs": {
									"spawn_loot": {
										"table": "loot_tables/chicken_coop.json"
									},
									"run_command": {
										"command": "setblock ~~~ uf:chicken_coop"
									}
								}
							}
						},
						"key": "events",
						"children": [
							{
								"open": {
									"uf:take_eggs": {
										"spawn_loot": {
											"table": "loot_tables/chicken_coop.json"
										},
										"run_command": {
											"command": "setblock ~~~ uf:chicken_coop"
										}
									}
								},
								"key": "uf:take_eggs",
								"children": [
									{
										"key": "spawn_loot",
										"is_minified": true,
										"children": {
											"table": "loot_tables/chicken_coop.json"
										}
									},
									{
										"open": {
											"spawn_loot": {
												"table": "loot_tables/chicken_coop.json"
											},
											"run_command": {
												"command": "setblock ~~~ uf:chicken_coop"
											}
										},
										"key": "run_command",
										"is_minified": true,
										"children": {
											"command": "setblock ~~~ uf:chicken_coop"
										}
									}
								]
							}
						]
					}
				]
			}
		]
	}
}