{
	"file_path": "C:\\Users\\chupi\\AppData\\Local\\Packages\\Microsoft.MinecraftUWP_8wekyb3d8bbwe\\LocalState\\games\\com.mojang\\development_behavior_packs\\Ultra Farming Addon\\blocks\\chicken_coop.json",
	"file_type": "block",
	"format_version": 1,
	"file_uuid": "1610867c_bf06_4bd6_b357_d7aca12f87e5",
	"file_version": 69,
	"cache_content": {
		"children": [
			{
				"data": "1.16.0",
				"key": "format_version"
			},
			{
				"open": {
					"format_version": "1.16.0",
					"minecraft:block": {
						"description": {
							"identifier": "uf:chicken_coop",
							"is_experimental": true
						},
						"components": {
							"minecraft:destroy_time": 0.2,
							"minecraft:explosion_resistance": 1,
							"minecraft:geometry": "geometry.chicken_coop_empty",
							"minecraft:material_instances": {
								"*": {
									"texture": "uf_chicken_coop"
								}
							},
							"minecraft:ticking": {
								"range": [
									0,
									0
								],
								"on_tick": {
									"event": "uf:set_chicken"
								}
							},
							"minecraft:block_light_absorption": 0,
							"minecraft:pick_collision": {
								"origin": [
									-7,
									0,
									-7
								],
								"size": [
									14,
									3,
									14
								]
							},
							"minecraft:entity_collision": false,
							"minecraft:breathability": "air"
						},
						"events": {
							"uf:spawn_eggs": {
								"spawn_loot": {
									"table": "loot_tables/chicken_coop.json"
								}
							},
							"uf:set_chicken": {
								"run_command": {
									"command": "function chicken_coop_set"
								}
							}
						}
					}
				},
				"key": "minecraft:block",
				"children": [
					{
						"open": {
							"description": {
								"identifier": "uf:chicken_coop",
								"is_experimental": true
							},
							"components": {
								"minecraft:destroy_time": 0.2,
								"minecraft:explosion_resistance": 1,
								"minecraft:geometry": "geometry.chicken_coop_empty",
								"minecraft:material_instances": {
									"*": {
										"texture": "uf_chicken_coop"
									}
								},
								"minecraft:ticking": {
									"range": [
										0,
										0
									],
									"on_tick": {
										"event": "uf:set_chicken"
									}
								},
								"minecraft:block_light_absorption": 0,
								"minecraft:pick_collision": {
									"origin": [
										-7,
										0,
										-7
									],
									"size": [
										14,
										3,
										14
									]
								},
								"minecraft:entity_collision": false,
								"minecraft:breathability": "air"
							},
							"events": {
								"uf:spawn_eggs": {
									"spawn_loot": {
										"table": "loot_tables/chicken_coop.json"
									}
								},
								"uf:set_chicken": {
									"run_command": {
										"command": "function chicken_coop_set"
									}
								}
							}
						},
						"key": "description",
						"is_minified": true,
						"children": {
							"identifier": "uf:chicken_coop",
							"is_experimental": true
						}
					},
					{
						"open": {
							"description": {
								"identifier": "uf:chicken_coop",
								"is_experimental": true
							},
							"components": {
								"minecraft:destroy_time": 0.2,
								"minecraft:explosion_resistance": 1,
								"minecraft:geometry": "geometry.chicken_coop_empty",
								"minecraft:material_instances": {
									"*": {
										"texture": "uf_chicken_coop"
									}
								},
								"minecraft:ticking": {
									"range": [
										0,
										0
									],
									"on_tick": {
										"event": "uf:set_chicken"
									}
								},
								"minecraft:block_light_absorption": 0,
								"minecraft:pick_collision": {
									"origin": [
										-7,
										0,
										-7
									],
									"size": [
										14,
										3,
										14
									]
								},
								"minecraft:entity_collision": false,
								"minecraft:breathability": "air"
							},
							"events": {
								"uf:spawn_eggs": {
									"spawn_loot": {
										"table": "loot_tables/chicken_coop.json"
									}
								},
								"uf:set_chicken": {
									"run_command": {
										"command": "function chicken_coop_set"
									}
								}
							}
						},
						"key": "components",
						"children": [
							{
								"data": "0.2",
								"key": "minecraft:destroy_time"
							},
							{
								"data": "1",
								"key": "minecraft:explosion_resistance"
							},
							{
								"data": "geometry.chicken_coop_empty",
								"key": "minecraft:geometry"
							},
							{
								"key": "minecraft:material_instances",
								"children": [
									{
										"open": {
											"*": {
												"texture": "uf_chicken_coop"
											}
										},
										"key": "*",
										"is_minified": true,
										"children": {
											"texture": "uf_chicken_coop"
										}
									}
								]
							},
							{
								"key": "minecraft:ticking",
								"children": [
									{
										"open": {
											"range": [
												0,
												0
											],
											"on_tick": {
												"event": "uf:set_chicken"
											}
										},
										"key": "range",
										"is_minified": true,
										"children": [
											0,
											0
										]
									},
									{
										"open": {
											"range": [
												0,
												0
											],
											"on_tick": {
												"event": "uf:set_chicken"
											}
										},
										"key": "on_tick",
										"is_minified": true,
										"children": {
											"event": "uf:set_chicken"
										}
									}
								]
							},
							{
								"data": "0.0",
								"key": "minecraft:block_light_absorption"
							},
							{
								"key": "minecraft:pick_collision",
								"is_minified": true,
								"children": {
									"origin": [
										-7,
										0,
										-7
									],
									"size": [
										14,
										3,
										14
									]
								}
							},
							{
								"data": "false",
								"key": "minecraft:entity_collision"
							},
							{
								"data": "air",
								"key": "minecraft:breathability"
							}
						]
					},
					{
						"open": {
							"description": {
								"identifier": "uf:chicken_coop",
								"is_experimental": true
							},
							"components": {
								"minecraft:destroy_time": 0.2,
								"minecraft:explosion_resistance": 1,
								"minecraft:geometry": "geometry.chicken_coop_empty",
								"minecraft:material_instances": {
									"*": {
										"texture": "uf_chicken_coop"
									}
								},
								"minecraft:ticking": {
									"range": [
										0,
										0
									],
									"on_tick": {
										"event": "uf:set_chicken"
									}
								},
								"minecraft:block_light_absorption": 0,
								"minecraft:pick_collision": {
									"origin": [
										-7,
										0,
										-7
									],
									"size": [
										14,
										3,
										14
									]
								},
								"minecraft:entity_collision": false,
								"minecraft:breathability": "air"
							},
							"events": {
								"uf:spawn_eggs": {
									"spawn_loot": {
										"table": "loot_tables/chicken_coop.json"
									}
								},
								"uf:set_chicken": {
									"run_command": {
										"command": "function chicken_coop_set"
									}
								}
							}
						},
						"key": "events",
						"children": [
							{
								"open": {
									"uf:spawn_eggs": {
										"spawn_loot": {
											"table": "loot_tables/chicken_coop.json"
										}
									},
									"uf:set_chicken": {
										"run_command": {
											"command": "function chicken_coop_set"
										}
									}
								},
								"key": "uf:spawn_eggs",
								"children": [
									{
										"open": {
											"spawn_loot": {
												"table": "loot_tables/chicken_coop.json"
											}
										},
										"key": "spawn_loot",
										"is_minified": true,
										"children": {
											"table": "loot_tables/chicken_coop.json"
										}
									}
								]
							},
							{
								"open": {
									"uf:spawn_eggs": {
										"spawn_loot": {
											"table": "loot_tables/chicken_coop.json"
										}
									},
									"uf:set_chicken": {
										"run_command": {
											"command": "function chicken_coop_set"
										}
									}
								},
								"key": "uf:set_chicken",
								"children": [
									{
										"open": {
											"run_command": {
												"command": "function chicken_coop_set"
											}
										},
										"key": "run_command",
										"is_minified": true,
										"children": {
											"command": "function chicken_coop_set"
										}
									}
								]
							}
						]
					}
				]
			}
		]
	}
}