{
	"file_path": "C:\\Users\\chupi\\AppData\\Local\\Packages\\Microsoft.MinecraftUWP_8wekyb3d8bbwe\\LocalState\\games\\com.mojang\\development_behavior_packs\\Ultra Farming Addon\\blocks\\chicken_coop_full.json",
	"file_type": "block",
	"format_version": 1,
	"file_uuid": "b71c0d6b_e69d_4621_baf6_7b0b8a9b6d40",
	"file_version": 74,
	"cache_content": {
		"children": [
			{
				"data": "1.16.0",
				"key": "format_version"
			},
			{
				"open": {
					"format_version": "1.16.0",
					"minecraft:block": {
						"description": {
							"identifier": "uf:chicken_coop_full",
							"is_experimental": true
						},
						"components": {
							"minecraft:destroy_time": 0.2,
							"minecraft:explosion_resistance": 1,
							"minecraft:geometry": "geometry.chicken_coop",
							"minecraft:material_instances": {
								"*": {
									"texture": "uf_chicken_coop"
								}
							},
							"minecraft:ticking": {
								"range": [
									17,
									40
								],
								"on_tick": {
									"event": "uf:finish"
								}
							},
							"minecraft:block_light_absorption": 0,
							"minecraft:pick_collision": {
								"origin": [
									-7,
									0,
									-7
								],
								"size": [
									14,
									3,
									14
								]
							},
							"minecraft:entity_collision": {
								"origin": [
									-7,
									0,
									-7
								],
								"size": [
									14,
									3,
									14
								]
							},
							"minecraft:breathability": "air"
						},
						"events": {
							"uf:finish": {
								"run_command": {
									"command": [
										"setblock ~~~ uf:chicken_coop_eggs",
										"summon chicken ~~1~"
									]
								}
							}
						}
					}
				},
				"key": "minecraft:block",
				"children": [
					{
						"open": {
							"description": {
								"identifier": "uf:chicken_coop_full",
								"is_experimental": true
							},
							"components": {
								"minecraft:destroy_time": 0.2,
								"minecraft:explosion_resistance": 1,
								"minecraft:geometry": "geometry.chicken_coop",
								"minecraft:material_instances": {
									"*": {
										"texture": "uf_chicken_coop"
									}
								},
								"minecraft:ticking": {
									"range": [
										17,
										40
									],
									"on_tick": {
										"event": "uf:finish"
									}
								},
								"minecraft:block_light_absorption": 0,
								"minecraft:pick_collision": {
									"origin": [
										-7,
										0,
										-7
									],
									"size": [
										14,
										3,
										14
									]
								},
								"minecraft:entity_collision": {
									"origin": [
										-7,
										0,
										-7
									],
									"size": [
										14,
										3,
										14
									]
								},
								"minecraft:breathability": "air"
							},
							"events": {
								"uf:finish": {
									"run_command": {
										"command": [
											"setblock ~~~ uf:chicken_coop_eggs",
											"summon chicken ~~1~"
										]
									}
								}
							}
						},
						"key": "description",
						"is_minified": true,
						"children": {
							"identifier": "uf:chicken_coop_full",
							"is_experimental": true
						}
					},
					{
						"open": {
							"description": {
								"identifier": "uf:chicken_coop_full",
								"is_experimental": true
							},
							"components": {
								"minecraft:destroy_time": 0.2,
								"minecraft:explosion_resistance": 1,
								"minecraft:geometry": "geometry.chicken_coop",
								"minecraft:material_instances": {
									"*": {
										"texture": "uf_chicken_coop"
									}
								},
								"minecraft:ticking": {
									"range": [
										17,
										40
									],
									"on_tick": {
										"event": "uf:finish"
									}
								},
								"minecraft:block_light_absorption": 0,
								"minecraft:pick_collision": {
									"origin": [
										-7,
										0,
										-7
									],
									"size": [
										14,
										3,
										14
									]
								},
								"minecraft:entity_collision": {
									"origin": [
										-7,
										0,
										-7
									],
									"size": [
										14,
										3,
										14
									]
								},
								"minecraft:breathability": "air"
							},
							"events": {
								"uf:finish": {
									"run_command": {
										"command": [
											"setblock ~~~ uf:chicken_coop_eggs",
											"summon chicken ~~1~"
										]
									}
								}
							}
						},
						"key": "components",
						"children": [
							{
								"data": "0.2",
								"key": "minecraft:destroy_time"
							},
							{
								"data": "1",
								"key": "minecraft:explosion_resistance"
							},
							{
								"data": "geometry.chicken_coop",
								"key": "minecraft:geometry"
							},
							{
								"key": "minecraft:material_instances",
								"children": [
									{
										"open": {
											"*": {
												"texture": "uf_chicken_coop"
											}
										},
										"key": "*",
										"is_minified": true,
										"children": {
											"texture": "uf_chicken_coop"
										}
									}
								]
							},
							{
								"key": "minecraft:ticking",
								"children": [
									{
										"open": {
											"range": [
												17,
												40
											],
											"on_tick": {
												"event": "uf:finish"
											}
										},
										"key": "range",
										"is_minified": true,
										"children": [
											17,
											40
										]
									},
									{
										"open": {
											"range": [
												17,
												40
											],
											"on_tick": {
												"event": "uf:finish"
											}
										},
										"key": "on_tick",
										"is_minified": true,
										"children": {
											"event": "uf:finish"
										}
									}
								]
							},
							{
								"data": "0.0",
								"key": "minecraft:block_light_absorption"
							},
							{
								"key": "minecraft:pick_collision",
								"is_minified": true,
								"children": {
									"origin": [
										-7,
										0,
										-7
									],
									"size": [
										14,
										3,
										14
									]
								}
							},
							{
								"open": {
									"minecraft:destroy_time": 0.2,
									"minecraft:explosion_resistance": 1,
									"minecraft:geometry": "geometry.chicken_coop",
									"minecraft:material_instances": {
										"*": {
											"texture": "uf_chicken_coop"
										}
									},
									"minecraft:ticking": {
										"range": [
											17,
											40
										],
										"on_tick": {
											"event": "uf:finish"
										}
									},
									"minecraft:block_light_absorption": 0,
									"minecraft:pick_collision": {
										"origin": [
											-7,
											0,
											-7
										],
										"size": [
											14,
											3,
											14
										]
									},
									"minecraft:entity_collision": {
										"origin": [
											-7,
											0,
											-7
										],
										"size": [
											14,
											3,
											14
										]
									},
									"minecraft:breathability": "air"
								},
								"key": "minecraft:entity_collision",
								"is_minified": true,
								"children": {
									"origin": [
										-7,
										0,
										-7
									],
									"size": [
										14,
										3,
										14
									]
								}
							},
							{
								"data": "air",
								"key": "minecraft:breathability"
							}
						]
					},
					{
						"open": {
							"description": {
								"identifier": "uf:chicken_coop_full",
								"is_experimental": true
							},
							"components": {
								"minecraft:destroy_time": 0.2,
								"minecraft:explosion_resistance": 1,
								"minecraft:geometry": "geometry.chicken_coop",
								"minecraft:material_instances": {
									"*": {
										"texture": "uf_chicken_coop"
									}
								},
								"minecraft:ticking": {
									"range": [
										17,
										40
									],
									"on_tick": {
										"event": "uf:finish"
									}
								},
								"minecraft:block_light_absorption": 0,
								"minecraft:pick_collision": {
									"origin": [
										-7,
										0,
										-7
									],
									"size": [
										14,
										3,
										14
									]
								},
								"minecraft:entity_collision": {
									"origin": [
										-7,
										0,
										-7
									],
									"size": [
										14,
										3,
										14
									]
								},
								"minecraft:breathability": "air"
							},
							"events": {
								"uf:finish": {
									"run_command": {
										"command": [
											"setblock ~~~ uf:chicken_coop_eggs",
											"summon chicken ~~1~"
										]
									}
								}
							}
						},
						"key": "events",
						"children": [
							{
								"open": {
									"uf:finish": {
										"run_command": {
											"command": [
												"setblock ~~~ uf:chicken_coop_eggs",
												"summon chicken ~~1~"
											]
										}
									}
								},
								"key": "uf:finish",
								"children": [
									{
										"open": {
											"run_command": {
												"command": [
													"setblock ~~~ uf:chicken_coop_eggs",
													"summon chicken ~~1~"
												]
											}
										},
										"key": "run_command",
										"children": [
											{
												"open": {
													"command": [
														"setblock ~~~ uf:chicken_coop_eggs",
														"summon chicken ~~1~"
													]
												},
												"key": "command",
												"is_minified": true,
												"children": [
													"setblock ~~~ uf:chicken_coop_eggs",
													"summon chicken ~~1~"
												]
											}
										]
									}
								]
							}
						]
					}
				]
			}
		]
	}
}