{
	"file_path": "C:\\Users\\chupi\\AppData\\Local\\Packages\\Microsoft.MinecraftUWP_8wekyb3d8bbwe\\LocalState\\games\\com.mojang\\development_behavior_packs\\Ultra Farming Addon\\blocks\\custom_farm_land.json",
	"file_type": "block",
	"format_version": 1,
	"file_uuid": "3df66aee_9c9f_461d_9759_0d40dc59aaa5",
	"file_version": 13,
	"cache_content": {
		"children": [
			{
				"data": "1.16.0",
				"key": "format_version"
			},
			{
				"open": {
					"format_version": "1.16.0",
					"minecraft:block": {
						"description": {
							"identifier": "uf:custom_farm_land",
							"is_experimental": false
						},
						"components": {
							"minecraft:destroy_time": 0.2,
							"minecraft:explosion_resistance": 1,
							"minecraft:geometry": "geometry.custom_farm_land",
							"minecraft:material_instances": {
								"*": {
									"texture": "uf_custom_farm_land"
								}
							},
							"minecraft:loot": "loot_tables/custom_farm_land.json"
						},
						"events": {}
					}
				},
				"key": "minecraft:block",
				"children": [
					{
						"open": {
							"description": {
								"identifier": "uf:custom_farm_land",
								"is_experimental": false
							},
							"components": {
								"minecraft:destroy_time": 0.2,
								"minecraft:explosion_resistance": 1,
								"minecraft:geometry": "geometry.custom_farm_land",
								"minecraft:material_instances": {
									"*": {
										"texture": "uf_custom_farm_land"
									}
								},
								"minecraft:loot": "loot_tables/custom_farm_land.json"
							},
							"events": {}
						},
						"key": "description",
						"is_minified": true,
						"children": {
							"identifier": "uf:custom_farm_land",
							"is_experimental": false
						}
					},
					{
						"open": {
							"description": {
								"identifier": "uf:custom_farm_land",
								"is_experimental": false
							},
							"components": {
								"minecraft:destroy_time": 0.2,
								"minecraft:explosion_resistance": 1,
								"minecraft:geometry": "geometry.custom_farm_land",
								"minecraft:material_instances": {
									"*": {
										"texture": "uf_custom_farm_land"
									}
								},
								"minecraft:loot": "loot_tables/custom_farm_land.json"
							},
							"events": {}
						},
						"key": "components",
						"children": [
							{
								"data": "0.2",
								"key": "minecraft:destroy_time"
							},
							{
								"data": "1",
								"key": "minecraft:explosion_resistance"
							},
							{
								"data": "geometry.custom_farm_land",
								"key": "minecraft:geometry"
							},
							{
								"key": "minecraft:material_instances",
								"is_minified": true,
								"children": {
									"*": {
										"texture": "uf_custom_farm_land"
									}
								}
							},
							{
								"key": "minecraft:placement_filter",
								"is_active": false,
								"children": [
									{
										"open": {
											"conditions": [
												{
													"block_filter": [
														"uf:corn_crop",
														"uf:lettuce_crop"
													],
													"allowed_faces": [
														"down"
													]
												}
											]
										},
										"key": "conditions",
										"children": [
											{
												"open": [
													{
														"block_filter": [
															"uf:corn_crop",
															"uf:lettuce_crop"
														],
														"allowed_faces": [
															"down"
														]
													}
												],
												"children": [
													{
														"open": {
															"block_filter": [
																"uf:corn_crop",
																"uf:lettuce_crop"
															],
															"allowed_faces": [
																"down"
															]
														},
														"key": "block_filter",
														"is_minified": true,
														"children": [
															"uf:corn_crop",
															"uf:lettuce_crop"
														]
													},
													{
														"key": "allowed_faces",
														"is_minified": true,
														"children": [
															"down"
														]
													}
												]
											}
										]
									}
								]
							},
							{
								"data": "loot_tables/custom_farm_land.json",
								"key": "minecraft:loot"
							},
							{
								"open": {
									"minecraft:destroy_time": 0.2,
									"minecraft:explosion_resistance": 1,
									"minecraft:geometry": "geometry.custom_farm_land",
									"minecraft:material_instances": {
										"*": {
											"texture": "uf_custom_farm_land"
										}
									},
									"minecraft:loot": "loot_tables/custom_farm_land.json"
								},
								"key": "minecraft:ticking",
								"is_active": false,
								"children": [
									{
										"key": "range",
										"is_minified": true,
										"children": [
											0.1,
											0.1
										]
									},
									{
										"open": {
											"range": [
												0.1,
												0.1
											],
											"on_tick": {
												"event": "uf:update_block"
											}
										},
										"key": "on_tick",
										"is_minified": true,
										"children": {
											"event": "uf:update_block"
										}
									}
								]
							}
						]
					},
					{
						"open": {
							"description": {
								"identifier": "uf:custom_farm_land",
								"is_experimental": false
							},
							"components": {
								"minecraft:destroy_time": 0.2,
								"minecraft:explosion_resistance": 1,
								"minecraft:geometry": "geometry.custom_farm_land",
								"minecraft:material_instances": {
									"*": {
										"texture": "uf_custom_farm_land"
									}
								},
								"minecraft:loot": "loot_tables/custom_farm_land.json"
							},
							"events": {}
						},
						"key": "events",
						"children": [
							{
								"open": {},
								"key": "uf:update_block",
								"is_active": false,
								"children": [
									{
										"open": {
											"run_command": {
												"command": [
													{
														"testforblock": {}
													}
												]
											}
										},
										"key": "run_command",
										"children": [
											{
												"open": {
													"command": [
														{
															"testforblock": {}
														}
													]
												},
												"key": "command",
												"children": [
													{
														"open": [
															{
																"testforblock": {}
															}
														],
														"is_minified": true,
														"children": {
															"testforblock": {}
														}
													}
												]
											}
										]
									}
								]
							}
						]
					}
				]
			}
		]
	}
}