{
	"file_path": "C:\\Users\\chupi\\AppData\\Local\\Packages\\Microsoft.MinecraftUWP_8wekyb3d8bbwe\\LocalState\\games\\com.mojang\\development_behavior_packs\\Ultra Farming Addon\\blocks\\grapes_crop.json",
	"file_type": "block",
	"format_version": 1,
	"file_uuid": "7a300472_add8_4c3d_8fce_30c4ce2525a7",
	"file_version": 11,
	"cache_content": {
		"children": [
			{
				"data": "1.16.100",
				"key": "format_version"
			},
			{
				"open": {
					"format_version": "1.16.100",
					"minecraft:block": {
						"description": {
							"identifier": "uf:grapes_crop",
							"is_experimental": false,
							"properties": {
								"uf:crop_growth": [
									0,
									1,
									2,
									3,
									4,
									5
								]
							}
						},
						"components": {
							"minecraft:ticking": {
								"looping": true,
								"range": [
									45,
									65
								],
								"on_tick": {
									"target": "self",
									"event": "uf:grow",
									"condition": "query.block_property('uf:crop_growth') < 5"
								}
							},
							"minecraft:geometry": "geometry.crop",
							"minecraft:block_light_absorption": 0,
							"minecraft:entity_collision": false,
							"minecraft:breakonpush": true,
							"minecraft:destroy_time": 0,
							"minecraft:loot": "loot_tables/grapes_crop_loot_not_grown.json",
							"minecraft:placement_filter": {
								"conditions": [
									{
										"block_filter": [
											"farmland",
											"uf:custom_farm_land"
										],
										"allowed_faces": [
											"up"
										]
									}
								]
							},
							"minecraft:breathability": "air"
						},
						"permutations": [
							{
								"condition": "query.block_property('uf:crop_growth') == 0",
								"components": {
									"minecraft:material_instances": {
										"*": {
											"texture": "uf_grapes_crop_0",
											"render_method": "alpha_test"
										}
									},
									"minecraft:pick_collision": {
										"origin": [
											-5,
											0,
											-5
										],
										"size": [
											10,
											2,
											10
										]
									}
								}
							},
							{
								"condition": "query.block_property('uf:crop_growth') == 1",
								"components": {
									"minecraft:material_instances": {
										"*": {
											"texture": "uf_grapes_crop_1",
											"render_method": "alpha_test"
										}
									},
									"minecraft:pick_collision": {
										"origin": [
											-5,
											0,
											-5
										],
										"size": [
											10,
											3,
											10
										]
									}
								}
							},
							{
								"condition": "query.block_property('uf:crop_growth') == 2",
								"components": {
									"minecraft:material_instances": {
										"*": {
											"texture": "uf_grapes_crop_2",
											"render_method": "alpha_test"
										}
									},
									"minecraft:pick_collision": {
										"origin": [
											-7,
											0,
											-7
										],
										"size": [
											14,
											6,
											14
										]
									}
								}
							},
							{
								"condition": "query.block_property('uf:crop_growth') == 3",
								"components": {
									"minecraft:material_instances": {
										"*": {
											"texture": "uf_grapes_crop_3",
											"render_method": "alpha_test"
										}
									},
									"minecraft:pick_collision": {
										"origin": [
											-7,
											0,
											-7
										],
										"size": [
											14,
											10,
											14
										]
									},
									"minecraft:geometry": "geometry.grape_plant"
								}
							},
							{
								"condition": "query.block_property('uf:crop_growth') == 4",
								"components": {
									"minecraft:material_instances": {
										"*": {
											"texture": "uf_grapes_crop_4",
											"render_method": "alpha_test"
										}
									},
									"minecraft:pick_collision": {
										"origin": [
											-7,
											0,
											-7
										],
										"size": [
											14,
											14,
											14
										]
									},
									"minecraft:geometry": "geometry.grape_plant"
								}
							},
							{
								"condition": "query.block_property('uf:crop_growth') == 5",
								"components": {
									"minecraft:material_instances": {
										"*": {
											"texture": "uf_grapes_crop_5",
											"render_method": "alpha_test"
										}
									},
									"minecraft:on_interact": {
										"target": "self",
										"event": "uf:harvest"
									},
									"minecraft:pick_collision": {
										"origin": [
											-7,
											0,
											-7
										],
										"size": [
											14,
											16,
											14
										]
									},
									"minecraft:geometry": "geometry.grape_plant"
								}
							}
						],
						"events": {
							"uf:grow": {
								"randomize": [
									{
										"set_block_property": {
											"uf:crop_growth": "query.block_property('uf:crop_growth') + 1"
										},
										"weight": 1
									},
									{
										"weight": 1
									}
								]
							},
							"uf:harvest": {
								"set_block_property": {
									"uf:crop_growth": 3
								},
								"spawn_loot": {
									"table": "loot_tables/grapes_crop_loot_grown.json"
								}
							},
							"uf:set_custom_farmland": {
								"run_command": {
									"command": [
										"setblock ~~-1~ uf:custom_farm_land 1"
									]
								}
							}
						}
					}
				},
				"key": "minecraft:block",
				"children": [
					{
						"open": {
							"description": {
								"identifier": "uf:grapes_crop",
								"is_experimental": false,
								"properties": {
									"uf:crop_growth": [
										0,
										1,
										2,
										3,
										4,
										5
									]
								}
							},
							"components": {
								"minecraft:ticking": {
									"looping": true,
									"range": [
										45,
										65
									],
									"on_tick": {
										"target": "self",
										"event": "uf:grow",
										"condition": "query.block_property('uf:crop_growth') < 5"
									}
								},
								"minecraft:geometry": "geometry.crop",
								"minecraft:block_light_absorption": 0,
								"minecraft:entity_collision": false,
								"minecraft:breakonpush": true,
								"minecraft:destroy_time": 0,
								"minecraft:loot": "loot_tables/grapes_crop_loot_not_grown.json",
								"minecraft:placement_filter": {
									"conditions": [
										{
											"block_filter": [
												"farmland",
												"uf:custom_farm_land"
											],
											"allowed_faces": [
												"up"
											]
										}
									]
								},
								"minecraft:breathability": "air"
							},
							"permutations": [
								{
									"condition": "query.block_property('uf:crop_growth') == 0",
									"components": {
										"minecraft:material_instances": {
											"*": {
												"texture": "uf_grapes_crop_0",
												"render_method": "alpha_test"
											}
										},
										"minecraft:pick_collision": {
											"origin": [
												-5,
												0,
												-5
											],
											"size": [
												10,
												2,
												10
											]
										}
									}
								},
								{
									"condition": "query.block_property('uf:crop_growth') == 1",
									"components": {
										"minecraft:material_instances": {
											"*": {
												"texture": "uf_grapes_crop_1",
												"render_method": "alpha_test"
											}
										},
										"minecraft:pick_collision": {
											"origin": [
												-5,
												0,
												-5
											],
											"size": [
												10,
												3,
												10
											]
										}
									}
								},
								{
									"condition": "query.block_property('uf:crop_growth') == 2",
									"components": {
										"minecraft:material_instances": {
											"*": {
												"texture": "uf_grapes_crop_2",
												"render_method": "alpha_test"
											}
										},
										"minecraft:pick_collision": {
											"origin": [
												-7,
												0,
												-7
											],
											"size": [
												14,
												6,
												14
											]
										}
									}
								},
								{
									"condition": "query.block_property('uf:crop_growth') == 3",
									"components": {
										"minecraft:material_instances": {
											"*": {
												"texture": "uf_grapes_crop_3",
												"render_method": "alpha_test"
											}
										},
										"minecraft:pick_collision": {
											"origin": [
												-7,
												0,
												-7
											],
											"size": [
												14,
												10,
												14
											]
										},
										"minecraft:geometry": "geometry.grape_plant"
									}
								},
								{
									"condition": "query.block_property('uf:crop_growth') == 4",
									"components": {
										"minecraft:material_instances": {
											"*": {
												"texture": "uf_grapes_crop_4",
												"render_method": "alpha_test"
											}
										},
										"minecraft:pick_collision": {
											"origin": [
												-7,
												0,
												-7
											],
											"size": [
												14,
												14,
												14
											]
										},
										"minecraft:geometry": "geometry.grape_plant"
									}
								},
								{
									"condition": "query.block_property('uf:crop_growth') == 5",
									"components": {
										"minecraft:material_instances": {
											"*": {
												"texture": "uf_grapes_crop_5",
												"render_method": "alpha_test"
											}
										},
										"minecraft:on_interact": {
											"target": "self",
											"event": "uf:harvest"
										},
										"minecraft:pick_collision": {
											"origin": [
												-7,
												0,
												-7
											],
											"size": [
												14,
												16,
												14
											]
										},
										"minecraft:geometry": "geometry.grape_plant"
									}
								}
							],
							"events": {
								"uf:grow": {
									"randomize": [
										{
											"set_block_property": {
												"uf:crop_growth": "query.block_property('uf:crop_growth') + 1"
											},
											"weight": 1
										},
										{
											"weight": 1
										}
									]
								},
								"uf:harvest": {
									"set_block_property": {
										"uf:crop_growth": 3
									},
									"spawn_loot": {
										"table": "loot_tables/grapes_crop_loot_grown.json"
									}
								},
								"uf:set_custom_farmland": {
									"run_command": {
										"command": [
											"setblock ~~-1~ uf:custom_farm_land 1"
										]
									}
								}
							}
						},
						"key": "description",
						"children": [
							{
								"data": "uf:grapes_crop",
								"key": "identifier"
							},
							{
								"data": "false",
								"key": "is_experimental"
							},
							{
								"open": {
									"identifier": "uf:grapes_crop",
									"is_experimental": false,
									"properties": {
										"uf:crop_growth": [
											0,
											1,
											2,
											3,
											4,
											5
										]
									}
								},
								"key": "properties",
								"is_minified": true,
								"children": {
									"uf:crop_growth": [
										0,
										1,
										2,
										3,
										4,
										5
									]
								}
							}
						]
					},
					{
						"open": {
							"description": {
								"identifier": "uf:grapes_crop",
								"is_experimental": false,
								"properties": {
									"uf:crop_growth": [
										0,
										1,
										2,
										3,
										4,
										5
									]
								}
							},
							"components": {
								"minecraft:ticking": {
									"looping": true,
									"range": [
										45,
										65
									],
									"on_tick": {
										"target": "self",
										"event": "uf:grow",
										"condition": "query.block_property('uf:crop_growth') < 5"
									}
								},
								"minecraft:geometry": "geometry.crop",
								"minecraft:block_light_absorption": 0,
								"minecraft:entity_collision": false,
								"minecraft:breakonpush": true,
								"minecraft:destroy_time": 0,
								"minecraft:loot": "loot_tables/grapes_crop_loot_not_grown.json",
								"minecraft:placement_filter": {
									"conditions": [
										{
											"block_filter": [
												"farmland",
												"uf:custom_farm_land"
											],
											"allowed_faces": [
												"up"
											]
										}
									]
								},
								"minecraft:breathability": "air"
							},
							"permutations": [
								{
									"condition": "query.block_property('uf:crop_growth') == 0",
									"components": {
										"minecraft:material_instances": {
											"*": {
												"texture": "uf_grapes_crop_0",
												"render_method": "alpha_test"
											}
										},
										"minecraft:pick_collision": {
											"origin": [
												-5,
												0,
												-5
											],
											"size": [
												10,
												2,
												10
											]
										}
									}
								},
								{
									"condition": "query.block_property('uf:crop_growth') == 1",
									"components": {
										"minecraft:material_instances": {
											"*": {
												"texture": "uf_grapes_crop_1",
												"render_method": "alpha_test"
											}
										},
										"minecraft:pick_collision": {
											"origin": [
												-5,
												0,
												-5
											],
											"size": [
												10,
												3,
												10
											]
										}
									}
								},
								{
									"condition": "query.block_property('uf:crop_growth') == 2",
									"components": {
										"minecraft:material_instances": {
											"*": {
												"texture": "uf_grapes_crop_2",
												"render_method": "alpha_test"
											}
										},
										"minecraft:pick_collision": {
											"origin": [
												-7,
												0,
												-7
											],
											"size": [
												14,
												6,
												14
											]
										}
									}
								},
								{
									"condition": "query.block_property('uf:crop_growth') == 3",
									"components": {
										"minecraft:material_instances": {
											"*": {
												"texture": "uf_grapes_crop_3",
												"render_method": "alpha_test"
											}
										},
										"minecraft:pick_collision": {
											"origin": [
												-7,
												0,
												-7
											],
											"size": [
												14,
												10,
												14
											]
										},
										"minecraft:geometry": "geometry.grape_plant"
									}
								},
								{
									"condition": "query.block_property('uf:crop_growth') == 4",
									"components": {
										"minecraft:material_instances": {
											"*": {
												"texture": "uf_grapes_crop_4",
												"render_method": "alpha_test"
											}
										},
										"minecraft:pick_collision": {
											"origin": [
												-7,
												0,
												-7
											],
											"size": [
												14,
												14,
												14
											]
										},
										"minecraft:geometry": "geometry.grape_plant"
									}
								},
								{
									"condition": "query.block_property('uf:crop_growth') == 5",
									"components": {
										"minecraft:material_instances": {
											"*": {
												"texture": "uf_grapes_crop_5",
												"render_method": "alpha_test"
											}
										},
										"minecraft:on_interact": {
											"target": "self",
											"event": "uf:harvest"
										},
										"minecraft:pick_collision": {
											"origin": [
												-7,
												0,
												-7
											],
											"size": [
												14,
												16,
												14
											]
										},
										"minecraft:geometry": "geometry.grape_plant"
									}
								}
							],
							"events": {
								"uf:grow": {
									"randomize": [
										{
											"set_block_property": {
												"uf:crop_growth": "query.block_property('uf:crop_growth') + 1"
											},
											"weight": 1
										},
										{
											"weight": 1
										}
									]
								},
								"uf:harvest": {
									"set_block_property": {
										"uf:crop_growth": 3
									},
									"spawn_loot": {
										"table": "loot_tables/grapes_crop_loot_grown.json"
									}
								},
								"uf:set_custom_farmland": {
									"run_command": {
										"command": [
											"setblock ~~-1~ uf:custom_farm_land 1"
										]
									}
								}
							}
						},
						"key": "components",
						"children": [
							{
								"key": "minecraft:ticking",
								"children": [
									{
										"data": "true",
										"key": "looping"
									},
									{
										"open": {
											"looping": true,
											"range": [
												45,
												65
											],
											"on_tick": {
												"target": "self",
												"event": "uf:grow",
												"condition": "query.block_property('uf:crop_growth') < 5"
											}
										},
										"key": "range",
										"is_minified": true,
										"children": [
											45,
											65
										]
									},
									{
										"open": {
											"looping": true,
											"range": [
												45,
												65
											],
											"on_tick": {
												"target": "self",
												"event": "uf:grow",
												"condition": "query.block_property('uf:crop_growth') < 5"
											}
										},
										"key": "on_tick",
										"is_minified": true,
										"children": {
											"target": "self",
											"event": "uf:grow",
											"condition": "query.block_property('uf:crop_growth') < 5"
										}
									}
								]
							},
							{
								"data": "geometry.crop",
								"key": "minecraft:geometry"
							},
							{
								"data": "0",
								"key": "minecraft:block_light_absorption"
							},
							{
								"data": "false",
								"key": "minecraft:entity_collision"
							},
							{
								"data": "true",
								"key": "minecraft:breakonpush"
							},
							{
								"data": "0",
								"key": "minecraft:destroy_time"
							},
							{
								"data": "loot_tables/grapes_crop_loot_not_grown.json",
								"key": "minecraft:loot"
							},
							{
								"open": {
									"minecraft:ticking": {
										"looping": true,
										"range": [
											45,
											65
										],
										"on_tick": {
											"target": "self",
											"event": "uf:grow",
											"condition": "query.block_property('uf:crop_growth') < 5"
										}
									},
									"minecraft:geometry": "geometry.crop",
									"minecraft:block_light_absorption": 0,
									"minecraft:entity_collision": false,
									"minecraft:breakonpush": true,
									"minecraft:destroy_time": 0,
									"minecraft:loot": "loot_tables/grapes_crop_loot_not_grown.json",
									"minecraft:placement_filter": {
										"conditions": [
											{
												"block_filter": [
													"farmland",
													"uf:custom_farm_land"
												],
												"allowed_faces": [
													"up"
												]
											}
										]
									},
									"minecraft:breathability": "air"
								},
								"key": "minecraft:on_placed",
								"is_active": false,
								"is_minified": true,
								"children": {
									"event": "uf:set_custom_farmland"
								}
							},
							{
								"open": {
									"minecraft:ticking": {
										"looping": true,
										"range": [
											45,
											65
										],
										"on_tick": {
											"target": "self",
											"event": "uf:grow",
											"condition": "query.block_property('uf:crop_growth') < 5"
										}
									},
									"minecraft:geometry": "geometry.crop",
									"minecraft:block_light_absorption": 0,
									"minecraft:entity_collision": false,
									"minecraft:breakonpush": true,
									"minecraft:destroy_time": 0,
									"minecraft:loot": "loot_tables/grapes_crop_loot_not_grown.json",
									"minecraft:placement_filter": {
										"conditions": [
											{
												"block_filter": [
													"farmland",
													"uf:custom_farm_land"
												],
												"allowed_faces": [
													"up"
												]
											}
										]
									},
									"minecraft:breathability": "air"
								},
								"key": "minecraft:placement_filter",
								"children": [
									{
										"open": {
											"conditions": [
												{
													"block_filter": [
														"farmland",
														"uf:custom_farm_land"
													],
													"allowed_faces": [
														"up"
													]
												}
											]
										},
										"key": "conditions",
										"is_minified": true,
										"children": [
											{
												"block_filter": [
													"farmland",
													"uf:custom_farm_land"
												],
												"allowed_faces": [
													"up"
												]
											}
										]
									}
								]
							},
							{
								"data": "air",
								"key": "minecraft:breathability"
							}
						]
					},
					{
						"open": {
							"description": {
								"identifier": "uf:grapes_crop",
								"is_experimental": false,
								"properties": {
									"uf:crop_growth": [
										0,
										1,
										2,
										3,
										4,
										5
									]
								}
							},
							"components": {
								"minecraft:ticking": {
									"looping": true,
									"range": [
										45,
										65
									],
									"on_tick": {
										"target": "self",
										"event": "uf:grow",
										"condition": "query.block_property('uf:crop_growth') < 5"
									}
								},
								"minecraft:geometry": "geometry.crop",
								"minecraft:block_light_absorption": 0,
								"minecraft:entity_collision": false,
								"minecraft:breakonpush": true,
								"minecraft:destroy_time": 0,
								"minecraft:loot": "loot_tables/grapes_crop_loot_not_grown.json",
								"minecraft:placement_filter": {
									"conditions": [
										{
											"block_filter": [
												"farmland",
												"uf:custom_farm_land"
											],
											"allowed_faces": [
												"up"
											]
										}
									]
								},
								"minecraft:breathability": "air"
							},
							"permutations": [
								{
									"condition": "query.block_property('uf:crop_growth') == 0",
									"components": {
										"minecraft:material_instances": {
											"*": {
												"texture": "uf_grapes_crop_0",
												"render_method": "alpha_test"
											}
										},
										"minecraft:pick_collision": {
											"origin": [
												-5,
												0,
												-5
											],
											"size": [
												10,
												2,
												10
											]
										}
									}
								},
								{
									"condition": "query.block_property('uf:crop_growth') == 1",
									"components": {
										"minecraft:material_instances": {
											"*": {
												"texture": "uf_grapes_crop_1",
												"render_method": "alpha_test"
											}
										},
										"minecraft:pick_collision": {
											"origin": [
												-5,
												0,
												-5
											],
											"size": [
												10,
												3,
												10
											]
										}
									}
								},
								{
									"condition": "query.block_property('uf:crop_growth') == 2",
									"components": {
										"minecraft:material_instances": {
											"*": {
												"texture": "uf_grapes_crop_2",
												"render_method": "alpha_test"
											}
										},
										"minecraft:pick_collision": {
											"origin": [
												-7,
												0,
												-7
											],
											"size": [
												14,
												6,
												14
											]
										}
									}
								},
								{
									"condition": "query.block_property('uf:crop_growth') == 3",
									"components": {
										"minecraft:material_instances": {
											"*": {
												"texture": "uf_grapes_crop_3",
												"render_method": "alpha_test"
											}
										},
										"minecraft:pick_collision": {
											"origin": [
												-7,
												0,
												-7
											],
											"size": [
												14,
												10,
												14
											]
										},
										"minecraft:geometry": "geometry.grape_plant"
									}
								},
								{
									"condition": "query.block_property('uf:crop_growth') == 4",
									"components": {
										"minecraft:material_instances": {
											"*": {
												"texture": "uf_grapes_crop_4",
												"render_method": "alpha_test"
											}
										},
										"minecraft:pick_collision": {
											"origin": [
												-7,
												0,
												-7
											],
											"size": [
												14,
												14,
												14
											]
										},
										"minecraft:geometry": "geometry.grape_plant"
									}
								},
								{
									"condition": "query.block_property('uf:crop_growth') == 5",
									"components": {
										"minecraft:material_instances": {
											"*": {
												"texture": "uf_grapes_crop_5",
												"render_method": "alpha_test"
											}
										},
										"minecraft:on_interact": {
											"target": "self",
											"event": "uf:harvest"
										},
										"minecraft:pick_collision": {
											"origin": [
												-7,
												0,
												-7
											],
											"size": [
												14,
												16,
												14
											]
										},
										"minecraft:geometry": "geometry.grape_plant"
									}
								}
							],
							"events": {
								"uf:grow": {
									"randomize": [
										{
											"set_block_property": {
												"uf:crop_growth": "query.block_property('uf:crop_growth') + 1"
											},
											"weight": 1
										},
										{
											"weight": 1
										}
									]
								},
								"uf:harvest": {
									"set_block_property": {
										"uf:crop_growth": 3
									},
									"spawn_loot": {
										"table": "loot_tables/grapes_crop_loot_grown.json"
									}
								},
								"uf:set_custom_farmland": {
									"run_command": {
										"command": [
											"setblock ~~-1~ uf:custom_farm_land 1"
										]
									}
								}
							}
						},
						"key": "permutations",
						"children": [
							{
								"is_minified": true,
								"children": {
									"condition": "query.block_property('uf:crop_growth') == 0",
									"components": {
										"minecraft:material_instances": {
											"*": {
												"texture": "uf_grapes_crop_0",
												"render_method": "alpha_test"
											}
										},
										"minecraft:pick_collision": {
											"origin": [
												-5,
												0,
												-5
											],
											"size": [
												10,
												2,
												10
											]
										}
									}
								}
							},
							{
								"is_minified": true,
								"children": {
									"condition": "query.block_property('uf:crop_growth') == 1",
									"components": {
										"minecraft:material_instances": {
											"*": {
												"texture": "uf_grapes_crop_1",
												"render_method": "alpha_test"
											}
										},
										"minecraft:pick_collision": {
											"origin": [
												-5,
												0,
												-5
											],
											"size": [
												10,
												3,
												10
											]
										}
									}
								}
							},
							{
								"is_minified": true,
								"children": {
									"condition": "query.block_property('uf:crop_growth') == 2",
									"components": {
										"minecraft:material_instances": {
											"*": {
												"texture": "uf_grapes_crop_2",
												"render_method": "alpha_test"
											}
										},
										"minecraft:pick_collision": {
											"origin": [
												-7,
												0,
												-7
											],
											"size": [
												14,
												6,
												14
											]
										}
									}
								}
							},
							{
								"children": [
									{
										"data": "query.block_property('uf:crop_growth') == 3",
										"key": "condition"
									},
									{
										"open": {
											"condition": "query.block_property('uf:crop_growth') == 3",
											"components": {
												"minecraft:material_instances": {
													"*": {
														"texture": "uf_grapes_crop_3",
														"render_method": "alpha_test"
													}
												},
												"minecraft:pick_collision": {
													"origin": [
														-7,
														0,
														-7
													],
													"size": [
														14,
														10,
														14
													]
												},
												"minecraft:geometry": "geometry.grape_plant"
											}
										},
										"key": "components",
										"is_minified": true,
										"children": {
											"minecraft:material_instances": {
												"*": {
													"texture": "uf_grapes_crop_3",
													"render_method": "alpha_test"
												}
											},
											"minecraft:pick_collision": {
												"origin": [
													-7,
													0,
													-7
												],
												"size": [
													14,
													10,
													14
												]
											},
											"minecraft:geometry": "geometry.grape_plant"
										}
									}
								]
							},
							{
								"open": [
									{
										"condition": "query.block_property('uf:crop_growth') == 0",
										"components": {
											"minecraft:material_instances": {
												"*": {
													"texture": "uf_grapes_crop_0",
													"render_method": "alpha_test"
												}
											},
											"minecraft:pick_collision": {
												"origin": [
													-5,
													0,
													-5
												],
												"size": [
													10,
													2,
													10
												]
											}
										}
									},
									{
										"condition": "query.block_property('uf:crop_growth') == 1",
										"components": {
											"minecraft:material_instances": {
												"*": {
													"texture": "uf_grapes_crop_1",
													"render_method": "alpha_test"
												}
											},
											"minecraft:pick_collision": {
												"origin": [
													-5,
													0,
													-5
												],
												"size": [
													10,
													3,
													10
												]
											}
										}
									},
									{
										"condition": "query.block_property('uf:crop_growth') == 2",
										"components": {
											"minecraft:material_instances": {
												"*": {
													"texture": "uf_grapes_crop_2",
													"render_method": "alpha_test"
												}
											},
											"minecraft:pick_collision": {
												"origin": [
													-7,
													0,
													-7
												],
												"size": [
													14,
													6,
													14
												]
											}
										}
									},
									{
										"condition": "query.block_property('uf:crop_growth') == 3",
										"components": {
											"minecraft:material_instances": {
												"*": {
													"texture": "uf_grapes_crop_3",
													"render_method": "alpha_test"
												}
											},
											"minecraft:pick_collision": {
												"origin": [
													-7,
													0,
													-7
												],
												"size": [
													14,
													10,
													14
												]
											},
											"minecraft:geometry": "geometry.grape_plant"
										}
									},
									{
										"condition": "query.block_property('uf:crop_growth') == 4",
										"components": {
											"minecraft:material_instances": {
												"*": {
													"texture": "uf_grapes_crop_4",
													"render_method": "alpha_test"
												}
											},
											"minecraft:pick_collision": {
												"origin": [
													-7,
													0,
													-7
												],
												"size": [
													14,
													14,
													14
												]
											},
											"minecraft:geometry": "geometry.grape_plant"
										}
									},
									{
										"condition": "query.block_property('uf:crop_growth') == 5",
										"components": {
											"minecraft:material_instances": {
												"*": {
													"texture": "uf_grapes_crop_5",
													"render_method": "alpha_test"
												}
											},
											"minecraft:on_interact": {
												"target": "self",
												"event": "uf:harvest"
											},
											"minecraft:pick_collision": {
												"origin": [
													-7,
													0,
													-7
												],
												"size": [
													14,
													16,
													14
												]
											},
											"minecraft:geometry": "geometry.grape_plant"
										}
									}
								],
								"children": [
									{
										"data": "query.block_property('uf:crop_growth') == 4",
										"key": "condition"
									},
									{
										"open": {
											"condition": "query.block_property('uf:crop_growth') == 4",
											"components": {
												"minecraft:material_instances": {
													"*": {
														"texture": "uf_grapes_crop_4",
														"render_method": "alpha_test"
													}
												},
												"minecraft:pick_collision": {
													"origin": [
														-7,
														0,
														-7
													],
													"size": [
														14,
														14,
														14
													]
												},
												"minecraft:geometry": "geometry.grape_plant"
											}
										},
										"key": "components",
										"is_minified": true,
										"children": {
											"minecraft:material_instances": {
												"*": {
													"texture": "uf_grapes_crop_4",
													"render_method": "alpha_test"
												}
											},
											"minecraft:pick_collision": {
												"origin": [
													-7,
													0,
													-7
												],
												"size": [
													14,
													14,
													14
												]
											},
											"minecraft:geometry": "geometry.grape_plant"
										}
									}
								]
							},
							{
								"open": [
									{
										"condition": "query.block_property('uf:crop_growth') == 0",
										"components": {
											"minecraft:material_instances": {
												"*": {
													"texture": "uf_grapes_crop_0",
													"render_method": "alpha_test"
												}
											},
											"minecraft:pick_collision": {
												"origin": [
													-5,
													0,
													-5
												],
												"size": [
													10,
													2,
													10
												]
											}
										}
									},
									{
										"condition": "query.block_property('uf:crop_growth') == 1",
										"components": {
											"minecraft:material_instances": {
												"*": {
													"texture": "uf_grapes_crop_1",
													"render_method": "alpha_test"
												}
											},
											"minecraft:pick_collision": {
												"origin": [
													-5,
													0,
													-5
												],
												"size": [
													10,
													3,
													10
												]
											}
										}
									},
									{
										"condition": "query.block_property('uf:crop_growth') == 2",
										"components": {
											"minecraft:material_instances": {
												"*": {
													"texture": "uf_grapes_crop_2",
													"render_method": "alpha_test"
												}
											},
											"minecraft:pick_collision": {
												"origin": [
													-7,
													0,
													-7
												],
												"size": [
													14,
													6,
													14
												]
											}
										}
									},
									{
										"condition": "query.block_property('uf:crop_growth') == 3",
										"components": {
											"minecraft:material_instances": {
												"*": {
													"texture": "uf_grapes_crop_3",
													"render_method": "alpha_test"
												}
											},
											"minecraft:pick_collision": {
												"origin": [
													-7,
													0,
													-7
												],
												"size": [
													14,
													10,
													14
												]
											},
											"minecraft:geometry": "geometry.grape_plant"
										}
									},
									{
										"condition": "query.block_property('uf:crop_growth') == 4",
										"components": {
											"minecraft:material_instances": {
												"*": {
													"texture": "uf_grapes_crop_4",
													"render_method": "alpha_test"
												}
											},
											"minecraft:pick_collision": {
												"origin": [
													-7,
													0,
													-7
												],
												"size": [
													14,
													14,
													14
												]
											},
											"minecraft:geometry": "geometry.grape_plant"
										}
									},
									{
										"condition": "query.block_property('uf:crop_growth') == 5",
										"components": {
											"minecraft:material_instances": {
												"*": {
													"texture": "uf_grapes_crop_5",
													"render_method": "alpha_test"
												}
											},
											"minecraft:on_interact": {
												"target": "self",
												"event": "uf:harvest"
											},
											"minecraft:pick_collision": {
												"origin": [
													-7,
													0,
													-7
												],
												"size": [
													14,
													16,
													14
												]
											},
											"minecraft:geometry": "geometry.grape_plant"
										}
									}
								],
								"children": [
									{
										"open": {
											"condition": "query.block_property('uf:crop_growth') == 5",
											"components": {
												"minecraft:material_instances": {
													"*": {
														"texture": "uf_grapes_crop_5",
														"render_method": "alpha_test"
													}
												},
												"minecraft:on_interact": {
													"target": "self",
													"event": "uf:harvest"
												},
												"minecraft:pick_collision": {
													"origin": [
														-7,
														0,
														-7
													],
													"size": [
														14,
														16,
														14
													]
												},
												"minecraft:geometry": "geometry.grape_plant"
											}
										},
										"data": "query.block_property('uf:crop_growth') == 5",
										"key": "condition"
									},
									{
										"open": {
											"condition": "query.block_property('uf:crop_growth') == 5",
											"components": {
												"minecraft:material_instances": {
													"*": {
														"texture": "uf_grapes_crop_5",
														"render_method": "alpha_test"
													}
												},
												"minecraft:on_interact": {
													"target": "self",
													"event": "uf:harvest"
												},
												"minecraft:pick_collision": {
													"origin": [
														-7,
														0,
														-7
													],
													"size": [
														14,
														16,
														14
													]
												},
												"minecraft:geometry": "geometry.grape_plant"
											}
										},
										"key": "components",
										"children": [
											{
												"key": "minecraft:material_instances",
												"children": [
													{
														"open": {
															"*": {
																"texture": "uf_grapes_crop_5",
																"render_method": "alpha_test"
															}
														},
														"key": "*",
														"is_minified": true,
														"children": {
															"texture": "uf_grapes_crop_5",
															"render_method": "alpha_test"
														}
													}
												]
											},
											{
												"key": "minecraft:on_interact",
												"is_minified": true,
												"children": {
													"target": "self",
													"event": "uf:harvest"
												}
											},
											{
												"key": "minecraft:pick_collision",
												"children": [
													{
														"key": "origin",
														"is_minified": true,
														"children": [
															-7,
															0,
															-7
														]
													},
													{
														"open": {
															"origin": [
																-7,
																0,
																-7
															],
															"size": [
																14,
																16,
																14
															]
														},
														"key": "size",
														"is_minified": true,
														"children": [
															14,
															16,
															14
														]
													}
												]
											},
											{
												"data": "geometry.grape_plant",
												"key": "minecraft:geometry"
											}
										]
									}
								]
							}
						]
					},
					{
						"open": {
							"description": {
								"identifier": "uf:grapes_crop",
								"is_experimental": false,
								"properties": {
									"uf:crop_growth": [
										0,
										1,
										2,
										3,
										4,
										5
									]
								}
							},
							"components": {
								"minecraft:ticking": {
									"looping": true,
									"range": [
										45,
										65
									],
									"on_tick": {
										"target": "self",
										"event": "uf:grow",
										"condition": "query.block_property('uf:crop_growth') < 5"
									}
								},
								"minecraft:geometry": "geometry.crop",
								"minecraft:block_light_absorption": 0,
								"minecraft:entity_collision": false,
								"minecraft:breakonpush": true,
								"minecraft:destroy_time": 0,
								"minecraft:loot": "loot_tables/grapes_crop_loot_not_grown.json",
								"minecraft:placement_filter": {
									"conditions": [
										{
											"block_filter": [
												"farmland",
												"uf:custom_farm_land"
											],
											"allowed_faces": [
												"up"
											]
										}
									]
								},
								"minecraft:breathability": "air"
							},
							"permutations": [
								{
									"condition": "query.block_property('uf:crop_growth') == 0",
									"components": {
										"minecraft:material_instances": {
											"*": {
												"texture": "uf_grapes_crop_0",
												"render_method": "alpha_test"
											}
										},
										"minecraft:pick_collision": {
											"origin": [
												-5,
												0,
												-5
											],
											"size": [
												10,
												2,
												10
											]
										}
									}
								},
								{
									"condition": "query.block_property('uf:crop_growth') == 1",
									"components": {
										"minecraft:material_instances": {
											"*": {
												"texture": "uf_grapes_crop_1",
												"render_method": "alpha_test"
											}
										},
										"minecraft:pick_collision": {
											"origin": [
												-5,
												0,
												-5
											],
											"size": [
												10,
												3,
												10
											]
										}
									}
								},
								{
									"condition": "query.block_property('uf:crop_growth') == 2",
									"components": {
										"minecraft:material_instances": {
											"*": {
												"texture": "uf_grapes_crop_2",
												"render_method": "alpha_test"
											}
										},
										"minecraft:pick_collision": {
											"origin": [
												-7,
												0,
												-7
											],
											"size": [
												14,
												6,
												14
											]
										}
									}
								},
								{
									"condition": "query.block_property('uf:crop_growth') == 3",
									"components": {
										"minecraft:material_instances": {
											"*": {
												"texture": "uf_grapes_crop_3",
												"render_method": "alpha_test"
											}
										},
										"minecraft:pick_collision": {
											"origin": [
												-7,
												0,
												-7
											],
											"size": [
												14,
												10,
												14
											]
										},
										"minecraft:geometry": "geometry.grape_plant"
									}
								},
								{
									"condition": "query.block_property('uf:crop_growth') == 4",
									"components": {
										"minecraft:material_instances": {
											"*": {
												"texture": "uf_grapes_crop_4",
												"render_method": "alpha_test"
											}
										},
										"minecraft:pick_collision": {
											"origin": [
												-7,
												0,
												-7
											],
											"size": [
												14,
												14,
												14
											]
										},
										"minecraft:geometry": "geometry.grape_plant"
									}
								},
								{
									"condition": "query.block_property('uf:crop_growth') == 5",
									"components": {
										"minecraft:material_instances": {
											"*": {
												"texture": "uf_grapes_crop_5",
												"render_method": "alpha_test"
											}
										},
										"minecraft:on_interact": {
											"target": "self",
											"event": "uf:harvest"
										},
										"minecraft:pick_collision": {
											"origin": [
												-7,
												0,
												-7
											],
											"size": [
												14,
												16,
												14
											]
										},
										"minecraft:geometry": "geometry.grape_plant"
									}
								}
							],
							"events": {
								"uf:grow": {
									"randomize": [
										{
											"set_block_property": {
												"uf:crop_growth": "query.block_property('uf:crop_growth') + 1"
											},
											"weight": 1
										},
										{
											"weight": 1
										}
									]
								},
								"uf:harvest": {
									"set_block_property": {
										"uf:crop_growth": 3
									},
									"spawn_loot": {
										"table": "loot_tables/grapes_crop_loot_grown.json"
									}
								},
								"uf:set_custom_farmland": {
									"run_command": {
										"command": [
											"setblock ~~-1~ uf:custom_farm_land 1"
										]
									}
								}
							}
						},
						"key": "events",
						"children": [
							{
								"open": {
									"uf:grow": {
										"randomize": [
											{
												"set_block_property": {
													"uf:crop_growth": "query.block_property('uf:crop_growth') + 1"
												},
												"weight": 1
											},
											{
												"weight": 1
											}
										]
									},
									"uf:harvest": {
										"set_block_property": {
											"uf:crop_growth": 3
										},
										"spawn_loot": {
											"table": "loot_tables/grapes_crop_loot_grown.json"
										}
									},
									"uf:set_custom_farmland": {
										"run_command": {
											"command": [
												"setblock ~~-1~ uf:custom_farm_land 1"
											]
										}
									}
								},
								"key": "uf:grow",
								"children": [
									{
										"key": "randomize",
										"children": [
											{
												"open": [
													{
														"set_block_property": {
															"uf:crop_growth": "query.block_property('uf:crop_growth') + 1"
														},
														"weight": 1
													},
													{
														"weight": 1
													}
												],
												"children": [
													{
														"open": {
															"set_block_property": {
																"uf:crop_growth": "query.block_property('uf:crop_growth') + 1"
															},
															"weight": 1
														},
														"key": "set_block_property",
														"is_minified": true,
														"children": {
															"uf:crop_growth": "query.block_property('uf:crop_growth') + 1"
														}
													},
													{
														"data": "1",
														"key": "weight"
													}
												]
											},
											{
												"open": [
													{
														"set_block_property": {
															"uf:crop_growth": "query.block_property('uf:crop_growth') + 1"
														},
														"weight": 1
													},
													{
														"weight": 1
													}
												],
												"is_minified": true,
												"children": {
													"weight": 1
												}
											}
										]
									}
								]
							},
							{
								"open": {
									"uf:grow": {
										"randomize": [
											{
												"set_block_property": {
													"uf:crop_growth": "query.block_property('uf:crop_growth') + 1"
												},
												"weight": 1
											},
											{
												"weight": 1
											}
										]
									},
									"uf:harvest": {
										"set_block_property": {
											"uf:crop_growth": 3
										},
										"spawn_loot": {
											"table": "loot_tables/grapes_crop_loot_grown.json"
										}
									},
									"uf:set_custom_farmland": {
										"run_command": {
											"command": [
												"setblock ~~-1~ uf:custom_farm_land 1"
											]
										}
									}
								},
								"key": "uf:harvest",
								"children": [
									{
										"open": {
											"set_block_property": {
												"uf:crop_growth": 3
											},
											"spawn_loot": {
												"table": "loot_tables/grapes_crop_loot_grown.json"
											}
										},
										"key": "set_block_property",
										"is_minified": true,
										"children": {
											"uf:crop_growth": 3
										}
									},
									{
										"open": {
											"set_block_property": {
												"uf:crop_growth": 3
											},
											"spawn_loot": {
												"table": "loot_tables/grapes_crop_loot_grown.json"
											}
										},
										"key": "spawn_loot",
										"is_minified": true,
										"children": {
											"table": "loot_tables/grapes_crop_loot_grown.json"
										}
									}
								]
							},
							{
								"key": "uf:set_custom_farmland",
								"is_minified": true,
								"children": {
									"run_command": {
										"command": [
											"setblock ~~-1~ uf:custom_farm_land 1"
										]
									}
								}
							}
						]
					}
				]
			}
		]
	}
}