{
	"file_path": "C:\\Users\\chupi\\AppData\\Local\\Packages\\Microsoft.MinecraftUWP_8wekyb3d8bbwe\\LocalState\\games\\com.mojang\\development_behavior_packs\\Ultra Farming Addon\\blocks\\juicer.json",
	"file_type": "block",
	"format_version": 1,
	"file_uuid": "e9a637cf_a305_4106_9a74_7f9ad0c791b7",
	"file_version": 15,
	"cache_content": {
		"children": [
			{
				"data": "1.16.0",
				"key": "format_version"
			},
			{
				"open": {
					"format_version": "1.16.0",
					"minecraft:block": {
						"description": {
							"identifier": "uf:juicer",
							"is_experimental": false,
							"properties": {
								"uf:fruit": [
									0,
									1,
									2,
									3
								],
								"uf:is_ready": [
									false,
									true
								],
								"uf:has_glass": [
									false,
									true
								]
							}
						},
						"components": {
							"minecraft:destroy_time": 0.2,
							"minecraft:explosion_resistance": 1,
							"minecraft:on_interact": {
								"event": "start_juicing",
								"condition": "query.get_equipped_item_name == 'glass_bottle'"
							},
							"minecraft:geometry": "geometry.juicer",
							"minecraft:material_instances": {
								"*": {
									"texture": "uf_juicer",
									"ambient_occlusion": false,
									"render_method": "blend"
								}
							},
							"minecraft:block_light_absorption": 0
						},
						"permutations": [
							{
								"condition": "query.block_property('uf:fruit') == 1 && !query.block_property('uf:is_ready')",
								"components": {
									"minecraft:geometry": "geometry.juicer_apple_progress",
									"minecraft:ticking": {
										"range": [
											5,
											5
										],
										"on_tick": {
											"event": "juice_ready"
										}
									}
								}
							},
							{
								"condition": "query.block_property('uf:fruit') == 2 && !query.block_property('uf:is_ready')",
								"components": {
									"minecraft:geometry": "geometry.juicer_orange_progress",
									"minecraft:ticking": {
										"range": [
											5,
											5
										],
										"on_tick": {
											"event": "juice_ready"
										}
									}
								}
							},
							{
								"condition": "query.block_property('uf:fruit') == 3 && !query.block_property('uf:is_ready')",
								"components": {
									"minecraft:geometry": "geometry.juicer_cherry_progress",
									"minecraft:ticking": {
										"range": [
											5,
											5
										],
										"on_tick": {
											"event": "juice_ready"
										}
									}
								}
							},
							{
								"condition": "query.block_property('uf:fruit') == 0 && query.block_property('uf:has_glass')",
								"components": {
									"minecraft:on_interact": {
										"event": "start_juicing",
										"condition": "query.get_equipped_item_name == 'apple' || query.get_equipped_item_name == 'orange' || query.get_equipped_item_name == 'cherry'"
									},
									"minecraft:geometry": "geometry.juicer_glass"
								}
							}
						],
						"events": {
							"start_juicing": {
								"set_block_property": {
									"uf:fruit": "query.get_equipped_item_name=='apple'?1:(query.get_equipped_item_name=='orange'?2:3)"
								}
							},
							"juice_ready": {
								"set_block_property": {
									"uf:is_ready": true
								}
							}
						}
					}
				},
				"key": "minecraft:block",
				"children": [
					{
						"open": {
							"description": {
								"identifier": "uf:juicer",
								"is_experimental": false,
								"properties": {
									"uf:fruit": [
										0,
										1,
										2,
										3
									],
									"uf:is_ready": [
										false,
										true
									],
									"uf:has_glass": [
										false,
										true
									]
								}
							},
							"components": {
								"minecraft:destroy_time": 0.2,
								"minecraft:explosion_resistance": 1,
								"minecraft:on_interact": {
									"event": "start_juicing",
									"condition": "query.get_equipped_item_name == 'glass_bottle'"
								},
								"minecraft:geometry": "geometry.juicer",
								"minecraft:material_instances": {
									"*": {
										"texture": "uf_juicer",
										"ambient_occlusion": false,
										"render_method": "blend"
									}
								},
								"minecraft:block_light_absorption": 0
							},
							"permutations": [
								{
									"condition": "query.block_property('uf:fruit') == 1 && !query.block_property('uf:is_ready')",
									"components": {
										"minecraft:geometry": "geometry.juicer_apple_progress",
										"minecraft:ticking": {
											"range": [
												5,
												5
											],
											"on_tick": {
												"event": "juice_ready"
											}
										}
									}
								},
								{
									"condition": "query.block_property('uf:fruit') == 2 && !query.block_property('uf:is_ready')",
									"components": {
										"minecraft:geometry": "geometry.juicer_orange_progress",
										"minecraft:ticking": {
											"range": [
												5,
												5
											],
											"on_tick": {
												"event": "juice_ready"
											}
										}
									}
								},
								{
									"condition": "query.block_property('uf:fruit') == 3 && !query.block_property('uf:is_ready')",
									"components": {
										"minecraft:geometry": "geometry.juicer_cherry_progress",
										"minecraft:ticking": {
											"range": [
												5,
												5
											],
											"on_tick": {
												"event": "juice_ready"
											}
										}
									}
								},
								{
									"condition": "query.block_property('uf:fruit') == 0 && query.block_property('uf:has_glass')",
									"components": {
										"minecraft:on_interact": {
											"event": "start_juicing",
											"condition": "query.get_equipped_item_name == 'apple' || query.get_equipped_item_name == 'orange' || query.get_equipped_item_name == 'cherry'"
										},
										"minecraft:geometry": "geometry.juicer_glass"
									}
								}
							],
							"events": {
								"start_juicing": {
									"set_block_property": {
										"uf:fruit": "query.get_equipped_item_name=='apple'?1:(query.get_equipped_item_name=='orange'?2:3)"
									}
								},
								"juice_ready": {
									"set_block_property": {
										"uf:is_ready": true
									}
								}
							}
						},
						"key": "description",
						"children": [
							{
								"data": "uf:juicer",
								"key": "identifier"
							},
							{
								"data": "false",
								"key": "is_experimental"
							},
							{
								"open": {
									"identifier": "uf:juicer",
									"is_experimental": false,
									"properties": {
										"uf:fruit": [
											0,
											1,
											2,
											3
										],
										"uf:is_ready": [
											false,
											true
										],
										"uf:has_glass": [
											false,
											true
										]
									}
								},
								"key": "properties",
								"children": [
									{
										"open": {
											"uf:fruit": [
												0,
												1,
												2,
												3
											],
											"uf:is_ready": [
												false,
												true
											],
											"uf:has_glass": [
												false,
												true
											]
										},
										"key": "uf:fruit",
										"is_minified": true,
										"children": [
											0,
											1,
											2,
											3
										]
									},
									{
										"open": {
											"uf:fruit": [
												0,
												1,
												2,
												3
											],
											"uf:is_ready": [
												false,
												true
											],
											"uf:has_glass": [
												false,
												true
											]
										},
										"key": "uf:is_ready",
										"is_minified": true,
										"children": [
											false,
											true
										]
									},
									{
										"open": {
											"uf:fruit": [
												0,
												1,
												2,
												3
											],
											"uf:is_ready": [
												false,
												true
											],
											"uf:has_glass": [
												false,
												true
											]
										},
										"key": "uf:has_glass",
										"is_minified": true,
										"children": [
											false,
											true
										]
									}
								]
							}
						]
					},
					{
						"open": {
							"description": {
								"identifier": "uf:juicer",
								"is_experimental": false,
								"properties": {
									"uf:fruit": [
										0,
										1,
										2,
										3
									],
									"uf:is_ready": [
										false,
										true
									],
									"uf:has_glass": [
										false,
										true
									]
								}
							},
							"components": {
								"minecraft:destroy_time": 0.2,
								"minecraft:explosion_resistance": 1,
								"minecraft:on_interact": {
									"event": "start_juicing",
									"condition": "query.get_equipped_item_name == 'glass_bottle'"
								},
								"minecraft:geometry": "geometry.juicer",
								"minecraft:material_instances": {
									"*": {
										"texture": "uf_juicer",
										"ambient_occlusion": false,
										"render_method": "blend"
									}
								},
								"minecraft:block_light_absorption": 0
							},
							"permutations": [
								{
									"condition": "query.block_property('uf:fruit') == 1 && !query.block_property('uf:is_ready')",
									"components": {
										"minecraft:geometry": "geometry.juicer_apple_progress",
										"minecraft:ticking": {
											"range": [
												5,
												5
											],
											"on_tick": {
												"event": "juice_ready"
											}
										}
									}
								},
								{
									"condition": "query.block_property('uf:fruit') == 2 && !query.block_property('uf:is_ready')",
									"components": {
										"minecraft:geometry": "geometry.juicer_orange_progress",
										"minecraft:ticking": {
											"range": [
												5,
												5
											],
											"on_tick": {
												"event": "juice_ready"
											}
										}
									}
								},
								{
									"condition": "query.block_property('uf:fruit') == 3 && !query.block_property('uf:is_ready')",
									"components": {
										"minecraft:geometry": "geometry.juicer_cherry_progress",
										"minecraft:ticking": {
											"range": [
												5,
												5
											],
											"on_tick": {
												"event": "juice_ready"
											}
										}
									}
								},
								{
									"condition": "query.block_property('uf:fruit') == 0 && query.block_property('uf:has_glass')",
									"components": {
										"minecraft:on_interact": {
											"event": "start_juicing",
											"condition": "query.get_equipped_item_name == 'apple' || query.get_equipped_item_name == 'orange' || query.get_equipped_item_name == 'cherry'"
										},
										"minecraft:geometry": "geometry.juicer_glass"
									}
								}
							],
							"events": {
								"start_juicing": {
									"set_block_property": {
										"uf:fruit": "query.get_equipped_item_name=='apple'?1:(query.get_equipped_item_name=='orange'?2:3)"
									}
								},
								"juice_ready": {
									"set_block_property": {
										"uf:is_ready": true
									}
								}
							}
						},
						"key": "components",
						"children": [
							{
								"data": "0.2",
								"key": "minecraft:destroy_time"
							},
							{
								"data": "1",
								"key": "minecraft:explosion_resistance"
							},
							{
								"open": {
									"minecraft:destroy_time": 0.2,
									"minecraft:explosion_resistance": 1,
									"minecraft:on_interact": {
										"event": "start_juicing",
										"condition": "query.get_equipped_item_name == 'glass_bottle'"
									},
									"minecraft:geometry": "geometry.juicer",
									"minecraft:material_instances": {
										"*": {
											"texture": "uf_juicer",
											"ambient_occlusion": false,
											"render_method": "blend"
										}
									},
									"minecraft:block_light_absorption": 0
								},
								"key": "minecraft:on_interact",
								"is_minified": true,
								"children": {
									"event": "start_juicing",
									"condition": "query.get_equipped_item_name == 'glass_bottle'"
								}
							},
							{
								"open": {
									"minecraft:destroy_time": 0.2,
									"minecraft:explosion_resistance": 1,
									"minecraft:on_interact": {
										"event": "start_juicing",
										"condition": "query.get_equipped_item_name == 'glass_bottle'"
									},
									"minecraft:geometry": "geometry.juicer",
									"minecraft:material_instances": {
										"*": {
											"texture": "uf_juicer",
											"ambient_occlusion": false,
											"render_method": "blend"
										}
									},
									"minecraft:block_light_absorption": 0
								},
								"data": "geometry.juicer",
								"key": "minecraft:geometry"
							},
							{
								"open": {
									"minecraft:destroy_time": 0.2,
									"minecraft:explosion_resistance": 1,
									"minecraft:on_interact": {
										"event": "start_juicing",
										"condition": "query.get_equipped_item_name == 'glass_bottle'"
									},
									"minecraft:geometry": "geometry.juicer",
									"minecraft:material_instances": {
										"*": {
											"texture": "uf_juicer",
											"ambient_occlusion": false,
											"render_method": "blend"
										}
									},
									"minecraft:block_light_absorption": 0
								},
								"key": "minecraft:material_instances",
								"children": [
									{
										"open": {
											"*": {
												"texture": "uf_juicer",
												"ambient_occlusion": false,
												"render_method": "blend"
											}
										},
										"key": "*",
										"is_minified": true,
										"children": {
											"texture": "uf_juicer",
											"ambient_occlusion": false,
											"render_method": "blend"
										}
									}
								]
							},
							{
								"data": "0.0",
								"key": "minecraft:block_light_absorption"
							}
						]
					},
					{
						"open": {
							"description": {
								"identifier": "uf:juicer",
								"is_experimental": false,
								"properties": {
									"uf:fruit": [
										0,
										1,
										2,
										3
									],
									"uf:is_ready": [
										false,
										true
									],
									"uf:has_glass": [
										false,
										true
									]
								}
							},
							"components": {
								"minecraft:destroy_time": 0.2,
								"minecraft:explosion_resistance": 1,
								"minecraft:on_interact": {
									"event": "start_juicing",
									"condition": "query.get_equipped_item_name == 'glass_bottle'"
								},
								"minecraft:geometry": "geometry.juicer",
								"minecraft:material_instances": {
									"*": {
										"texture": "uf_juicer",
										"ambient_occlusion": false,
										"render_method": "blend"
									}
								},
								"minecraft:block_light_absorption": 0
							},
							"permutations": [
								{
									"condition": "query.block_property('uf:fruit') == 1 && !query.block_property('uf:is_ready')",
									"components": {
										"minecraft:geometry": "geometry.juicer_apple_progress",
										"minecraft:ticking": {
											"range": [
												5,
												5
											],
											"on_tick": {
												"event": "juice_ready"
											}
										}
									}
								},
								{
									"condition": "query.block_property('uf:fruit') == 2 && !query.block_property('uf:is_ready')",
									"components": {
										"minecraft:geometry": "geometry.juicer_orange_progress",
										"minecraft:ticking": {
											"range": [
												5,
												5
											],
											"on_tick": {
												"event": "juice_ready"
											}
										}
									}
								},
								{
									"condition": "query.block_property('uf:fruit') == 3 && !query.block_property('uf:is_ready')",
									"components": {
										"minecraft:geometry": "geometry.juicer_cherry_progress",
										"minecraft:ticking": {
											"range": [
												5,
												5
											],
											"on_tick": {
												"event": "juice_ready"
											}
										}
									}
								},
								{
									"condition": "query.block_property('uf:fruit') == 0 && query.block_property('uf:has_glass')",
									"components": {
										"minecraft:on_interact": {
											"event": "start_juicing",
											"condition": "query.get_equipped_item_name == 'apple' || query.get_equipped_item_name == 'orange' || query.get_equipped_item_name == 'cherry'"
										},
										"minecraft:geometry": "geometry.juicer_glass"
									}
								}
							],
							"events": {
								"start_juicing": {
									"set_block_property": {
										"uf:fruit": "query.get_equipped_item_name=='apple'?1:(query.get_equipped_item_name=='orange'?2:3)"
									}
								},
								"juice_ready": {
									"set_block_property": {
										"uf:is_ready": true
									}
								}
							}
						},
						"key": "permutations",
						"children": [
							{
								"open": [
									{
										"condition": "query.block_property('uf:fruit') == 1 && !query.block_property('uf:is_ready')",
										"components": {
											"minecraft:geometry": "geometry.juicer_apple_progress",
											"minecraft:ticking": {
												"range": [
													5,
													5
												],
												"on_tick": {
													"event": "juice_ready"
												}
											}
										}
									},
									{
										"condition": "query.block_property('uf:fruit') == 2 && !query.block_property('uf:is_ready')",
										"components": {
											"minecraft:geometry": "geometry.juicer_orange_progress",
											"minecraft:ticking": {
												"range": [
													5,
													5
												],
												"on_tick": {
													"event": "juice_ready"
												}
											}
										}
									},
									{
										"condition": "query.block_property('uf:fruit') == 3 && !query.block_property('uf:is_ready')",
										"components": {
											"minecraft:geometry": "geometry.juicer_cherry_progress",
											"minecraft:ticking": {
												"range": [
													5,
													5
												],
												"on_tick": {
													"event": "juice_ready"
												}
											}
										}
									},
									{
										"condition": "query.block_property('uf:fruit') == 0 && query.block_property('uf:has_glass')",
										"components": {
											"minecraft:on_interact": {
												"event": "start_juicing",
												"condition": "query.get_equipped_item_name == 'apple' || query.get_equipped_item_name == 'orange' || query.get_equipped_item_name == 'cherry'"
											},
											"minecraft:geometry": "geometry.juicer_glass"
										}
									}
								],
								"children": [
									{
										"open": {
											"condition": "query.block_property('uf:fruit') == 1 && !query.block_property('uf:is_ready')",
											"components": {
												"minecraft:geometry": "geometry.juicer_apple_progress",
												"minecraft:ticking": {
													"range": [
														5,
														5
													],
													"on_tick": {
														"event": "juice_ready"
													}
												}
											}
										},
										"data": "query.block_property('uf:fruit') == 1 && !query.block_property('uf:is_ready')",
										"key": "condition"
									},
									{
										"open": {
											"condition": "query.block_property('uf:fruit') == 1 && !query.block_property('uf:is_ready')",
											"components": {
												"minecraft:geometry": "geometry.juicer_apple_progress",
												"minecraft:ticking": {
													"range": [
														5,
														5
													],
													"on_tick": {
														"event": "juice_ready"
													}
												}
											}
										},
										"key": "components",
										"children": [
											{
												"open": {
													"minecraft:geometry": "geometry.juicer_apple_progress",
													"minecraft:ticking": {
														"range": [
															5,
															5
														],
														"on_tick": {
															"event": "juice_ready"
														}
													}
												},
												"data": "geometry.juicer_apple_progress",
												"key": "minecraft:geometry"
											},
											{
												"open": {
													"minecraft:geometry": "geometry.juicer_apple_progress",
													"minecraft:ticking": {
														"range": [
															5,
															5
														],
														"on_tick": {
															"event": "juice_ready"
														}
													}
												},
												"key": "minecraft:ticking",
												"children": [
													{
														"open": {
															"range": [
																5,
																5
															],
															"on_tick": {
																"event": "juice_ready"
															}
														},
														"key": "range",
														"is_minified": true,
														"children": [
															5,
															5
														]
													},
													{
														"open": {
															"range": [
																5,
																5
															],
															"on_tick": {
																"event": "juice_ready"
															}
														},
														"key": "on_tick",
														"is_minified": true,
														"children": {
															"event": "juice_ready"
														}
													}
												]
											}
										]
									}
								]
							},
							{
								"open": [
									{
										"condition": "query.block_property('uf:fruit') == 1 && !query.block_property('uf:is_ready')",
										"components": {
											"minecraft:geometry": "geometry.juicer_apple_progress",
											"minecraft:ticking": {
												"range": [
													5,
													5
												],
												"on_tick": {
													"event": "juice_ready"
												}
											}
										}
									},
									{
										"condition": "query.block_property('uf:fruit') == 2 && !query.block_property('uf:is_ready')",
										"components": {
											"minecraft:geometry": "geometry.juicer_orange_progress",
											"minecraft:ticking": {
												"range": [
													5,
													5
												],
												"on_tick": {
													"event": "juice_ready"
												}
											}
										}
									},
									{
										"condition": "query.block_property('uf:fruit') == 3 && !query.block_property('uf:is_ready')",
										"components": {
											"minecraft:geometry": "geometry.juicer_cherry_progress",
											"minecraft:ticking": {
												"range": [
													5,
													5
												],
												"on_tick": {
													"event": "juice_ready"
												}
											}
										}
									},
									{
										"condition": "query.block_property('uf:fruit') == 0 && query.block_property('uf:has_glass')",
										"components": {
											"minecraft:on_interact": {
												"event": "start_juicing",
												"condition": "query.get_equipped_item_name == 'apple' || query.get_equipped_item_name == 'orange' || query.get_equipped_item_name == 'cherry'"
											},
											"minecraft:geometry": "geometry.juicer_glass"
										}
									}
								],
								"children": [
									{
										"open": {
											"condition": "query.block_property('uf:fruit') == 2 && !query.block_property('uf:is_ready')",
											"components": {
												"minecraft:geometry": "geometry.juicer_orange_progress",
												"minecraft:ticking": {
													"range": [
														5,
														5
													],
													"on_tick": {
														"event": "juice_ready"
													}
												}
											}
										},
										"data": "query.block_property('uf:fruit') == 2 && !query.block_property('uf:is_ready')",
										"key": "condition"
									},
									{
										"open": {
											"condition": "query.block_property('uf:fruit') == 2 && !query.block_property('uf:is_ready')",
											"components": {
												"minecraft:geometry": "geometry.juicer_orange_progress",
												"minecraft:ticking": {
													"range": [
														5,
														5
													],
													"on_tick": {
														"event": "juice_ready"
													}
												}
											}
										},
										"key": "components",
										"children": [
											{
												"open": {
													"minecraft:geometry": "geometry.juicer_orange_progress",
													"minecraft:ticking": {
														"range": [
															5,
															5
														],
														"on_tick": {
															"event": "juice_ready"
														}
													}
												},
												"data": "geometry.juicer_orange_progress",
												"key": "minecraft:geometry"
											},
											{
												"open": {
													"minecraft:geometry": "geometry.juicer_orange_progress",
													"minecraft:ticking": {
														"range": [
															5,
															5
														],
														"on_tick": {
															"event": "juice_ready"
														}
													}
												},
												"key": "minecraft:ticking",
												"is_minified": true,
												"children": {
													"range": [
														5,
														5
													],
													"on_tick": {
														"event": "juice_ready"
													}
												}
											}
										]
									}
								]
							},
							{
								"open": [
									{
										"condition": "query.block_property('uf:fruit') == 1 && !query.block_property('uf:is_ready')",
										"components": {
											"minecraft:geometry": "geometry.juicer_apple_progress",
											"minecraft:ticking": {
												"range": [
													5,
													5
												],
												"on_tick": {
													"event": "juice_ready"
												}
											}
										}
									},
									{
										"condition": "query.block_property('uf:fruit') == 2 && !query.block_property('uf:is_ready')",
										"components": {
											"minecraft:geometry": "geometry.juicer_orange_progress",
											"minecraft:ticking": {
												"range": [
													5,
													5
												],
												"on_tick": {
													"event": "juice_ready"
												}
											}
										}
									},
									{
										"condition": "query.block_property('uf:fruit') == 3 && !query.block_property('uf:is_ready')",
										"components": {
											"minecraft:geometry": "geometry.juicer_cherry_progress",
											"minecraft:ticking": {
												"range": [
													5,
													5
												],
												"on_tick": {
													"event": "juice_ready"
												}
											}
										}
									},
									{
										"condition": "query.block_property('uf:fruit') == 0 && query.block_property('uf:has_glass')",
										"components": {
											"minecraft:on_interact": {
												"event": "start_juicing",
												"condition": "query.get_equipped_item_name == 'apple' || query.get_equipped_item_name == 'orange' || query.get_equipped_item_name == 'cherry'"
											},
											"minecraft:geometry": "geometry.juicer_glass"
										}
									}
								],
								"children": [
									{
										"open": {
											"condition": "query.block_property('uf:fruit') == 3 && !query.block_property('uf:is_ready')",
											"components": {
												"minecraft:geometry": "geometry.juicer_cherry_progress",
												"minecraft:ticking": {
													"range": [
														5,
														5
													],
													"on_tick": {
														"event": "juice_ready"
													}
												}
											}
										},
										"data": "query.block_property('uf:fruit') == 3 && !query.block_property('uf:is_ready')",
										"key": "condition"
									},
									{
										"open": {
											"condition": "query.block_property('uf:fruit') == 3 && !query.block_property('uf:is_ready')",
											"components": {
												"minecraft:geometry": "geometry.juicer_cherry_progress",
												"minecraft:ticking": {
													"range": [
														5,
														5
													],
													"on_tick": {
														"event": "juice_ready"
													}
												}
											}
										},
										"key": "components",
										"is_minified": true,
										"children": {
											"minecraft:geometry": "geometry.juicer_cherry_progress",
											"minecraft:ticking": {
												"range": [
													5,
													5
												],
												"on_tick": {
													"event": "juice_ready"
												}
											}
										}
									}
								]
							},
							{
								"open": [
									{
										"condition": "query.block_property('uf:fruit') == 1 && !query.block_property('uf:is_ready')",
										"components": {
											"minecraft:geometry": "geometry.juicer_apple_progress",
											"minecraft:ticking": {
												"range": [
													5,
													5
												],
												"on_tick": {
													"event": "juice_ready"
												}
											}
										}
									},
									{
										"condition": "query.block_property('uf:fruit') == 2 && !query.block_property('uf:is_ready')",
										"components": {
											"minecraft:geometry": "geometry.juicer_orange_progress",
											"minecraft:ticking": {
												"range": [
													5,
													5
												],
												"on_tick": {
													"event": "juice_ready"
												}
											}
										}
									},
									{
										"condition": "query.block_property('uf:fruit') == 3 && !query.block_property('uf:is_ready')",
										"components": {
											"minecraft:geometry": "geometry.juicer_cherry_progress",
											"minecraft:ticking": {
												"range": [
													5,
													5
												],
												"on_tick": {
													"event": "juice_ready"
												}
											}
										}
									},
									{
										"condition": "query.block_property('uf:fruit') == 0 && query.block_property('uf:has_glass')",
										"components": {
											"minecraft:on_interact": {
												"event": "start_juicing",
												"condition": "query.get_equipped_item_name == 'apple' || query.get_equipped_item_name == 'orange' || query.get_equipped_item_name == 'cherry'"
											},
											"minecraft:geometry": "geometry.juicer_glass"
										}
									}
								],
								"children": [
									{
										"data": "query.block_property('uf:fruit') == 0 && query.block_property('uf:has_glass')",
										"key": "condition"
									},
									{
										"open": {
											"condition": "query.block_property('uf:fruit') == 0 && query.block_property('uf:has_glass')",
											"components": {
												"minecraft:on_interact": {
													"event": "start_juicing",
													"condition": "query.get_equipped_item_name == 'apple' || query.get_equipped_item_name == 'orange' || query.get_equipped_item_name == 'cherry'"
												},
												"minecraft:geometry": "geometry.juicer_glass"
											}
										},
										"key": "components",
										"is_minified": true,
										"children": {
											"minecraft:on_interact": {
												"event": "start_juicing",
												"condition": "query.get_equipped_item_name == 'apple' || query.get_equipped_item_name == 'orange' || query.get_equipped_item_name == 'cherry'"
											},
											"minecraft:geometry": "geometry.juicer_glass"
										}
									}
								]
							}
						]
					},
					{
						"open": {
							"description": {
								"identifier": "uf:juicer",
								"is_experimental": false,
								"properties": {
									"uf:fruit": [
										0,
										1,
										2,
										3
									],
									"uf:is_ready": [
										false,
										true
									],
									"uf:has_glass": [
										false,
										true
									]
								}
							},
							"components": {
								"minecraft:destroy_time": 0.2,
								"minecraft:explosion_resistance": 1,
								"minecraft:on_interact": {
									"event": "start_juicing",
									"condition": "query.get_equipped_item_name == 'glass_bottle'"
								},
								"minecraft:geometry": "geometry.juicer",
								"minecraft:material_instances": {
									"*": {
										"texture": "uf_juicer",
										"ambient_occlusion": false,
										"render_method": "blend"
									}
								},
								"minecraft:block_light_absorption": 0
							},
							"permutations": [
								{
									"condition": "query.block_property('uf:fruit') == 1 && !query.block_property('uf:is_ready')",
									"components": {
										"minecraft:geometry": "geometry.juicer_apple_progress",
										"minecraft:ticking": {
											"range": [
												5,
												5
											],
											"on_tick": {
												"event": "juice_ready"
											}
										}
									}
								},
								{
									"condition": "query.block_property('uf:fruit') == 2 && !query.block_property('uf:is_ready')",
									"components": {
										"minecraft:geometry": "geometry.juicer_orange_progress",
										"minecraft:ticking": {
											"range": [
												5,
												5
											],
											"on_tick": {
												"event": "juice_ready"
											}
										}
									}
								},
								{
									"condition": "query.block_property('uf:fruit') == 3 && !query.block_property('uf:is_ready')",
									"components": {
										"minecraft:geometry": "geometry.juicer_cherry_progress",
										"minecraft:ticking": {
											"range": [
												5,
												5
											],
											"on_tick": {
												"event": "juice_ready"
											}
										}
									}
								},
								{
									"condition": "query.block_property('uf:fruit') == 0 && query.block_property('uf:has_glass')",
									"components": {
										"minecraft:on_interact": {
											"event": "start_juicing",
											"condition": "query.get_equipped_item_name == 'apple' || query.get_equipped_item_name == 'orange' || query.get_equipped_item_name == 'cherry'"
										},
										"minecraft:geometry": "geometry.juicer_glass"
									}
								}
							],
							"events": {
								"start_juicing": {
									"set_block_property": {
										"uf:fruit": "query.get_equipped_item_name=='apple'?1:(query.get_equipped_item_name=='orange'?2:3)"
									}
								},
								"juice_ready": {
									"set_block_property": {
										"uf:is_ready": true
									}
								}
							}
						},
						"key": "events",
						"children": [
							{
								"open": {
									"start_juicing": {
										"set_block_property": {
											"uf:fruit": "query.get_equipped_item_name=='apple'?1:(query.get_equipped_item_name=='orange'?2:3)"
										}
									},
									"juice_ready": {
										"set_block_property": {
											"uf:is_ready": true
										}
									}
								},
								"key": "start_juicing",
								"children": [
									{
										"open": {
											"set_block_property": {
												"uf:fruit": "query.get_equipped_item_name=='apple'?1:(query.get_equipped_item_name=='orange'?2:3)"
											}
										},
										"key": "set_block_property",
										"is_minified": true,
										"children": {
											"uf:fruit": "query.get_equipped_item_name=='apple'?1:(query.get_equipped_item_name=='orange'?2:3)"
										}
									}
								]
							},
							{
								"open": {
									"start_juicing": {
										"set_block_property": {
											"uf:fruit": "query.get_equipped_item_name=='apple'?1:(query.get_equipped_item_name=='orange'?2:3)"
										}
									},
									"juice_ready": {
										"set_block_property": {
											"uf:is_ready": true
										}
									}
								},
								"key": "juice_ready",
								"children": [
									{
										"open": {
											"set_block_property": {
												"uf:is_ready": true
											}
										},
										"key": "set_block_property",
										"is_minified": true,
										"children": {
											"uf:is_ready": true
										}
									}
								]
							}
						]
					}
				]
			}
		]
	}
}