{
	"file_path": "C:\\Users\\chupi\\AppData\\Local\\Packages\\Microsoft.MinecraftUWP_8wekyb3d8bbwe\\LocalState\\games\\com.mojang\\development_behavior_packs\\Ultra Farming Addon\\blocks\\rice_crop.json",
	"file_type": "block",
	"format_version": 1,
	"file_uuid": "edfd989b_f9f4_4e8a_b8c0_8de61f53b855",
	"file_version": 35,
	"cache_content": {
		"children": [
			{
				"data": "1.16.100",
				"key": "format_version"
			},
			{
				"open": {
					"format_version": "1.16.100",
					"minecraft:block": {
						"description": {
							"identifier": "uf:rice_crop",
							"is_experimental": false,
							"properties": {
								"uf:crop_growth": [
									0,
									1,
									2,
									3,
									4
								]
							}
						},
						"components": {
							"minecraft:ticking": {
								"looping": true,
								"range": [
									25,
									45
								],
								"on_tick": {
									"target": "self",
									"event": "uf:grow",
									"condition": "query.block_property('uf:crop_growth') < 4"
								}
							},
							"minecraft:geometry": "geometry.rice_crop",
							"minecraft:block_light_absorption": 0,
							"minecraft:entity_collision": false,
							"minecraft:breakonpush": true,
							"minecraft:destroy_time": 0,
							"minecraft:loot": "loot_tables/rice_crop_loot_not_grown.json",
							"minecraft:placement_filter": {
								"conditions": [
									{
										"block_filter": [
											"uf:rice_farmland"
										],
										"allowed_faces": [
											"up"
										]
									}
								]
							}
						},
						"permutations": [
							{
								"condition": "query.block_property('uf:crop_growth') == 0",
								"components": {
									"minecraft:material_instances": {
										"*": {
											"texture": "uf_rice_crop_0",
											"render_method": "alpha_test"
										}
									},
									"minecraft:pick_collision": {
										"origin": [
											-5,
											0,
											-5
										],
										"size": [
											10,
											2,
											10
										]
									}
								}
							},
							{
								"condition": "query.block_property('uf:crop_growth') == 1",
								"components": {
									"minecraft:material_instances": {
										"*": {
											"texture": "uf_rice_crop_1",
											"render_method": "alpha_test"
										}
									},
									"minecraft:pick_collision": {
										"origin": [
											-5,
											0,
											-5
										],
										"size": [
											10,
											3,
											10
										]
									}
								}
							},
							{
								"condition": "query.block_property('uf:crop_growth') == 2",
								"components": {
									"minecraft:material_instances": {
										"*": {
											"texture": "uf_rice_crop_2",
											"render_method": "alpha_test"
										}
									},
									"minecraft:pick_collision": {
										"origin": [
											-7,
											0,
											-7
										],
										"size": [
											14,
											6,
											14
										]
									}
								}
							},
							{
								"condition": "query.block_property('uf:crop_growth') == 3",
								"components": {
									"minecraft:material_instances": {
										"*": {
											"texture": "uf_rice_crop_3",
											"render_method": "alpha_test"
										}
									},
									"minecraft:pick_collision": {
										"origin": [
											-7,
											0,
											-7
										],
										"size": [
											14,
											10,
											14
										]
									}
								}
							},
							{
								"condition": "query.block_property('uf:crop_growth') == 4",
								"components": {
									"minecraft:material_instances": {
										"*": {
											"texture": "uf_rice_crop_4",
											"render_method": "alpha_test"
										}
									},
									"minecraft:pick_collision": {
										"origin": [
											-7,
											0,
											-7
										],
										"size": [
											14,
											14,
											14
										]
									},
									"minecraft:loot": "loot_tables/rice_crop_loot_grown.json"
								}
							}
						],
						"events": {
							"uf:grow": {
								"randomize": [
									{
										"set_block_property": {
											"uf:crop_growth": "query.block_property('uf:crop_growth') + 1"
										},
										"weight": 1
									},
									{
										"weight": 1
									}
								]
							},
							"uf:harvest": {
								"set_block_property": {
									"uf:crop_growth": 2
								},
								"spawn_loot": {
									"table": "loot_tables/corn_crop_loot_grown.json"
								}
							}
						}
					}
				},
				"key": "minecraft:block",
				"children": [
					{
						"open": {
							"description": {
								"identifier": "uf:rice_crop",
								"is_experimental": false,
								"properties": {
									"uf:crop_growth": [
										0,
										1,
										2,
										3,
										4
									]
								}
							},
							"components": {
								"minecraft:ticking": {
									"looping": true,
									"range": [
										25,
										45
									],
									"on_tick": {
										"target": "self",
										"event": "uf:grow",
										"condition": "query.block_property('uf:crop_growth') < 4"
									}
								},
								"minecraft:geometry": "geometry.rice_crop",
								"minecraft:block_light_absorption": 0,
								"minecraft:entity_collision": false,
								"minecraft:breakonpush": true,
								"minecraft:destroy_time": 0,
								"minecraft:loot": "loot_tables/rice_crop_loot_not_grown.json",
								"minecraft:placement_filter": {
									"conditions": [
										{
											"block_filter": [
												"uf:rice_farmland"
											],
											"allowed_faces": [
												"up"
											]
										}
									]
								}
							},
							"permutations": [
								{
									"condition": "query.block_property('uf:crop_growth') == 0",
									"components": {
										"minecraft:material_instances": {
											"*": {
												"texture": "uf_rice_crop_0",
												"render_method": "alpha_test"
											}
										},
										"minecraft:pick_collision": {
											"origin": [
												-5,
												0,
												-5
											],
											"size": [
												10,
												2,
												10
											]
										}
									}
								},
								{
									"condition": "query.block_property('uf:crop_growth') == 1",
									"components": {
										"minecraft:material_instances": {
											"*": {
												"texture": "uf_rice_crop_1",
												"render_method": "alpha_test"
											}
										},
										"minecraft:pick_collision": {
											"origin": [
												-5,
												0,
												-5
											],
											"size": [
												10,
												3,
												10
											]
										}
									}
								},
								{
									"condition": "query.block_property('uf:crop_growth') == 2",
									"components": {
										"minecraft:material_instances": {
											"*": {
												"texture": "uf_rice_crop_2",
												"render_method": "alpha_test"
											}
										},
										"minecraft:pick_collision": {
											"origin": [
												-7,
												0,
												-7
											],
											"size": [
												14,
												6,
												14
											]
										}
									}
								},
								{
									"condition": "query.block_property('uf:crop_growth') == 3",
									"components": {
										"minecraft:material_instances": {
											"*": {
												"texture": "uf_rice_crop_3",
												"render_method": "alpha_test"
											}
										},
										"minecraft:pick_collision": {
											"origin": [
												-7,
												0,
												-7
											],
											"size": [
												14,
												10,
												14
											]
										}
									}
								},
								{
									"condition": "query.block_property('uf:crop_growth') == 4",
									"components": {
										"minecraft:material_instances": {
											"*": {
												"texture": "uf_rice_crop_4",
												"render_method": "alpha_test"
											}
										},
										"minecraft:pick_collision": {
											"origin": [
												-7,
												0,
												-7
											],
											"size": [
												14,
												14,
												14
											]
										},
										"minecraft:loot": "loot_tables/rice_crop_loot_grown.json"
									}
								}
							],
							"events": {
								"uf:grow": {
									"randomize": [
										{
											"set_block_property": {
												"uf:crop_growth": "query.block_property('uf:crop_growth') + 1"
											},
											"weight": 1
										},
										{
											"weight": 1
										}
									]
								},
								"uf:harvest": {
									"set_block_property": {
										"uf:crop_growth": 2
									},
									"spawn_loot": {
										"table": "loot_tables/corn_crop_loot_grown.json"
									}
								}
							}
						},
						"key": "description",
						"is_minified": true,
						"children": {
							"identifier": "uf:rice_crop",
							"is_experimental": false,
							"properties": {
								"uf:crop_growth": [
									0,
									1,
									2,
									3,
									4
								]
							}
						}
					},
					{
						"open": {
							"description": {
								"identifier": "uf:rice_crop",
								"is_experimental": false,
								"properties": {
									"uf:crop_growth": [
										0,
										1,
										2,
										3,
										4
									]
								}
							},
							"components": {
								"minecraft:ticking": {
									"looping": true,
									"range": [
										25,
										45
									],
									"on_tick": {
										"target": "self",
										"event": "uf:grow",
										"condition": "query.block_property('uf:crop_growth') < 4"
									}
								},
								"minecraft:geometry": "geometry.rice_crop",
								"minecraft:block_light_absorption": 0,
								"minecraft:entity_collision": false,
								"minecraft:breakonpush": true,
								"minecraft:destroy_time": 0,
								"minecraft:loot": "loot_tables/rice_crop_loot_not_grown.json",
								"minecraft:placement_filter": {
									"conditions": [
										{
											"block_filter": [
												"uf:rice_farmland"
											],
											"allowed_faces": [
												"up"
											]
										}
									]
								}
							},
							"permutations": [
								{
									"condition": "query.block_property('uf:crop_growth') == 0",
									"components": {
										"minecraft:material_instances": {
											"*": {
												"texture": "uf_rice_crop_0",
												"render_method": "alpha_test"
											}
										},
										"minecraft:pick_collision": {
											"origin": [
												-5,
												0,
												-5
											],
											"size": [
												10,
												2,
												10
											]
										}
									}
								},
								{
									"condition": "query.block_property('uf:crop_growth') == 1",
									"components": {
										"minecraft:material_instances": {
											"*": {
												"texture": "uf_rice_crop_1",
												"render_method": "alpha_test"
											}
										},
										"minecraft:pick_collision": {
											"origin": [
												-5,
												0,
												-5
											],
											"size": [
												10,
												3,
												10
											]
										}
									}
								},
								{
									"condition": "query.block_property('uf:crop_growth') == 2",
									"components": {
										"minecraft:material_instances": {
											"*": {
												"texture": "uf_rice_crop_2",
												"render_method": "alpha_test"
											}
										},
										"minecraft:pick_collision": {
											"origin": [
												-7,
												0,
												-7
											],
											"size": [
												14,
												6,
												14
											]
										}
									}
								},
								{
									"condition": "query.block_property('uf:crop_growth') == 3",
									"components": {
										"minecraft:material_instances": {
											"*": {
												"texture": "uf_rice_crop_3",
												"render_method": "alpha_test"
											}
										},
										"minecraft:pick_collision": {
											"origin": [
												-7,
												0,
												-7
											],
											"size": [
												14,
												10,
												14
											]
										}
									}
								},
								{
									"condition": "query.block_property('uf:crop_growth') == 4",
									"components": {
										"minecraft:material_instances": {
											"*": {
												"texture": "uf_rice_crop_4",
												"render_method": "alpha_test"
											}
										},
										"minecraft:pick_collision": {
											"origin": [
												-7,
												0,
												-7
											],
											"size": [
												14,
												14,
												14
											]
										},
										"minecraft:loot": "loot_tables/rice_crop_loot_grown.json"
									}
								}
							],
							"events": {
								"uf:grow": {
									"randomize": [
										{
											"set_block_property": {
												"uf:crop_growth": "query.block_property('uf:crop_growth') + 1"
											},
											"weight": 1
										},
										{
											"weight": 1
										}
									]
								},
								"uf:harvest": {
									"set_block_property": {
										"uf:crop_growth": 2
									},
									"spawn_loot": {
										"table": "loot_tables/corn_crop_loot_grown.json"
									}
								}
							}
						},
						"key": "components",
						"children": [
							{
								"key": "minecraft:ticking",
								"is_minified": true,
								"children": {
									"looping": true,
									"range": [
										25,
										45
									],
									"on_tick": {
										"target": "self",
										"event": "uf:grow",
										"condition": "query.block_property('uf:crop_growth') < 4"
									}
								}
							},
							{
								"open": {
									"minecraft:ticking": {
										"looping": true,
										"range": [
											25,
											45
										],
										"on_tick": {
											"target": "self",
											"event": "uf:grow",
											"condition": "query.block_property('uf:crop_growth') < 4"
										}
									},
									"minecraft:geometry": "geometry.rice_crop",
									"minecraft:block_light_absorption": 0,
									"minecraft:entity_collision": false,
									"minecraft:breakonpush": true,
									"minecraft:destroy_time": 0,
									"minecraft:loot": "loot_tables/rice_crop_loot_not_grown.json",
									"minecraft:placement_filter": {
										"conditions": [
											{
												"block_filter": [
													"uf:rice_farmland"
												],
												"allowed_faces": [
													"up"
												]
											}
										]
									}
								},
								"data": "geometry.rice_crop",
								"key": "minecraft:geometry"
							},
							{
								"data": "0",
								"key": "minecraft:block_light_absorption"
							},
							{
								"data": "false",
								"key": "minecraft:entity_collision"
							},
							{
								"data": "true",
								"key": "minecraft:breakonpush"
							},
							{
								"data": "0",
								"key": "minecraft:destroy_time"
							},
							{
								"open": {
									"minecraft:ticking": {
										"looping": true,
										"range": [
											25,
											45
										],
										"on_tick": {
											"target": "self",
											"event": "uf:grow",
											"condition": "query.block_property('uf:crop_growth') < 4"
										}
									},
									"minecraft:geometry": "geometry.rice_crop",
									"minecraft:block_light_absorption": 0,
									"minecraft:entity_collision": false,
									"minecraft:breakonpush": true,
									"minecraft:destroy_time": 0,
									"minecraft:loot": "loot_tables/rice_crop_loot_not_grown.json",
									"minecraft:placement_filter": {
										"conditions": [
											{
												"block_filter": [
													"uf:rice_farmland"
												],
												"allowed_faces": [
													"up"
												]
											}
										]
									}
								},
								"data": "loot_tables/rice_crop_loot_not_grown.json",
								"key": "minecraft:loot"
							},
							{
								"key": "minecraft:placement_filter",
								"children": [
									{
										"open": {
											"conditions": [
												{
													"block_filter": [
														"uf:rice_farmland"
													],
													"allowed_faces": [
														"up"
													]
												}
											]
										},
										"key": "conditions",
										"children": [
											{
												"open": [
													{
														"block_filter": [
															"uf:rice_farmland"
														],
														"allowed_faces": [
															"up"
														]
													}
												],
												"is_minified": true,
												"children": {
													"block_filter": [
														"uf:rice_farmland"
													],
													"allowed_faces": [
														"up"
													]
												}
											}
										]
									}
								]
							}
						]
					},
					{
						"open": {
							"description": {
								"identifier": "uf:rice_crop",
								"is_experimental": false,
								"properties": {
									"uf:crop_growth": [
										0,
										1,
										2,
										3,
										4
									]
								}
							},
							"components": {
								"minecraft:ticking": {
									"looping": true,
									"range": [
										25,
										45
									],
									"on_tick": {
										"target": "self",
										"event": "uf:grow",
										"condition": "query.block_property('uf:crop_growth') < 4"
									}
								},
								"minecraft:geometry": "geometry.rice_crop",
								"minecraft:block_light_absorption": 0,
								"minecraft:entity_collision": false,
								"minecraft:breakonpush": true,
								"minecraft:destroy_time": 0,
								"minecraft:loot": "loot_tables/rice_crop_loot_not_grown.json",
								"minecraft:placement_filter": {
									"conditions": [
										{
											"block_filter": [
												"uf:rice_farmland"
											],
											"allowed_faces": [
												"up"
											]
										}
									]
								}
							},
							"permutations": [
								{
									"condition": "query.block_property('uf:crop_growth') == 0",
									"components": {
										"minecraft:material_instances": {
											"*": {
												"texture": "uf_rice_crop_0",
												"render_method": "alpha_test"
											}
										},
										"minecraft:pick_collision": {
											"origin": [
												-5,
												0,
												-5
											],
											"size": [
												10,
												2,
												10
											]
										}
									}
								},
								{
									"condition": "query.block_property('uf:crop_growth') == 1",
									"components": {
										"minecraft:material_instances": {
											"*": {
												"texture": "uf_rice_crop_1",
												"render_method": "alpha_test"
											}
										},
										"minecraft:pick_collision": {
											"origin": [
												-5,
												0,
												-5
											],
											"size": [
												10,
												3,
												10
											]
										}
									}
								},
								{
									"condition": "query.block_property('uf:crop_growth') == 2",
									"components": {
										"minecraft:material_instances": {
											"*": {
												"texture": "uf_rice_crop_2",
												"render_method": "alpha_test"
											}
										},
										"minecraft:pick_collision": {
											"origin": [
												-7,
												0,
												-7
											],
											"size": [
												14,
												6,
												14
											]
										}
									}
								},
								{
									"condition": "query.block_property('uf:crop_growth') == 3",
									"components": {
										"minecraft:material_instances": {
											"*": {
												"texture": "uf_rice_crop_3",
												"render_method": "alpha_test"
											}
										},
										"minecraft:pick_collision": {
											"origin": [
												-7,
												0,
												-7
											],
											"size": [
												14,
												10,
												14
											]
										}
									}
								},
								{
									"condition": "query.block_property('uf:crop_growth') == 4",
									"components": {
										"minecraft:material_instances": {
											"*": {
												"texture": "uf_rice_crop_4",
												"render_method": "alpha_test"
											}
										},
										"minecraft:pick_collision": {
											"origin": [
												-7,
												0,
												-7
											],
											"size": [
												14,
												14,
												14
											]
										},
										"minecraft:loot": "loot_tables/rice_crop_loot_grown.json"
									}
								}
							],
							"events": {
								"uf:grow": {
									"randomize": [
										{
											"set_block_property": {
												"uf:crop_growth": "query.block_property('uf:crop_growth') + 1"
											},
											"weight": 1
										},
										{
											"weight": 1
										}
									]
								},
								"uf:harvest": {
									"set_block_property": {
										"uf:crop_growth": 2
									},
									"spawn_loot": {
										"table": "loot_tables/corn_crop_loot_grown.json"
									}
								}
							}
						},
						"key": "permutations",
						"children": [
							{
								"open": [
									{
										"condition": "query.block_property('uf:crop_growth') == 0",
										"components": {
											"minecraft:material_instances": {
												"*": {
													"texture": "uf_rice_crop_0",
													"render_method": "alpha_test"
												}
											},
											"minecraft:pick_collision": {
												"origin": [
													-5,
													0,
													-5
												],
												"size": [
													10,
													2,
													10
												]
											}
										}
									},
									{
										"condition": "query.block_property('uf:crop_growth') == 1",
										"components": {
											"minecraft:material_instances": {
												"*": {
													"texture": "uf_rice_crop_1",
													"render_method": "alpha_test"
												}
											},
											"minecraft:pick_collision": {
												"origin": [
													-5,
													0,
													-5
												],
												"size": [
													10,
													3,
													10
												]
											}
										}
									},
									{
										"condition": "query.block_property('uf:crop_growth') == 2",
										"components": {
											"minecraft:material_instances": {
												"*": {
													"texture": "uf_rice_crop_2",
													"render_method": "alpha_test"
												}
											},
											"minecraft:pick_collision": {
												"origin": [
													-7,
													0,
													-7
												],
												"size": [
													14,
													6,
													14
												]
											}
										}
									},
									{
										"condition": "query.block_property('uf:crop_growth') == 3",
										"components": {
											"minecraft:material_instances": {
												"*": {
													"texture": "uf_rice_crop_3",
													"render_method": "alpha_test"
												}
											},
											"minecraft:pick_collision": {
												"origin": [
													-7,
													0,
													-7
												],
												"size": [
													14,
													10,
													14
												]
											}
										}
									},
									{
										"condition": "query.block_property('uf:crop_growth') == 4",
										"components": {
											"minecraft:material_instances": {
												"*": {
													"texture": "uf_rice_crop_4",
													"render_method": "alpha_test"
												}
											},
											"minecraft:pick_collision": {
												"origin": [
													-7,
													0,
													-7
												],
												"size": [
													14,
													14,
													14
												]
											},
											"minecraft:loot": "loot_tables/rice_crop_loot_grown.json"
										}
									}
								],
								"children": [
									{
										"data": "query.block_property('uf:crop_growth') == 0",
										"key": "condition"
									},
									{
										"open": {
											"condition": "query.block_property('uf:crop_growth') == 0",
											"components": {
												"minecraft:material_instances": {
													"*": {
														"texture": "uf_rice_crop_0",
														"render_method": "alpha_test"
													}
												},
												"minecraft:pick_collision": {
													"origin": [
														-5,
														0,
														-5
													],
													"size": [
														10,
														2,
														10
													]
												}
											}
										},
										"key": "components",
										"children": [
											{
												"open": {
													"minecraft:material_instances": {
														"*": {
															"texture": "uf_rice_crop_0",
															"render_method": "alpha_test"
														}
													},
													"minecraft:pick_collision": {
														"origin": [
															-5,
															0,
															-5
														],
														"size": [
															10,
															2,
															10
														]
													}
												},
												"key": "minecraft:material_instances",
												"children": [
													{
														"open": {
															"*": {
																"texture": "uf_rice_crop_0",
																"render_method": "alpha_test"
															}
														},
														"key": "*",
														"is_minified": true,
														"children": {
															"texture": "uf_rice_crop_0",
															"render_method": "alpha_test"
														}
													}
												]
											},
											{
												"key": "minecraft:pick_collision",
												"is_minified": true,
												"children": {
													"origin": [
														-5,
														0,
														-5
													],
													"size": [
														10,
														2,
														10
													]
												}
											}
										]
									}
								]
							},
							{
								"children": [
									{
										"data": "query.block_property('uf:crop_growth') == 1",
										"key": "condition"
									},
									{
										"open": {
											"condition": "query.block_property('uf:crop_growth') == 1",
											"components": {
												"minecraft:material_instances": {
													"*": {
														"texture": "uf_rice_crop_1",
														"render_method": "alpha_test"
													}
												},
												"minecraft:pick_collision": {
													"origin": [
														-5,
														0,
														-5
													],
													"size": [
														10,
														3,
														10
													]
												}
											}
										},
										"key": "components",
										"children": [
											{
												"open": {
													"minecraft:material_instances": {
														"*": {
															"texture": "uf_rice_crop_1",
															"render_method": "alpha_test"
														}
													},
													"minecraft:pick_collision": {
														"origin": [
															-5,
															0,
															-5
														],
														"size": [
															10,
															3,
															10
														]
													}
												},
												"key": "minecraft:material_instances",
												"children": [
													{
														"open": {
															"*": {
																"texture": "uf_rice_crop_1",
																"render_method": "alpha_test"
															}
														},
														"key": "*",
														"is_minified": true,
														"children": {
															"texture": "uf_rice_crop_1",
															"render_method": "alpha_test"
														}
													}
												]
											},
											{
												"key": "minecraft:pick_collision",
												"is_minified": true,
												"children": {
													"origin": [
														-5,
														0,
														-5
													],
													"size": [
														10,
														3,
														10
													]
												}
											}
										]
									}
								]
							},
							{
								"children": [
									{
										"data": "query.block_property('uf:crop_growth') == 2",
										"key": "condition"
									},
									{
										"open": {
											"condition": "query.block_property('uf:crop_growth') == 2",
											"components": {
												"minecraft:material_instances": {
													"*": {
														"texture": "uf_rice_crop_2",
														"render_method": "alpha_test"
													}
												},
												"minecraft:pick_collision": {
													"origin": [
														-7,
														0,
														-7
													],
													"size": [
														14,
														6,
														14
													]
												}
											}
										},
										"key": "components",
										"children": [
											{
												"open": {
													"minecraft:material_instances": {
														"*": {
															"texture": "uf_rice_crop_2",
															"render_method": "alpha_test"
														}
													},
													"minecraft:pick_collision": {
														"origin": [
															-7,
															0,
															-7
														],
														"size": [
															14,
															6,
															14
														]
													}
												},
												"key": "minecraft:material_instances",
												"children": [
													{
														"open": {
															"*": {
																"texture": "uf_rice_crop_2",
																"render_method": "alpha_test"
															}
														},
														"key": "*",
														"is_minified": true,
														"children": {
															"texture": "uf_rice_crop_2",
															"render_method": "alpha_test"
														}
													}
												]
											},
											{
												"key": "minecraft:pick_collision",
												"is_minified": true,
												"children": {
													"origin": [
														-7,
														0,
														-7
													],
													"size": [
														14,
														6,
														14
													]
												}
											}
										]
									}
								]
							},
							{
								"children": [
									{
										"data": "query.block_property('uf:crop_growth') == 3",
										"key": "condition"
									},
									{
										"open": {
											"condition": "query.block_property('uf:crop_growth') == 3",
											"components": {
												"minecraft:material_instances": {
													"*": {
														"texture": "uf_rice_crop_3",
														"render_method": "alpha_test"
													}
												},
												"minecraft:pick_collision": {
													"origin": [
														-7,
														0,
														-7
													],
													"size": [
														14,
														10,
														14
													]
												}
											}
										},
										"key": "components",
										"children": [
											{
												"open": {
													"minecraft:material_instances": {
														"*": {
															"texture": "uf_rice_crop_3",
															"render_method": "alpha_test"
														}
													},
													"minecraft:pick_collision": {
														"origin": [
															-7,
															0,
															-7
														],
														"size": [
															14,
															10,
															14
														]
													}
												},
												"key": "minecraft:material_instances",
												"children": [
													{
														"open": {
															"*": {
																"texture": "uf_rice_crop_3",
																"render_method": "alpha_test"
															}
														},
														"key": "*",
														"is_minified": true,
														"children": {
															"texture": "uf_rice_crop_3",
															"render_method": "alpha_test"
														}
													}
												]
											},
											{
												"key": "minecraft:pick_collision",
												"is_minified": true,
												"children": {
													"origin": [
														-7,
														0,
														-7
													],
													"size": [
														14,
														10,
														14
													]
												}
											}
										]
									}
								]
							},
							{
								"children": [
									{
										"data": "query.block_property('uf:crop_growth') == 4",
										"key": "condition"
									},
									{
										"open": {
											"condition": "query.block_property('uf:crop_growth') == 4",
											"components": {
												"minecraft:material_instances": {
													"*": {
														"texture": "uf_rice_crop_4",
														"render_method": "alpha_test"
													}
												},
												"minecraft:pick_collision": {
													"origin": [
														-7,
														0,
														-7
													],
													"size": [
														14,
														14,
														14
													]
												},
												"minecraft:loot": "loot_tables/rice_crop_loot_grown.json"
											}
										},
										"key": "components",
										"children": [
											{
												"open": {
													"minecraft:material_instances": {
														"*": {
															"texture": "uf_rice_crop_4",
															"render_method": "alpha_test"
														}
													},
													"minecraft:pick_collision": {
														"origin": [
															-7,
															0,
															-7
														],
														"size": [
															14,
															14,
															14
														]
													},
													"minecraft:loot": "loot_tables/rice_crop_loot_grown.json"
												},
												"key": "minecraft:material_instances",
												"children": [
													{
														"open": {
															"*": {
																"texture": "uf_rice_crop_4",
																"render_method": "alpha_test"
															}
														},
														"key": "*",
														"is_minified": true,
														"children": {
															"texture": "uf_rice_crop_4",
															"render_method": "alpha_test"
														}
													}
												]
											},
											{
												"key": "minecraft:pick_collision",
												"is_minified": true,
												"children": {
													"origin": [
														-7,
														0,
														-7
													],
													"size": [
														14,
														14,
														14
													]
												}
											},
											{
												"open": {
													"minecraft:material_instances": {
														"*": {
															"texture": "uf_rice_crop_4",
															"render_method": "alpha_test"
														}
													},
													"minecraft:pick_collision": {
														"origin": [
															-7,
															0,
															-7
														],
														"size": [
															14,
															14,
															14
														]
													},
													"minecraft:loot": "loot_tables/rice_crop_loot_grown.json"
												},
												"data": "loot_tables/rice_crop_loot_grown.json",
												"key": "minecraft:loot"
											}
										]
									}
								]
							}
						]
					},
					{
						"open": {
							"description": {
								"identifier": "uf:rice_crop",
								"is_experimental": false,
								"properties": {
									"uf:crop_growth": [
										0,
										1,
										2,
										3,
										4
									]
								}
							},
							"components": {
								"minecraft:ticking": {
									"looping": true,
									"range": [
										25,
										45
									],
									"on_tick": {
										"target": "self",
										"event": "uf:grow",
										"condition": "query.block_property('uf:crop_growth') < 4"
									}
								},
								"minecraft:geometry": "geometry.rice_crop",
								"minecraft:block_light_absorption": 0,
								"minecraft:entity_collision": false,
								"minecraft:breakonpush": true,
								"minecraft:destroy_time": 0,
								"minecraft:loot": "loot_tables/rice_crop_loot_not_grown.json",
								"minecraft:placement_filter": {
									"conditions": [
										{
											"block_filter": [
												"uf:rice_farmland"
											],
											"allowed_faces": [
												"up"
											]
										}
									]
								}
							},
							"permutations": [
								{
									"condition": "query.block_property('uf:crop_growth') == 0",
									"components": {
										"minecraft:material_instances": {
											"*": {
												"texture": "uf_rice_crop_0",
												"render_method": "alpha_test"
											}
										},
										"minecraft:pick_collision": {
											"origin": [
												-5,
												0,
												-5
											],
											"size": [
												10,
												2,
												10
											]
										}
									}
								},
								{
									"condition": "query.block_property('uf:crop_growth') == 1",
									"components": {
										"minecraft:material_instances": {
											"*": {
												"texture": "uf_rice_crop_1",
												"render_method": "alpha_test"
											}
										},
										"minecraft:pick_collision": {
											"origin": [
												-5,
												0,
												-5
											],
											"size": [
												10,
												3,
												10
											]
										}
									}
								},
								{
									"condition": "query.block_property('uf:crop_growth') == 2",
									"components": {
										"minecraft:material_instances": {
											"*": {
												"texture": "uf_rice_crop_2",
												"render_method": "alpha_test"
											}
										},
										"minecraft:pick_collision": {
											"origin": [
												-7,
												0,
												-7
											],
											"size": [
												14,
												6,
												14
											]
										}
									}
								},
								{
									"condition": "query.block_property('uf:crop_growth') == 3",
									"components": {
										"minecraft:material_instances": {
											"*": {
												"texture": "uf_rice_crop_3",
												"render_method": "alpha_test"
											}
										},
										"minecraft:pick_collision": {
											"origin": [
												-7,
												0,
												-7
											],
											"size": [
												14,
												10,
												14
											]
										}
									}
								},
								{
									"condition": "query.block_property('uf:crop_growth') == 4",
									"components": {
										"minecraft:material_instances": {
											"*": {
												"texture": "uf_rice_crop_4",
												"render_method": "alpha_test"
											}
										},
										"minecraft:pick_collision": {
											"origin": [
												-7,
												0,
												-7
											],
											"size": [
												14,
												14,
												14
											]
										},
										"minecraft:loot": "loot_tables/rice_crop_loot_grown.json"
									}
								}
							],
							"events": {
								"uf:grow": {
									"randomize": [
										{
											"set_block_property": {
												"uf:crop_growth": "query.block_property('uf:crop_growth') + 1"
											},
											"weight": 1
										},
										{
											"weight": 1
										}
									]
								},
								"uf:harvest": {
									"set_block_property": {
										"uf:crop_growth": 2
									},
									"spawn_loot": {
										"table": "loot_tables/corn_crop_loot_grown.json"
									}
								}
							}
						},
						"key": "events",
						"children": [
							{
								"key": "uf:grow",
								"is_minified": true,
								"children": {
									"randomize": [
										{
											"set_block_property": {
												"uf:crop_growth": "query.block_property('uf:crop_growth') + 1"
											},
											"weight": 1
										},
										{
											"weight": 1
										}
									]
								}
							},
							{
								"key": "uf:harvest",
								"children": [
									{
										"open": {
											"set_block_property": {
												"uf:crop_growth": 2
											},
											"spawn_loot": {
												"table": "loot_tables/corn_crop_loot_grown.json"
											}
										},
										"key": "set_block_property",
										"is_minified": true,
										"children": {
											"uf:crop_growth": 2
										}
									},
									{
										"open": {
											"set_block_property": {
												"uf:crop_growth": 2
											},
											"spawn_loot": {
												"table": "loot_tables/corn_crop_loot_grown.json"
											}
										},
										"key": "spawn_loot",
										"is_minified": true,
										"children": {
											"table": "loot_tables/corn_crop_loot_grown.json"
										}
									}
								]
							}
						]
					}
				]
			}
		]
	}
}