{
	"file_path": "C:\\Users\\chupi\\AppData\\Local\\Packages\\Microsoft.MinecraftUWP_8wekyb3d8bbwe\\LocalState\\games\\com.mojang\\development_behavior_packs\\Ultra Farming Addon\\blocks\\rice_farmland.json",
	"file_type": "block",
	"format_version": 1,
	"file_uuid": "38009786_5ee0_47f8_ab1d_3b5bf9411a60",
	"file_version": 3,
	"cache_content": {
		"children": [
			{
				"data": "1.16.0",
				"key": "format_version"
			},
			{
				"open": {
					"format_version": "1.16.0",
					"minecraft:block": {
						"description": {
							"identifier": "uf:rice_farmland",
							"is_experimental": false
						},
						"components": {
							"minecraft:destroy_time": 0.2,
							"minecraft:explosion_resistance": 1,
							"bridge:simple_geo": {
								"geometry": "geometry.rice_farmland",
								"texture": "uf_rice_farmland"
							}
						},
						"events": {}
					}
				},
				"key": "minecraft:block",
				"children": [
					{
						"open": {
							"description": {
								"identifier": "uf:rice_farmland",
								"is_experimental": false
							},
							"components": {
								"minecraft:destroy_time": 0.2,
								"minecraft:explosion_resistance": 1,
								"bridge:simple_geo": {
									"geometry": "geometry.rice_farmland",
									"texture": "uf_rice_farmland"
								}
							},
							"events": {}
						},
						"key": "description",
						"is_minified": true,
						"children": {
							"identifier": "uf:rice_farmland",
							"is_experimental": false
						}
					},
					{
						"open": {
							"description": {
								"identifier": "uf:rice_farmland",
								"is_experimental": false
							},
							"components": {
								"minecraft:destroy_time": 0.2,
								"minecraft:explosion_resistance": 1,
								"bridge:simple_geo": {
									"geometry": "geometry.rice_farmland",
									"texture": "uf_rice_farmland"
								}
							},
							"events": {}
						},
						"key": "components",
						"is_minified": true,
						"children": {
							"minecraft:destroy_time": 0.2,
							"minecraft:explosion_resistance": 1,
							"bridge:simple_geo": {
								"geometry": "geometry.rice_farmland",
								"texture": "uf_rice_farmland"
							}
						}
					},
					{
						"open": {
							"description": {
								"identifier": "uf:rice_farmland",
								"is_experimental": false
							},
							"components": {
								"minecraft:destroy_time": 0.2,
								"minecraft:explosion_resistance": 1,
								"bridge:simple_geo": {
									"geometry": "geometry.rice_farmland",
									"texture": "uf_rice_farmland"
								}
							},
							"events": {}
						},
						"key": "events",
						"is_minified": true,
						"children": {}
					}
				]
			}
		]
	}
}