{
	"file_path": "C:\\Users\\chupi\\AppData\\Local\\Packages\\Microsoft.MinecraftUWP_8wekyb3d8bbwe\\LocalState\\games\\com.mojang\\development_behavior_packs\\Ultra Farming Addon\\blocks\\sprinkler.json",
	"file_type": "block",
	"format_version": 1,
	"file_uuid": "f9aa2dda_46bf_4c66_82cd_008509e917aa",
	"file_version": 10,
	"cache_content": {
		"children": [
			{
				"data": "1.16.0",
				"key": "format_version"
			},
			{
				"open": {
					"format_version": "1.16.0",
					"minecraft:block": {
						"description": {
							"identifier": "uf:sprinkler",
							"is_experimental": false,
							"properties": {
								"uf:is_active": [
									false,
									true
								],
								"uf:anim_state": [
									false,
									true
								]
							}
						},
						"components": {
							"minecraft:destroy_time": 0.5,
							"minecraft:explosion_resistance": 1,
							"minecraft:pick_collision": {
								"origin": [
									-5,
									0,
									-5
								],
								"size": [
									10,
									2,
									10
								]
							},
							"minecraft:entity_collision": false,
							"minecraft:on_interact": {
								"event": "uf:toggle"
							}
						},
						"permutations": [
							{
								"condition": "query.block_property('uf:is_active')",
								"components": {
									"minecraft:ticking": {
										"range": [
											0,
											0
										],
										"on_tick": {
											"event": "uf:water_particle"
										}
									}
								}
							}
						],
						"events": {
							"uf:toggle": {
								"set_block_property": {
									"uf:is_active": "query.block_property('uf:is_active')?false:true"
								}
							},
							"uf:water_particle": {
								"run_command": {
									"command": [
										"particle mc:water_drip_particle_2 ~~0.7~0.2",
										"playsound ambient.weather.rain @p ~~~ 0.5 5",
										"fill ~9~-1~9 ~-9~-1~-9 farmland 1 replace farmland 0",
										"particle mc:water_drip_particle_2 ~~0.7~0.3"
									]
								}
							}
						}
					}
				},
				"key": "minecraft:block",
				"children": [
					{
						"open": {
							"description": {
								"identifier": "uf:sprinkler",
								"is_experimental": false,
								"properties": {
									"uf:is_active": [
										false,
										true
									],
									"uf:anim_state": [
										false,
										true
									]
								}
							},
							"components": {
								"minecraft:destroy_time": 0.5,
								"minecraft:explosion_resistance": 1,
								"minecraft:pick_collision": {
									"origin": [
										-5,
										0,
										-5
									],
									"size": [
										10,
										2,
										10
									]
								},
								"minecraft:entity_collision": false,
								"minecraft:on_interact": {
									"event": "uf:toggle"
								}
							},
							"permutations": [
								{
									"condition": "query.block_property('uf:is_active')",
									"components": {
										"minecraft:ticking": {
											"range": [
												0,
												0
											],
											"on_tick": {
												"event": "uf:water_particle"
											}
										}
									}
								}
							],
							"events": {
								"uf:toggle": {
									"set_block_property": {
										"uf:is_active": "query.block_property('uf:is_active')?false:true"
									}
								},
								"uf:water_particle": {
									"run_command": {
										"command": [
											"particle mc:water_drip_particle_2 ~~0.7~0.2",
											"playsound ambient.weather.rain @p ~~~ 0.5 5",
											"fill ~9~-1~9 ~-9~-1~-9 farmland 1 replace farmland 0",
											"particle mc:water_drip_particle_2 ~~0.7~0.3"
										]
									}
								}
							}
						},
						"key": "description",
						"children": [
							{
								"data": "uf:sprinkler",
								"key": "identifier"
							},
							{
								"data": "false",
								"key": "is_experimental"
							},
							{
								"open": {
									"identifier": "uf:sprinkler",
									"is_experimental": false,
									"properties": {
										"uf:is_active": [
											false,
											true
										],
										"uf:anim_state": [
											false,
											true
										]
									}
								},
								"key": "properties",
								"children": [
									{
										"open": {
											"uf:is_active": [
												false,
												true
											],
											"uf:anim_state": [
												false,
												true
											]
										},
										"key": "uf:is_active",
										"is_minified": true,
										"children": [
											false,
											true
										]
									},
									{
										"open": {
											"uf:is_active": [
												false,
												true
											],
											"uf:anim_state": [
												false,
												true
											]
										},
										"key": "uf:anim_state",
										"is_minified": true,
										"children": [
											false,
											true
										]
									}
								]
							}
						]
					},
					{
						"open": {
							"description": {
								"identifier": "uf:sprinkler",
								"is_experimental": false,
								"properties": {
									"uf:is_active": [
										false,
										true
									],
									"uf:anim_state": [
										false,
										true
									]
								}
							},
							"components": {
								"minecraft:destroy_time": 0.5,
								"minecraft:explosion_resistance": 1,
								"minecraft:pick_collision": {
									"origin": [
										-5,
										0,
										-5
									],
									"size": [
										10,
										2,
										10
									]
								},
								"minecraft:entity_collision": false,
								"minecraft:on_interact": {
									"event": "uf:toggle"
								}
							},
							"permutations": [
								{
									"condition": "query.block_property('uf:is_active')",
									"components": {
										"minecraft:ticking": {
											"range": [
												0,
												0
											],
											"on_tick": {
												"event": "uf:water_particle"
											}
										}
									}
								}
							],
							"events": {
								"uf:toggle": {
									"set_block_property": {
										"uf:is_active": "query.block_property('uf:is_active')?false:true"
									}
								},
								"uf:water_particle": {
									"run_command": {
										"command": [
											"particle mc:water_drip_particle_2 ~~0.7~0.2",
											"playsound ambient.weather.rain @p ~~~ 0.5 5",
											"fill ~9~-1~9 ~-9~-1~-9 farmland 1 replace farmland 0",
											"particle mc:water_drip_particle_2 ~~0.7~0.3"
										]
									}
								}
							}
						},
						"key": "components",
						"children": [
							{
								"data": "0.5",
								"key": "minecraft:destroy_time"
							},
							{
								"data": "1",
								"key": "minecraft:explosion_resistance"
							},
							{
								"key": "minecraft:pick_collision",
								"is_minified": true,
								"children": {
									"origin": [
										-5,
										0,
										-5
									],
									"size": [
										10,
										2,
										10
									]
								}
							},
							{
								"data": "false",
								"key": "minecraft:entity_collision"
							},
							{
								"open": {
									"minecraft:destroy_time": 0.5,
									"minecraft:explosion_resistance": 1,
									"minecraft:pick_collision": {
										"origin": [
											-5,
											0,
											-5
										],
										"size": [
											10,
											2,
											10
										]
									},
									"minecraft:entity_collision": false,
									"minecraft:on_interact": {
										"event": "uf:toggle"
									}
								},
								"key": "minecraft:on_interact",
								"is_minified": true,
								"children": {
									"event": "uf:toggle"
								}
							}
						]
					},
					{
						"open": {
							"description": {
								"identifier": "uf:sprinkler",
								"is_experimental": false,
								"properties": {
									"uf:is_active": [
										false,
										true
									],
									"uf:anim_state": [
										false,
										true
									]
								}
							},
							"components": {
								"minecraft:destroy_time": 0.5,
								"minecraft:explosion_resistance": 1,
								"minecraft:pick_collision": {
									"origin": [
										-5,
										0,
										-5
									],
									"size": [
										10,
										2,
										10
									]
								},
								"minecraft:entity_collision": false,
								"minecraft:on_interact": {
									"event": "uf:toggle"
								}
							},
							"permutations": [
								{
									"condition": "query.block_property('uf:is_active')",
									"components": {
										"minecraft:ticking": {
											"range": [
												0,
												0
											],
											"on_tick": {
												"event": "uf:water_particle"
											}
										}
									}
								}
							],
							"events": {
								"uf:toggle": {
									"set_block_property": {
										"uf:is_active": "query.block_property('uf:is_active')?false:true"
									}
								},
								"uf:water_particle": {
									"run_command": {
										"command": [
											"particle mc:water_drip_particle_2 ~~0.7~0.2",
											"playsound ambient.weather.rain @p ~~~ 0.5 5",
											"fill ~9~-1~9 ~-9~-1~-9 farmland 1 replace farmland 0",
											"particle mc:water_drip_particle_2 ~~0.7~0.3"
										]
									}
								}
							}
						},
						"key": "permutations",
						"children": [
							{
								"open": [
									{
										"condition": "query.block_property('uf:is_active')",
										"components": {
											"minecraft:ticking": {
												"range": [
													0,
													0
												],
												"on_tick": {
													"event": "uf:water_particle"
												}
											}
										}
									}
								],
								"children": [
									{
										"open": {
											"condition": "query.block_property('uf:is_active')",
											"components": {
												"minecraft:ticking": {
													"range": [
														0,
														0
													],
													"on_tick": {
														"event": "uf:water_particle"
													}
												}
											}
										},
										"data": "query.block_property('uf:is_active')",
										"key": "condition"
									},
									{
										"open": {
											"condition": "query.block_property('uf:is_active')",
											"components": {
												"minecraft:ticking": {
													"range": [
														0,
														0
													],
													"on_tick": {
														"event": "uf:water_particle"
													}
												}
											}
										},
										"key": "components",
										"children": [
											{
												"open": {
													"minecraft:ticking": {
														"range": [
															0,
															0
														],
														"on_tick": {
															"event": "uf:water_particle"
														}
													}
												},
												"key": "minecraft:ticking",
												"children": [
													{
														"open": {
															"range": [
																0,
																0
															],
															"on_tick": {
																"event": "uf:water_particle"
															}
														},
														"key": "range",
														"is_minified": true,
														"children": [
															0,
															0
														]
													},
													{
														"open": {
															"range": [
																0,
																0
															],
															"on_tick": {
																"event": "uf:water_particle"
															}
														},
														"key": "on_tick",
														"is_minified": true,
														"children": {
															"event": "uf:water_particle"
														}
													}
												]
											}
										]
									}
								]
							}
						]
					},
					{
						"open": {
							"description": {
								"identifier": "uf:sprinkler",
								"is_experimental": false,
								"properties": {
									"uf:is_active": [
										false,
										true
									],
									"uf:anim_state": [
										false,
										true
									]
								}
							},
							"components": {
								"minecraft:destroy_time": 0.5,
								"minecraft:explosion_resistance": 1,
								"minecraft:pick_collision": {
									"origin": [
										-5,
										0,
										-5
									],
									"size": [
										10,
										2,
										10
									]
								},
								"minecraft:entity_collision": false,
								"minecraft:on_interact": {
									"event": "uf:toggle"
								}
							},
							"permutations": [
								{
									"condition": "query.block_property('uf:is_active')",
									"components": {
										"minecraft:ticking": {
											"range": [
												0,
												0
											],
											"on_tick": {
												"event": "uf:water_particle"
											}
										}
									}
								}
							],
							"events": {
								"uf:toggle": {
									"set_block_property": {
										"uf:is_active": "query.block_property('uf:is_active')?false:true"
									}
								},
								"uf:water_particle": {
									"run_command": {
										"command": [
											"particle mc:water_drip_particle_2 ~~0.7~0.2",
											"playsound ambient.weather.rain @p ~~~ 0.5 5",
											"fill ~9~-1~9 ~-9~-1~-9 farmland 1 replace farmland 0",
											"particle mc:water_drip_particle_2 ~~0.7~0.3"
										]
									}
								}
							}
						},
						"key": "events",
						"children": [
							{
								"key": "uf:toggle",
								"children": [
									{
										"open": {
											"set_block_property": {
												"uf:is_active": "query.block_property('uf:is_active')?false:true"
											}
										},
										"key": "set_block_property",
										"is_minified": true,
										"children": {
											"uf:is_active": "query.block_property('uf:is_active')?false:true"
										}
									}
								]
							},
							{
								"open": {
									"uf:toggle": {
										"set_block_property": {
											"uf:is_active": "query.block_property('uf:is_active')?false:true"
										}
									},
									"uf:water_particle": {
										"run_command": {
											"command": [
												"particle mc:water_drip_particle_2 ~~0.7~0.2",
												"playsound ambient.weather.rain @p ~~~ 0.5 5",
												"fill ~9~-1~9 ~-9~-1~-9 farmland 1 replace farmland 0",
												"particle mc:water_drip_particle_2 ~~0.7~0.3"
											]
										}
									}
								},
								"key": "uf:water_particle",
								"is_minified": true,
								"children": {
									"run_command": {
										"command": [
											"particle mc:water_drip_particle_2 ~~0.7~0.2",
											"playsound ambient.weather.rain @p ~~~ 0.5 5",
											"fill ~9~-1~9 ~-9~-1~-9 farmland 1 replace farmland 0",
											"particle mc:water_drip_particle_2 ~~0.7~0.3"
										]
									}
								}
							}
						]
					}
				]
			}
		]
	}
}