{
	"file_path": "C:\\Users\\chupi\\AppData\\Local\\Packages\\Microsoft.MinecraftUWP_8wekyb3d8bbwe\\LocalState\\games\\com.mojang\\development_behavior_packs\\Ultra Farming Addon\\blocks\\sushi_set.json",
	"file_type": "block",
	"format_version": 1,
	"file_uuid": "a3b771a9_8914_4032_81f3_528361d689c0",
	"file_version": 17,
	"cache_content": {
		"children": [
			{
				"data": "1.16.0",
				"key": "format_version"
			},
			{
				"open": {
					"format_version": "1.16.0",
					"minecraft:block": {
						"description": {
							"identifier": "uf:sushi_set",
							"is_experimental": true,
							"properties": {
								"sushi:stage": [
									0,
									1,
									2,
									3,
									4
								]
							}
						},
						"components": {
							"minecraft:destroy_time": 0.2,
							"minecraft:explosion_resistance": 1,
							"minecraft:on_interact": {
								"event": "eat_sushi"
							},
							"minecraft:geometry": "geometry.sushi_set",
							"minecraft:material_instances": {
								"*": {
									"texture": "uf_sushi_set"
								}
							},
							"minecraft:block_light_absorption": 0,
							"minecraft:pick_collision": {
								"origin": [
									-5,
									0,
									-5
								],
								"size": [
									10,
									3,
									10
								]
							},
							"minecraft:entity_collision": {
								"origin": [
									-5,
									0,
									-5
								],
								"size": [
									10,
									3,
									10
								]
							},
							"minecraft:loot": "loot_tables/sushi_set.json",
							"minecraft:block_light_emission": 0
						},
						"permutations": [
							{
								"condition": "query.block_property('sushi:stage') == 1",
								"components": {
									"minecraft:geometry": "geometry.sushi_set_1"
								}
							},
							{
								"condition": "query.block_property('sushi:stage') == 2",
								"components": {
									"minecraft:geometry": "geometry.sushi_set_2"
								}
							},
							{
								"condition": "query.block_property('sushi:stage') == 3",
								"components": {
									"minecraft:geometry": "geometry.sushi_set_3"
								}
							},
							{
								"condition": "query.block_property('sushi:stage') == 4",
								"components": {
									"minecraft:geometry": "geometry.sushi_set_4",
									"minecraft:on_interact": {
										"event": "nothing"
									}
								}
							}
						],
						"events": {
							"eat_sushi": {
								"set_block_property": {
									"sushi:stage": "query.block_property('sushi:stage') + 1"
								},
								"add_mob_effect": {
									"effect": "saturation",
									"duration": 1,
									"amplifier": 3
								}
							}
						}
					}
				},
				"key": "minecraft:block",
				"children": [
					{
						"open": {
							"description": {
								"identifier": "uf:sushi_set",
								"is_experimental": true,
								"properties": {
									"sushi:stage": [
										0,
										1,
										2,
										3,
										4
									]
								}
							},
							"components": {
								"minecraft:destroy_time": 0.2,
								"minecraft:explosion_resistance": 1,
								"minecraft:on_interact": {
									"event": "eat_sushi"
								},
								"minecraft:geometry": "geometry.sushi_set",
								"minecraft:material_instances": {
									"*": {
										"texture": "uf_sushi_set"
									}
								},
								"minecraft:block_light_absorption": 0,
								"minecraft:pick_collision": {
									"origin": [
										-5,
										0,
										-5
									],
									"size": [
										10,
										3,
										10
									]
								},
								"minecraft:entity_collision": {
									"origin": [
										-5,
										0,
										-5
									],
									"size": [
										10,
										3,
										10
									]
								},
								"minecraft:loot": "loot_tables/sushi_set.json",
								"minecraft:block_light_emission": 0
							},
							"permutations": [
								{
									"condition": "query.block_property('sushi:stage') == 1",
									"components": {
										"minecraft:geometry": "geometry.sushi_set_1"
									}
								},
								{
									"condition": "query.block_property('sushi:stage') == 2",
									"components": {
										"minecraft:geometry": "geometry.sushi_set_2"
									}
								},
								{
									"condition": "query.block_property('sushi:stage') == 3",
									"components": {
										"minecraft:geometry": "geometry.sushi_set_3"
									}
								},
								{
									"condition": "query.block_property('sushi:stage') == 4",
									"components": {
										"minecraft:geometry": "geometry.sushi_set_4",
										"minecraft:on_interact": {
											"event": "nothing"
										}
									}
								}
							],
							"events": {
								"eat_sushi": {
									"set_block_property": {
										"sushi:stage": "query.block_property('sushi:stage') + 1"
									},
									"add_mob_effect": {
										"effect": "saturation",
										"duration": 1,
										"amplifier": 3
									}
								}
							}
						},
						"key": "description",
						"children": [
							{
								"data": "uf:sushi_set",
								"key": "identifier"
							},
							{
								"data": "true",
								"key": "is_experimental"
							},
							{
								"open": {
									"identifier": "uf:sushi_set",
									"is_experimental": true,
									"properties": {
										"sushi:stage": [
											0,
											1,
											2,
											3,
											4
										]
									}
								},
								"key": "properties",
								"children": [
									{
										"open": {
											"sushi:stage": [
												0,
												1,
												2,
												3,
												4
											]
										},
										"key": "sushi:stage",
										"is_minified": true,
										"children": [
											0,
											1,
											2,
											3,
											4
										]
									}
								]
							}
						]
					},
					{
						"open": {
							"description": {
								"identifier": "uf:sushi_set",
								"is_experimental": true,
								"properties": {
									"sushi:stage": [
										0,
										1,
										2,
										3,
										4
									]
								}
							},
							"components": {
								"minecraft:destroy_time": 0.2,
								"minecraft:explosion_resistance": 1,
								"minecraft:on_interact": {
									"event": "eat_sushi"
								},
								"minecraft:geometry": "geometry.sushi_set",
								"minecraft:material_instances": {
									"*": {
										"texture": "uf_sushi_set"
									}
								},
								"minecraft:block_light_absorption": 0,
								"minecraft:pick_collision": {
									"origin": [
										-5,
										0,
										-5
									],
									"size": [
										10,
										3,
										10
									]
								},
								"minecraft:entity_collision": {
									"origin": [
										-5,
										0,
										-5
									],
									"size": [
										10,
										3,
										10
									]
								},
								"minecraft:loot": "loot_tables/sushi_set.json",
								"minecraft:block_light_emission": 0
							},
							"permutations": [
								{
									"condition": "query.block_property('sushi:stage') == 1",
									"components": {
										"minecraft:geometry": "geometry.sushi_set_1"
									}
								},
								{
									"condition": "query.block_property('sushi:stage') == 2",
									"components": {
										"minecraft:geometry": "geometry.sushi_set_2"
									}
								},
								{
									"condition": "query.block_property('sushi:stage') == 3",
									"components": {
										"minecraft:geometry": "geometry.sushi_set_3"
									}
								},
								{
									"condition": "query.block_property('sushi:stage') == 4",
									"components": {
										"minecraft:geometry": "geometry.sushi_set_4",
										"minecraft:on_interact": {
											"event": "nothing"
										}
									}
								}
							],
							"events": {
								"eat_sushi": {
									"set_block_property": {
										"sushi:stage": "query.block_property('sushi:stage') + 1"
									},
									"add_mob_effect": {
										"effect": "saturation",
										"duration": 1,
										"amplifier": 3
									}
								}
							}
						},
						"key": "components",
						"children": [
							{
								"data": "0.2",
								"key": "minecraft:destroy_time"
							},
							{
								"data": "1",
								"key": "minecraft:explosion_resistance"
							},
							{
								"key": "minecraft:on_interact",
								"is_minified": true,
								"children": {
									"event": "eat_sushi"
								}
							},
							{
								"data": "geometry.sushi_set",
								"key": "minecraft:geometry"
							},
							{
								"key": "minecraft:material_instances",
								"children": [
									{
										"open": {
											"*": {
												"texture": "uf_sushi_set"
											}
										},
										"key": "*",
										"is_minified": true,
										"children": {
											"texture": "uf_sushi_set"
										}
									}
								]
							},
							{
								"data": "0.0",
								"key": "minecraft:block_light_absorption"
							},
							{
								"key": "minecraft:pick_collision",
								"children": [
									{
										"open": {
											"origin": [
												-5,
												0,
												-5
											],
											"size": [
												10,
												3,
												10
											]
										},
										"key": "origin",
										"is_minified": true,
										"children": [
											-5,
											0,
											-5
										]
									},
									{
										"open": {
											"origin": [
												-5,
												0,
												-5
											],
											"size": [
												10,
												3,
												10
											]
										},
										"key": "size",
										"is_minified": true,
										"children": [
											10,
											3,
											10
										]
									}
								]
							},
							{
								"key": "minecraft:entity_collision",
								"is_minified": true,
								"children": {
									"origin": [
										-5,
										0,
										-5
									],
									"size": [
										10,
										3,
										10
									]
								}
							},
							{
								"open": {
									"minecraft:destroy_time": 0.2,
									"minecraft:explosion_resistance": 1,
									"minecraft:on_interact": {
										"event": "eat_sushi"
									},
									"minecraft:geometry": "geometry.sushi_set",
									"minecraft:material_instances": {
										"*": {
											"texture": "uf_sushi_set"
										}
									},
									"minecraft:block_light_absorption": 0,
									"minecraft:pick_collision": {
										"origin": [
											-5,
											0,
											-5
										],
										"size": [
											10,
											3,
											10
										]
									},
									"minecraft:entity_collision": {
										"origin": [
											-5,
											0,
											-5
										],
										"size": [
											10,
											3,
											10
										]
									},
									"minecraft:loot": "loot_tables/sushi_set.json",
									"minecraft:block_light_emission": 0
								},
								"data": "loot_tables/sushi_set.json",
								"key": "minecraft:loot"
							},
							{
								"data": "0.0",
								"key": "minecraft:block_light_emission"
							}
						]
					},
					{
						"open": {
							"description": {
								"identifier": "uf:sushi_set",
								"is_experimental": true,
								"properties": {
									"sushi:stage": [
										0,
										1,
										2,
										3,
										4
									]
								}
							},
							"components": {
								"minecraft:destroy_time": 0.2,
								"minecraft:explosion_resistance": 1,
								"minecraft:on_interact": {
									"event": "eat_sushi"
								},
								"minecraft:geometry": "geometry.sushi_set",
								"minecraft:material_instances": {
									"*": {
										"texture": "uf_sushi_set"
									}
								},
								"minecraft:block_light_absorption": 0,
								"minecraft:pick_collision": {
									"origin": [
										-5,
										0,
										-5
									],
									"size": [
										10,
										3,
										10
									]
								},
								"minecraft:entity_collision": {
									"origin": [
										-5,
										0,
										-5
									],
									"size": [
										10,
										3,
										10
									]
								},
								"minecraft:loot": "loot_tables/sushi_set.json",
								"minecraft:block_light_emission": 0
							},
							"permutations": [
								{
									"condition": "query.block_property('sushi:stage') == 1",
									"components": {
										"minecraft:geometry": "geometry.sushi_set_1"
									}
								},
								{
									"condition": "query.block_property('sushi:stage') == 2",
									"components": {
										"minecraft:geometry": "geometry.sushi_set_2"
									}
								},
								{
									"condition": "query.block_property('sushi:stage') == 3",
									"components": {
										"minecraft:geometry": "geometry.sushi_set_3"
									}
								},
								{
									"condition": "query.block_property('sushi:stage') == 4",
									"components": {
										"minecraft:geometry": "geometry.sushi_set_4",
										"minecraft:on_interact": {
											"event": "nothing"
										}
									}
								}
							],
							"events": {
								"eat_sushi": {
									"set_block_property": {
										"sushi:stage": "query.block_property('sushi:stage') + 1"
									},
									"add_mob_effect": {
										"effect": "saturation",
										"duration": 1,
										"amplifier": 3
									}
								}
							}
						},
						"key": "permutations",
						"children": [
							{
								"open": [
									{
										"condition": "query.block_property('sushi:stage') == 1",
										"components": {
											"minecraft:geometry": "geometry.sushi_set_1"
										}
									},
									{
										"condition": "query.block_property('sushi:stage') == 2",
										"components": {
											"minecraft:geometry": "geometry.sushi_set_2"
										}
									},
									{
										"condition": "query.block_property('sushi:stage') == 3",
										"components": {
											"minecraft:geometry": "geometry.sushi_set_3"
										}
									},
									{
										"condition": "query.block_property('sushi:stage') == 4",
										"components": {
											"minecraft:geometry": "geometry.sushi_set_4",
											"minecraft:on_interact": {
												"event": "nothing"
											}
										}
									}
								],
								"is_minified": true,
								"children": {
									"condition": "query.block_property('sushi:stage') == 1",
									"components": {
										"minecraft:geometry": "geometry.sushi_set_1"
									}
								}
							},
							{
								"open": [
									{
										"condition": "query.block_property('sushi:stage') == 1",
										"components": {
											"minecraft:geometry": "geometry.sushi_set_1"
										}
									},
									{
										"condition": "query.block_property('sushi:stage') == 2",
										"components": {
											"minecraft:geometry": "geometry.sushi_set_2"
										}
									},
									{
										"condition": "query.block_property('sushi:stage') == 3",
										"components": {
											"minecraft:geometry": "geometry.sushi_set_3"
										}
									},
									{
										"condition": "query.block_property('sushi:stage') == 4",
										"components": {
											"minecraft:geometry": "geometry.sushi_set_4",
											"minecraft:on_interact": {
												"event": "nothing"
											}
										}
									}
								],
								"children": [
									{
										"open": {
											"condition": "query.block_property('sushi:stage') == 2",
											"components": {
												"minecraft:geometry": "geometry.sushi_set_2"
											}
										},
										"data": "query.block_property('sushi:stage') == 2",
										"key": "condition"
									},
									{
										"open": {
											"condition": "query.block_property('sushi:stage') == 2",
											"components": {
												"minecraft:geometry": "geometry.sushi_set_2"
											}
										},
										"key": "components",
										"is_minified": true,
										"children": {
											"minecraft:geometry": "geometry.sushi_set_2"
										}
									}
								]
							},
							{
								"open": [
									{
										"condition": "query.block_property('sushi:stage') == 1",
										"components": {
											"minecraft:geometry": "geometry.sushi_set_1"
										}
									},
									{
										"condition": "query.block_property('sushi:stage') == 2",
										"components": {
											"minecraft:geometry": "geometry.sushi_set_2"
										}
									},
									{
										"condition": "query.block_property('sushi:stage') == 3",
										"components": {
											"minecraft:geometry": "geometry.sushi_set_3"
										}
									},
									{
										"condition": "query.block_property('sushi:stage') == 4",
										"components": {
											"minecraft:geometry": "geometry.sushi_set_4",
											"minecraft:on_interact": {
												"event": "nothing"
											}
										}
									}
								],
								"children": [
									{
										"open": {
											"condition": "query.block_property('sushi:stage') == 3",
											"components": {
												"minecraft:geometry": "geometry.sushi_set_3"
											}
										},
										"data": "query.block_property('sushi:stage') == 3",
										"key": "condition"
									},
									{
										"open": {
											"condition": "query.block_property('sushi:stage') == 3",
											"components": {
												"minecraft:geometry": "geometry.sushi_set_3"
											}
										},
										"key": "components",
										"is_minified": true,
										"children": {
											"minecraft:geometry": "geometry.sushi_set_3"
										}
									}
								]
							},
							{
								"open": [
									{
										"condition": "query.block_property('sushi:stage') == 1",
										"components": {
											"minecraft:geometry": "geometry.sushi_set_1"
										}
									},
									{
										"condition": "query.block_property('sushi:stage') == 2",
										"components": {
											"minecraft:geometry": "geometry.sushi_set_2"
										}
									},
									{
										"condition": "query.block_property('sushi:stage') == 3",
										"components": {
											"minecraft:geometry": "geometry.sushi_set_3"
										}
									},
									{
										"condition": "query.block_property('sushi:stage') == 4",
										"components": {
											"minecraft:geometry": "geometry.sushi_set_4",
											"minecraft:on_interact": {
												"event": "nothing"
											}
										}
									}
								],
								"children": [
									{
										"open": {
											"condition": "query.block_property('sushi:stage') == 4",
											"components": {
												"minecraft:geometry": "geometry.sushi_set_4",
												"minecraft:on_interact": {
													"event": "nothing"
												}
											}
										},
										"data": "query.block_property('sushi:stage') == 4",
										"key": "condition"
									},
									{
										"open": {
											"condition": "query.block_property('sushi:stage') == 4",
											"components": {
												"minecraft:geometry": "geometry.sushi_set_4",
												"minecraft:on_interact": {
													"event": "nothing"
												}
											}
										},
										"key": "components",
										"children": [
											{
												"open": {
													"minecraft:geometry": "geometry.sushi_set_4",
													"minecraft:on_interact": {
														"event": "nothing"
													}
												},
												"data": "geometry.sushi_set_4",
												"key": "minecraft:geometry"
											},
											{
												"open": {
													"minecraft:geometry": "geometry.sushi_set_4",
													"minecraft:on_interact": {
														"event": "nothing"
													}
												},
												"key": "minecraft:on_interact",
												"is_minified": true,
												"children": {
													"event": "nothing"
												}
											}
										]
									}
								]
							}
						]
					},
					{
						"open": {
							"description": {
								"identifier": "uf:sushi_set",
								"is_experimental": true,
								"properties": {
									"sushi:stage": [
										0,
										1,
										2,
										3,
										4
									]
								}
							},
							"components": {
								"minecraft:destroy_time": 0.2,
								"minecraft:explosion_resistance": 1,
								"minecraft:on_interact": {
									"event": "eat_sushi"
								},
								"minecraft:geometry": "geometry.sushi_set",
								"minecraft:material_instances": {
									"*": {
										"texture": "uf_sushi_set"
									}
								},
								"minecraft:block_light_absorption": 0,
								"minecraft:pick_collision": {
									"origin": [
										-5,
										0,
										-5
									],
									"size": [
										10,
										3,
										10
									]
								},
								"minecraft:entity_collision": {
									"origin": [
										-5,
										0,
										-5
									],
									"size": [
										10,
										3,
										10
									]
								},
								"minecraft:loot": "loot_tables/sushi_set.json",
								"minecraft:block_light_emission": 0
							},
							"permutations": [
								{
									"condition": "query.block_property('sushi:stage') == 1",
									"components": {
										"minecraft:geometry": "geometry.sushi_set_1"
									}
								},
								{
									"condition": "query.block_property('sushi:stage') == 2",
									"components": {
										"minecraft:geometry": "geometry.sushi_set_2"
									}
								},
								{
									"condition": "query.block_property('sushi:stage') == 3",
									"components": {
										"minecraft:geometry": "geometry.sushi_set_3"
									}
								},
								{
									"condition": "query.block_property('sushi:stage') == 4",
									"components": {
										"minecraft:geometry": "geometry.sushi_set_4",
										"minecraft:on_interact": {
											"event": "nothing"
										}
									}
								}
							],
							"events": {
								"eat_sushi": {
									"set_block_property": {
										"sushi:stage": "query.block_property('sushi:stage') + 1"
									},
									"add_mob_effect": {
										"effect": "saturation",
										"duration": 1,
										"amplifier": 3
									}
								}
							}
						},
						"key": "events",
						"children": [
							{
								"open": {
									"eat_sushi": {
										"set_block_property": {
											"sushi:stage": "query.block_property('sushi:stage') + 1"
										},
										"add_mob_effect": {
											"effect": "saturation",
											"duration": 1,
											"amplifier": 3
										}
									}
								},
								"key": "eat_sushi",
								"children": [
									{
										"open": {
											"set_block_property": {
												"sushi:stage": "query.block_property('sushi:stage') + 1"
											},
											"add_mob_effect": {
												"effect": "saturation",
												"duration": 1,
												"amplifier": 3
											}
										},
										"key": "set_block_property",
										"is_minified": true,
										"children": {
											"sushi:stage": "query.block_property('sushi:stage') + 1"
										}
									},
									{
										"open": {
											"set_block_property": {
												"sushi:stage": "query.block_property('sushi:stage') + 1"
											},
											"add_mob_effect": {
												"effect": "saturation",
												"duration": 1,
												"amplifier": 3
											}
										},
										"key": "add_mob_effect",
										"is_minified": true,
										"children": {
											"effect": "saturation",
											"duration": 1,
											"amplifier": 3
										}
									}
								]
							}
						]
					}
				]
			}
		]
	}
}