{
	"file_path": "C:\\Users\\chupi\\AppData\\Local\\Packages\\Microsoft.MinecraftUWP_8wekyb3d8bbwe\\LocalState\\games\\com.mojang\\development_behavior_packs\\Ultra Farming Addon\\blocks\\tiny_red_mushroom.json",
	"file_type": "block",
	"format_version": 1,
	"file_uuid": "d8b05cd9_4b5a_490a_aced_bb389cfb9c2b",
	"file_version": 13,
	"cache_content": {
		"children": [
			{
				"data": "1.16.0",
				"key": "format_version"
			},
			{
				"open": {
					"format_version": "1.16.0",
					"minecraft:block": {
						"description": {
							"identifier": "uf:tiny_red_mushroom",
							"is_experimental": false
						},
						"components": {
							"minecraft:destroy_time": 0,
							"minecraft:explosion_resistance": 1,
							"minecraft:loot": "nothing",
							"minecraft:geometry": "geometry.plantv3",
							"minecraft:material_instances": {
								"*": {
									"texture": "uf_tiny_red_mushroom",
									"render_method": "alpha_test",
									"face_dimming": false
								}
							},
							"minecraft:entity_collision": false,
							"minecraft:block_light_absorption": 0,
							"minecraft:pick_collision": {
								"origin": [
									-3,
									0,
									-3
								],
								"size": [
									6,
									4,
									6
								]
							},
							"minecraft:placement_filter": {
								"conditions": [
									{
										"block_filter": [
											"minecraft:farmland",
											"minecraft:dirt",
											"minecraft:grass"
										],
										"allowed_faces": [
											"up"
										]
									}
								]
							},
							"minecraft:ticking": {
								"range": [
									40,
									60
								],
								"on_tick": {
									"event": "uf:grow"
								}
							}
						},
						"events": {
							"uf:grow": {
								"run_command": {
									"command": [
										"setblock ~~~ red_mushroom"
									]
								}
							}
						}
					}
				},
				"key": "minecraft:block",
				"children": [
					{
						"open": {
							"description": {
								"identifier": "uf:tiny_red_mushroom",
								"is_experimental": false
							},
							"components": {
								"minecraft:destroy_time": 0,
								"minecraft:explosion_resistance": 1,
								"minecraft:loot": "nothing",
								"minecraft:geometry": "geometry.plantv3",
								"minecraft:material_instances": {
									"*": {
										"texture": "uf_tiny_red_mushroom",
										"render_method": "alpha_test",
										"face_dimming": false
									}
								},
								"minecraft:entity_collision": false,
								"minecraft:block_light_absorption": 0,
								"minecraft:pick_collision": {
									"origin": [
										-3,
										0,
										-3
									],
									"size": [
										6,
										4,
										6
									]
								},
								"minecraft:placement_filter": {
									"conditions": [
										{
											"block_filter": [
												"minecraft:farmland",
												"minecraft:dirt",
												"minecraft:grass"
											],
											"allowed_faces": [
												"up"
											]
										}
									]
								},
								"minecraft:ticking": {
									"range": [
										40,
										60
									],
									"on_tick": {
										"event": "uf:grow"
									}
								}
							},
							"events": {
								"uf:grow": {
									"run_command": {
										"command": [
											"setblock ~~~ red_mushroom"
										]
									}
								}
							}
						},
						"key": "description",
						"is_minified": true,
						"children": {
							"identifier": "uf:tiny_red_mushroom",
							"is_experimental": false
						}
					},
					{
						"open": {
							"description": {
								"identifier": "uf:tiny_red_mushroom",
								"is_experimental": false
							},
							"components": {
								"minecraft:destroy_time": 0,
								"minecraft:explosion_resistance": 1,
								"minecraft:loot": "nothing",
								"minecraft:geometry": "geometry.plantv3",
								"minecraft:material_instances": {
									"*": {
										"texture": "uf_tiny_red_mushroom",
										"render_method": "alpha_test",
										"face_dimming": false
									}
								},
								"minecraft:entity_collision": false,
								"minecraft:block_light_absorption": 0,
								"minecraft:pick_collision": {
									"origin": [
										-3,
										0,
										-3
									],
									"size": [
										6,
										4,
										6
									]
								},
								"minecraft:placement_filter": {
									"conditions": [
										{
											"block_filter": [
												"minecraft:farmland",
												"minecraft:dirt",
												"minecraft:grass"
											],
											"allowed_faces": [
												"up"
											]
										}
									]
								},
								"minecraft:ticking": {
									"range": [
										40,
										60
									],
									"on_tick": {
										"event": "uf:grow"
									}
								}
							},
							"events": {
								"uf:grow": {
									"run_command": {
										"command": [
											"setblock ~~~ red_mushroom"
										]
									}
								}
							}
						},
						"key": "components",
						"children": [
							{
								"data": "0",
								"key": "minecraft:destroy_time"
							},
							{
								"data": "1",
								"key": "minecraft:explosion_resistance"
							},
							{
								"data": "nothing",
								"key": "minecraft:loot"
							},
							{
								"data": "geometry.plantv3",
								"key": "minecraft:geometry"
							},
							{
								"open": {
									"minecraft:destroy_time": 0,
									"minecraft:explosion_resistance": 1,
									"minecraft:loot": "nothing",
									"minecraft:geometry": "geometry.plantv3",
									"minecraft:material_instances": {
										"*": {
											"texture": "uf_tiny_red_mushroom",
											"render_method": "alpha_test",
											"face_dimming": false
										}
									},
									"minecraft:entity_collision": false,
									"minecraft:block_light_absorption": 0,
									"minecraft:pick_collision": {
										"origin": [
											-3,
											0,
											-3
										],
										"size": [
											6,
											4,
											6
										]
									},
									"minecraft:placement_filter": {
										"conditions": [
											{
												"block_filter": [
													"minecraft:farmland",
													"minecraft:dirt",
													"minecraft:grass"
												],
												"allowed_faces": [
													"up"
												]
											}
										]
									},
									"minecraft:ticking": {
										"range": [
											40,
											60
										],
										"on_tick": {
											"event": "uf:grow"
										}
									}
								},
								"key": "minecraft:material_instances",
								"children": [
									{
										"open": {
											"*": {
												"texture": "uf_tiny_red_mushroom",
												"render_method": "alpha_test",
												"face_dimming": false
											}
										},
										"key": "*",
										"is_minified": true,
										"children": {
											"texture": "uf_tiny_red_mushroom",
											"render_method": "alpha_test",
											"face_dimming": false
										}
									}
								]
							},
							{
								"data": "false",
								"key": "minecraft:entity_collision"
							},
							{
								"data": "0.0",
								"key": "minecraft:block_light_absorption"
							},
							{
								"key": "minecraft:pick_collision",
								"is_minified": true,
								"children": {
									"origin": [
										-3,
										0,
										-3
									],
									"size": [
										6,
										4,
										6
									]
								}
							},
							{
								"key": "minecraft:placement_filter",
								"children": [
									{
										"key": "conditions",
										"children": [
											{
												"open": [
													{
														"block_filter": [
															"minecraft:farmland",
															"minecraft:dirt",
															"minecraft:grass"
														],
														"allowed_faces": [
															"up"
														]
													}
												],
												"children": [
													{
														"open": {
															"block_filter": [
																"minecraft:farmland",
																"minecraft:dirt",
																"minecraft:grass"
															],
															"allowed_faces": [
																"up"
															]
														},
														"key": "block_filter",
														"is_minified": true,
														"children": [
															"minecraft:farmland",
															"minecraft:dirt",
															"minecraft:grass"
														]
													},
													{
														"open": {
															"block_filter": [
																"minecraft:farmland",
																"minecraft:dirt",
																"minecraft:grass"
															],
															"allowed_faces": [
																"up"
															]
														},
														"key": "allowed_faces",
														"is_minified": true,
														"children": [
															"up"
														]
													}
												]
											}
										]
									}
								]
							},
							{
								"open": {
									"minecraft:destroy_time": 0,
									"minecraft:explosion_resistance": 1,
									"minecraft:loot": "nothing",
									"minecraft:geometry": "geometry.plantv3",
									"minecraft:material_instances": {
										"*": {
											"texture": "uf_tiny_red_mushroom",
											"render_method": "alpha_test",
											"face_dimming": false
										}
									},
									"minecraft:entity_collision": false,
									"minecraft:block_light_absorption": 0,
									"minecraft:pick_collision": {
										"origin": [
											-3,
											0,
											-3
										],
										"size": [
											6,
											4,
											6
										]
									},
									"minecraft:placement_filter": {
										"conditions": [
											{
												"block_filter": [
													"minecraft:farmland",
													"minecraft:dirt",
													"minecraft:grass"
												],
												"allowed_faces": [
													"up"
												]
											}
										]
									},
									"minecraft:ticking": {
										"range": [
											40,
											60
										],
										"on_tick": {
											"event": "uf:grow"
										}
									}
								},
								"key": "minecraft:ticking",
								"children": [
									{
										"open": {
											"range": [
												40,
												60
											],
											"on_tick": {
												"event": "uf:grow"
											}
										},
										"key": "range",
										"is_minified": true,
										"children": [
											40,
											60
										]
									},
									{
										"open": {
											"range": [
												40,
												60
											],
											"on_tick": {
												"event": "uf:grow"
											}
										},
										"key": "on_tick",
										"is_minified": true,
										"children": {
											"event": "uf:grow"
										}
									}
								]
							}
						]
					},
					{
						"open": {
							"description": {
								"identifier": "uf:tiny_red_mushroom",
								"is_experimental": false
							},
							"components": {
								"minecraft:destroy_time": 0,
								"minecraft:explosion_resistance": 1,
								"minecraft:loot": "nothing",
								"minecraft:geometry": "geometry.plantv3",
								"minecraft:material_instances": {
									"*": {
										"texture": "uf_tiny_red_mushroom",
										"render_method": "alpha_test",
										"face_dimming": false
									}
								},
								"minecraft:entity_collision": false,
								"minecraft:block_light_absorption": 0,
								"minecraft:pick_collision": {
									"origin": [
										-3,
										0,
										-3
									],
									"size": [
										6,
										4,
										6
									]
								},
								"minecraft:placement_filter": {
									"conditions": [
										{
											"block_filter": [
												"minecraft:farmland",
												"minecraft:dirt",
												"minecraft:grass"
											],
											"allowed_faces": [
												"up"
											]
										}
									]
								},
								"minecraft:ticking": {
									"range": [
										40,
										60
									],
									"on_tick": {
										"event": "uf:grow"
									}
								}
							},
							"events": {
								"uf:grow": {
									"run_command": {
										"command": [
											"setblock ~~~ red_mushroom"
										]
									}
								}
							}
						},
						"key": "events",
						"children": [
							{
								"open": {
									"uf:grow": {
										"run_command": {
											"command": [
												"setblock ~~~ red_mushroom"
											]
										}
									}
								},
								"key": "uf:grow",
								"children": [
									{
										"open": {
											"run_command": {
												"command": [
													"setblock ~~~ red_mushroom"
												]
											}
										},
										"key": "run_command",
										"children": [
											{
												"open": {
													"command": [
														"setblock ~~~ red_mushroom"
													]
												},
												"key": "command",
												"is_minified": true,
												"children": [
													"setblock ~~~ red_mushroom"
												]
											}
										]
									}
								]
							}
						]
					}
				]
			}
		]
	}
}