{
	"file_path": "C:\\Users\\chupi\\AppData\\Local\\Packages\\Microsoft.MinecraftUWP_8wekyb3d8bbwe\\LocalState\\games\\com.mojang\\development_behavior_packs\\Ultra Farming Addon\\loot_tables\\entities\\tractor.json",
	"file_type": "loot_table",
	"format_version": 0,
	"cache_content": {
		"pools": [
			{
				"rolls": 1,
				"entries": [
					{
						"type": "item",
						"name": "minecraft:leather",
						"weight": 1,
						"functions": [
							{
								"function": "set_count",
								"count": {
									"min": 0,
									"max": 2
								}
							},
							{
								"function": "looting_enchant",
								"count": {
									"min": 0,
									"max": 1
								}
							}
						]
					}
				]
			},
			{
				"rolls": 1,
				"entries": [
					{
						"type": "item",
						"name": "minecraft:beef",
						"weight": 1,
						"functions": [
							{
								"function": "set_count",
								"count": {
									"min": 1,
									"max": 3
								}
							},
							{
								"function": "furnace_smelt",
								"conditions": [
									{
										"condition": "entity_properties",
										"entity": "this",
										"properties": {
											"on_fire": true
										}
									}
								]
							},
							{
								"function": "looting_enchant",
								"count": {
									"min": 0,
									"max": 1
								}
							}
						]
					}
				]
			}
		]
	},
	"file_uuid": "e15ff4c3_a65d_4aea_920e_45c5c6adfef8"
}