{
	"file_path": "C:\\Users\\chupi\\AppData\\Local\\Packages\\Microsoft.MinecraftUWP_8wekyb3d8bbwe\\LocalState\\games\\com.mojang\\development_behavior_packs\\Ultra Farming Addon\\blocks\\furniture\\chese_mold.json",
	"file_type": "block",
	"format_version": 1,
	"file_uuid": "0b28b3b2_4507_4b47_b43b_7d74b186288f",
	"file_version": 15,
	"cache_content": {
		"children": [
			{
				"data": "1.16.0",
				"key": "format_version"
			},
			{
				"open": {
					"format_version": "1.16.0",
					"minecraft:block": {
						"description": {
							"identifier": "uf:chese_mold",
							"is_experimental": false,
							"properties": {
								"uf:stage": [
									0,
									1,
									2
								]
							}
						},
						"components": {
							"minecraft:destroy_time": 0.2,
							"minecraft:explosion_resistance": 1,
							"minecraft:geometry": "geometry.cheese_mold_empty",
							"minecraft:material_instances": {
								"*": {
									"texture": "uf_chese_mold",
									"render_method": "alpha_test"
								}
							},
							"minecraft:block_light_absorption": 0
						},
						"permutations": [
							{
								"condition": "query.block_property('uf:stage') == 0",
								"components": {
									"minecraft:geometry": "geometry.cheese_mold_empty",
									"minecraft:on_interact": {
										"event": "uf:start_cheese"
									}
								}
							},
							{
								"condition": "query.block_property('uf:stage') == 1",
								"components": {
									"minecraft:geometry": "geometry.cheese_mold_process",
									"minecraft:ticking": {
										"range": [
											1,
											1
										],
										"on_tick": {
											"event": "uf:finish_cheese"
										}
									}
								}
							},
							{
								"condition": "query.block_property('uf:stage') == 2",
								"components": {
									"minecraft:geometry": "geometry.cheese_mold_full",
									"minecraft:on_interact": {
										"event": "uf:take_cheese"
									}
								}
							}
						],
						"events": {
							"uf:start_cheese": {
								"set_block_property": {
									"uf:stage": 1
								},
								"decrement_stack": {}
							},
							"uf:finish_cheese": {
								"set_block_property": {
									"uf:stage": 2
								}
							},
							"uf:take_cheese": {
								"set_block_property": {
									"uf:stage": 0
								},
								"spawn_loot": {
									"table": "loot_tables/cheese.json"
								}
							}
						}
					}
				},
				"key": "minecraft:block",
				"children": [
					{
						"open": {
							"description": {
								"identifier": "uf:chese_mold",
								"is_experimental": false,
								"properties": {
									"uf:stage": [
										0,
										1,
										2
									]
								}
							},
							"components": {
								"minecraft:destroy_time": 0.2,
								"minecraft:explosion_resistance": 1,
								"minecraft:geometry": "geometry.cheese_mold_empty",
								"minecraft:material_instances": {
									"*": {
										"texture": "uf_chese_mold",
										"render_method": "alpha_test"
									}
								},
								"minecraft:block_light_absorption": 0
							},
							"permutations": [
								{
									"condition": "query.block_property('uf:stage') == 0",
									"components": {
										"minecraft:geometry": "geometry.cheese_mold_empty",
										"minecraft:on_interact": {
											"event": "uf:start_cheese"
										}
									}
								},
								{
									"condition": "query.block_property('uf:stage') == 1",
									"components": {
										"minecraft:geometry": "geometry.cheese_mold_process",
										"minecraft:ticking": {
											"range": [
												1,
												1
											],
											"on_tick": {
												"event": "uf:finish_cheese"
											}
										}
									}
								},
								{
									"condition": "query.block_property('uf:stage') == 2",
									"components": {
										"minecraft:geometry": "geometry.cheese_mold_full",
										"minecraft:on_interact": {
											"event": "uf:take_cheese"
										}
									}
								}
							],
							"events": {
								"uf:start_cheese": {
									"set_block_property": {
										"uf:stage": 1
									},
									"decrement_stack": {}
								},
								"uf:finish_cheese": {
									"set_block_property": {
										"uf:stage": 2
									}
								},
								"uf:take_cheese": {
									"set_block_property": {
										"uf:stage": 0
									},
									"spawn_loot": {
										"table": "loot_tables/cheese.json"
									}
								}
							}
						},
						"key": "description",
						"children": [
							{
								"data": "uf:chese_mold",
								"key": "identifier"
							},
							{
								"data": "false",
								"key": "is_experimental"
							},
							{
								"open": {
									"identifier": "uf:chese_mold",
									"is_experimental": false,
									"properties": {
										"uf:stage": [
											0,
											1,
											2
										]
									}
								},
								"key": "properties",
								"is_minified": true,
								"children": {
									"uf:stage": [
										0,
										1,
										2
									]
								}
							}
						]
					},
					{
						"open": {
							"description": {
								"identifier": "uf:chese_mold",
								"is_experimental": false,
								"properties": {
									"uf:stage": [
										0,
										1,
										2
									]
								}
							},
							"components": {
								"minecraft:destroy_time": 0.2,
								"minecraft:explosion_resistance": 1,
								"minecraft:geometry": "geometry.cheese_mold_empty",
								"minecraft:material_instances": {
									"*": {
										"texture": "uf_chese_mold",
										"render_method": "alpha_test"
									}
								},
								"minecraft:block_light_absorption": 0
							},
							"permutations": [
								{
									"condition": "query.block_property('uf:stage') == 0",
									"components": {
										"minecraft:geometry": "geometry.cheese_mold_empty",
										"minecraft:on_interact": {
											"event": "uf:start_cheese"
										}
									}
								},
								{
									"condition": "query.block_property('uf:stage') == 1",
									"components": {
										"minecraft:geometry": "geometry.cheese_mold_process",
										"minecraft:ticking": {
											"range": [
												1,
												1
											],
											"on_tick": {
												"event": "uf:finish_cheese"
											}
										}
									}
								},
								{
									"condition": "query.block_property('uf:stage') == 2",
									"components": {
										"minecraft:geometry": "geometry.cheese_mold_full",
										"minecraft:on_interact": {
											"event": "uf:take_cheese"
										}
									}
								}
							],
							"events": {
								"uf:start_cheese": {
									"set_block_property": {
										"uf:stage": 1
									},
									"decrement_stack": {}
								},
								"uf:finish_cheese": {
									"set_block_property": {
										"uf:stage": 2
									}
								},
								"uf:take_cheese": {
									"set_block_property": {
										"uf:stage": 0
									},
									"spawn_loot": {
										"table": "loot_tables/cheese.json"
									}
								}
							}
						},
						"key": "components",
						"children": [
							{
								"data": "0.2",
								"key": "minecraft:destroy_time"
							},
							{
								"data": "1",
								"key": "minecraft:explosion_resistance"
							},
							{
								"data": "geometry.cheese_mold_empty",
								"key": "minecraft:geometry"
							},
							{
								"key": "minecraft:material_instances",
								"children": [
									{
										"open": {
											"*": {
												"texture": "uf_chese_mold",
												"render_method": "alpha_test"
											}
										},
										"key": "*",
										"is_minified": true,
										"children": {
											"texture": "uf_chese_mold",
											"render_method": "alpha_test"
										}
									}
								]
							},
							{
								"data": "0.0",
								"key": "minecraft:block_light_absorption"
							}
						]
					},
					{
						"open": {
							"description": {
								"identifier": "uf:chese_mold",
								"is_experimental": false,
								"properties": {
									"uf:stage": [
										0,
										1,
										2
									]
								}
							},
							"components": {
								"minecraft:destroy_time": 0.2,
								"minecraft:explosion_resistance": 1,
								"minecraft:geometry": "geometry.cheese_mold_empty",
								"minecraft:material_instances": {
									"*": {
										"texture": "uf_chese_mold",
										"render_method": "alpha_test"
									}
								},
								"minecraft:block_light_absorption": 0
							},
							"permutations": [
								{
									"condition": "query.block_property('uf:stage') == 0",
									"components": {
										"minecraft:geometry": "geometry.cheese_mold_empty",
										"minecraft:on_interact": {
											"event": "uf:start_cheese"
										}
									}
								},
								{
									"condition": "query.block_property('uf:stage') == 1",
									"components": {
										"minecraft:geometry": "geometry.cheese_mold_process",
										"minecraft:ticking": {
											"range": [
												1,
												1
											],
											"on_tick": {
												"event": "uf:finish_cheese"
											}
										}
									}
								},
								{
									"condition": "query.block_property('uf:stage') == 2",
									"components": {
										"minecraft:geometry": "geometry.cheese_mold_full",
										"minecraft:on_interact": {
											"event": "uf:take_cheese"
										}
									}
								}
							],
							"events": {
								"uf:start_cheese": {
									"set_block_property": {
										"uf:stage": 1
									},
									"decrement_stack": {}
								},
								"uf:finish_cheese": {
									"set_block_property": {
										"uf:stage": 2
									}
								},
								"uf:take_cheese": {
									"set_block_property": {
										"uf:stage": 0
									},
									"spawn_loot": {
										"table": "loot_tables/cheese.json"
									}
								}
							}
						},
						"key": "permutations",
						"children": [
							{
								"children": [
									{
										"data": "query.block_property('uf:stage') == 0",
										"key": "condition"
									},
									{
										"open": {
											"condition": "query.block_property('uf:stage') == 0",
											"components": {
												"minecraft:geometry": "geometry.cheese_mold_empty",
												"minecraft:on_interact": {
													"event": "uf:start_cheese"
												}
											}
										},
										"key": "components",
										"children": [
											{
												"data": "geometry.cheese_mold_empty",
												"key": "minecraft:geometry"
											},
											{
												"open": {
													"minecraft:geometry": "geometry.cheese_mold_empty",
													"minecraft:on_interact": {
														"event": "uf:start_cheese"
													}
												},
												"key": "minecraft:on_interact",
												"is_minified": true,
												"children": {
													"event": "uf:start_cheese"
												}
											}
										]
									}
								]
							},
							{
								"children": [
									{
										"open": {
											"condition": "query.block_property('uf:stage') == 1",
											"components": {
												"minecraft:geometry": "geometry.cheese_mold_process",
												"minecraft:ticking": {
													"range": [
														1,
														1
													],
													"on_tick": {
														"event": "uf:finish_cheese"
													}
												}
											}
										},
										"data": "query.block_property('uf:stage') == 1",
										"key": "condition"
									},
									{
										"open": {
											"condition": "query.block_property('uf:stage') == 1",
											"components": {
												"minecraft:geometry": "geometry.cheese_mold_process",
												"minecraft:ticking": {
													"range": [
														1,
														1
													],
													"on_tick": {
														"event": "uf:finish_cheese"
													}
												}
											}
										},
										"key": "components",
										"children": [
											{
												"data": "geometry.cheese_mold_process",
												"key": "minecraft:geometry"
											},
											{
												"open": {
													"minecraft:geometry": "geometry.cheese_mold_process",
													"minecraft:ticking": {
														"range": [
															1,
															1
														],
														"on_tick": {
															"event": "uf:finish_cheese"
														}
													}
												},
												"key": "minecraft:ticking",
												"children": [
													{
														"key": "range",
														"is_minified": true,
														"children": [
															1,
															1
														]
													},
													{
														"open": {
															"range": [
																1,
																1
															],
															"on_tick": {
																"event": "uf:finish_cheese"
															}
														},
														"key": "on_tick",
														"is_minified": true,
														"children": {
															"event": "uf:finish_cheese"
														}
													}
												]
											}
										]
									}
								]
							},
							{
								"children": [
									{
										"open": {
											"condition": "query.block_property('uf:stage') == 2",
											"components": {
												"minecraft:geometry": "geometry.cheese_mold_full",
												"minecraft:on_interact": {
													"event": "uf:take_cheese"
												}
											}
										},
										"data": "query.block_property('uf:stage') == 2",
										"key": "condition"
									},
									{
										"open": {
											"condition": "query.block_property('uf:stage') == 2",
											"components": {
												"minecraft:geometry": "geometry.cheese_mold_full",
												"minecraft:on_interact": {
													"event": "uf:take_cheese"
												}
											}
										},
										"key": "components",
										"children": [
											{
												"open": {
													"minecraft:geometry": "geometry.cheese_mold_full",
													"minecraft:on_interact": {
														"event": "uf:take_cheese"
													}
												},
												"data": "geometry.cheese_mold_full",
												"key": "minecraft:geometry"
											},
											{
												"open": {
													"minecraft:geometry": "geometry.cheese_mold_full",
													"minecraft:on_interact": {
														"event": "uf:take_cheese"
													}
												},
												"key": "minecraft:on_interact",
												"is_minified": true,
												"children": {
													"event": "uf:take_cheese"
												}
											}
										]
									}
								]
							}
						]
					},
					{
						"open": {
							"description": {
								"identifier": "uf:chese_mold",
								"is_experimental": false,
								"properties": {
									"uf:stage": [
										0,
										1,
										2
									]
								}
							},
							"components": {
								"minecraft:destroy_time": 0.2,
								"minecraft:explosion_resistance": 1,
								"minecraft:geometry": "geometry.cheese_mold_empty",
								"minecraft:material_instances": {
									"*": {
										"texture": "uf_chese_mold",
										"render_method": "alpha_test"
									}
								},
								"minecraft:block_light_absorption": 0
							},
							"permutations": [
								{
									"condition": "query.block_property('uf:stage') == 0",
									"components": {
										"minecraft:geometry": "geometry.cheese_mold_empty",
										"minecraft:on_interact": {
											"event": "uf:start_cheese"
										}
									}
								},
								{
									"condition": "query.block_property('uf:stage') == 1",
									"components": {
										"minecraft:geometry": "geometry.cheese_mold_process",
										"minecraft:ticking": {
											"range": [
												1,
												1
											],
											"on_tick": {
												"event": "uf:finish_cheese"
											}
										}
									}
								},
								{
									"condition": "query.block_property('uf:stage') == 2",
									"components": {
										"minecraft:geometry": "geometry.cheese_mold_full",
										"minecraft:on_interact": {
											"event": "uf:take_cheese"
										}
									}
								}
							],
							"events": {
								"uf:start_cheese": {
									"set_block_property": {
										"uf:stage": 1
									},
									"decrement_stack": {}
								},
								"uf:finish_cheese": {
									"set_block_property": {
										"uf:stage": 2
									}
								},
								"uf:take_cheese": {
									"set_block_property": {
										"uf:stage": 0
									},
									"spawn_loot": {
										"table": "loot_tables/cheese.json"
									}
								}
							}
						},
						"key": "events",
						"children": [
							{
								"open": {
									"uf:start_cheese": {
										"set_block_property": {
											"uf:stage": 1
										},
										"decrement_stack": {}
									},
									"uf:finish_cheese": {
										"set_block_property": {
											"uf:stage": 2
										}
									},
									"uf:take_cheese": {
										"set_block_property": {
											"uf:stage": 0
										},
										"spawn_loot": {
											"table": "loot_tables/cheese.json"
										}
									}
								},
								"key": "uf:start_cheese",
								"is_minified": true,
								"children": {
									"set_block_property": {
										"uf:stage": 1
									},
									"decrement_stack": {}
								}
							},
							{
								"open": {
									"uf:start_cheese": {
										"set_block_property": {
											"uf:stage": 1
										},
										"decrement_stack": {}
									},
									"uf:finish_cheese": {
										"set_block_property": {
											"uf:stage": 2
										}
									},
									"uf:take_cheese": {
										"set_block_property": {
											"uf:stage": 0
										},
										"spawn_loot": {
											"table": "loot_tables/cheese.json"
										}
									}
								},
								"key": "uf:finish_cheese",
								"children": [
									{
										"open": {
											"set_block_property": {
												"uf:stage": 2
											}
										},
										"key": "set_block_property",
										"is_minified": true,
										"children": {
											"uf:stage": 2
										}
									}
								]
							},
							{
								"open": {
									"uf:start_cheese": {
										"set_block_property": {
											"uf:stage": 1
										},
										"decrement_stack": {}
									},
									"uf:finish_cheese": {
										"set_block_property": {
											"uf:stage": 2
										}
									},
									"uf:take_cheese": {
										"set_block_property": {
											"uf:stage": 0
										},
										"spawn_loot": {
											"table": "loot_tables/cheese.json"
										}
									}
								},
								"key": "uf:take_cheese",
								"children": [
									{
										"open": {
											"set_block_property": {
												"uf:stage": 0
											},
											"spawn_loot": {
												"table": "loot_tables/cheese.json"
											}
										},
										"key": "set_block_property",
										"is_minified": true,
										"children": {
											"uf:stage": 0
										}
									},
									{
										"open": {
											"set_block_property": {
												"uf:stage": 0
											},
											"spawn_loot": {
												"table": "loot_tables/cheese.json"
											}
										},
										"key": "spawn_loot",
										"is_minified": true,
										"children": {
											"table": "loot_tables/cheese.json"
										}
									}
								]
							}
						]
					}
				]
			}
		]
	}
}