{
	"file_path": "C:\\Users\\chupi\\AppData\\Local\\Packages\\Microsoft.MinecraftUWP_8wekyb3d8bbwe\\LocalState\\games\\com.mojang\\development_behavior_packs\\Ultra Farming Addon\\blocks\\furniture\\cut_table.json",
	"file_type": "block",
	"format_version": 1,
	"file_uuid": "06eb0313_7789_451a_b2d4_3b7ad62672f3",
	"file_version": 47,
	"cache_content": {
		"children": [
			{
				"data": "1.16.0",
				"key": "format_version"
			},
			{
				"open": {
					"format_version": "1.16.0",
					"minecraft:block": {
						"description": {
							"identifier": "uf:cut_table",
							"is_experimental": false,
							"properties": {
								"uf:food_type": [
									"knife",
									"pumpkin",
									"melon_block",
									"chicken",
									"cooked_chicken",
									"porkchop",
									"beef",
									"potato"
								]
							}
						},
						"components": {
							"minecraft:destroy_time": 0.2,
							"minecraft:explosion_resistance": 1,
							"minecraft:geometry": "geometry.cut_table",
							"minecraft:material_instances": {
								"*": {
									"texture": "uf_cut_table"
								}
							},
							"minecraft:block_light_absorption": 0,
							"minecraft:pick_collision": {
								"origin": [
									-5,
									0,
									-5
								],
								"size": [
									10,
									1,
									10
								]
							},
							"minecraft:entity_collision": {
								"origin": [
									-5,
									0,
									-5
								],
								"size": [
									10,
									1,
									10
								]
							},
							"minecraft:on_interact": {
								"event": "set_food"
							}
						},
						"permutations": [
							{
								"condition": "query.block_property('uf:food_type') == 'melon_block'",
								"components": {
									"minecraft:material_instances": {
										"*": {
											"texture": "uf_cut_table_melon"
										}
									},
									"minecraft:geometry": "geometry.cut_table_melon",
									"minecraft:on_interact": {
										"event": "cut_melon",
										"condition": "query.get_equipped_item_name == 'knife'"
									}
								}
							},
							{
								"condition": "query.block_property('uf:food_type') == 'chicken'",
								"components": {
									"minecraft:material_instances": {
										"*": {
											"texture": "uf_cut_table_raw_chicken"
										}
									},
									"minecraft:geometry": "geometry.cut_table_raw_chicken",
									"minecraft:on_interact": {
										"event": "cut_raw_chicken",
										"condition": "query.get_equipped_item_name == 'knife'"
									}
								}
							},
							{
								"condition": "query.block_property('uf:food_type') == 'cooked_chicken'",
								"components": {
									"minecraft:material_instances": {
										"*": {
											"texture": "uf_cut_table_cooked_chicken"
										}
									},
									"minecraft:geometry": "geometry.cut_table_raw_chicken",
									"minecraft:on_interact": {
										"event": "cut_cooked_chicken",
										"condition": "query.get_equipped_item_name == 'knife'"
									}
								}
							},
							{
								"condition": "query.block_property('uf:food_type') == 'pumpkin'",
								"components": {
									"minecraft:material_instances": {
										"*": {
											"texture": "uf_cut_table_pumpkin"
										}
									},
									"minecraft:geometry": "geometry.cut_table_melon",
									"minecraft:on_interact": {
										"event": "cut_pumpkin",
										"condition": "query.get_equipped_item_name == 'knife'"
									}
								}
							},
							{
								"condition": "query.block_property('uf:food_type') == 'porkchop'",
								"components": {
									"minecraft:material_instances": {
										"*": {
											"texture": "uf_cut_table_porkchop"
										}
									},
									"minecraft:geometry": "geometry.cut_table_meat",
									"minecraft:on_interact": {
										"event": "cut_porkchop",
										"condition": "query.get_equipped_item_name == 'knife'"
									}
								}
							},
							{
								"condition": "query.block_property('uf:food_type') == 'beef'",
								"components": {
									"minecraft:material_instances": {
										"*": {
											"texture": "uf_cut_table_beef"
										}
									},
									"minecraft:geometry": "geometry.cut_table_meat",
									"minecraft:on_interact": {
										"event": "cut_beef",
										"condition": "query.get_equipped_item_name == 'knife'"
									}
								}
							},
							{
								"condition": "query.block_property('uf:food_type') == 'potato'",
								"components": {
									"minecraft:material_instances": {
										"*": {
											"texture": "uf_cut_table_potato"
										}
									},
									"minecraft:geometry": "geometry.cut_table_potato",
									"minecraft:on_interact": {
										"event": "cut_potato",
										"condition": "query.get_equipped_item_name == 'knife'"
									}
								}
							}
						],
						"events": {
							"set_food": {
								"set_block_property": {
									"uf:food_type": "query.get_equipped_item_name"
								},
								"decrement_stack": {}
							},
							"cut_melon": {
								"spawn_loot": {
									"table": "loot_tables/cut_table/melon.json"
								},
								"set_block_property": {
									"uf:food_type": "query.get_equipped_item_name"
								}
							},
							"cut_raw_chicken": {
								"spawn_loot": {
									"table": "loot_tables/cut_table/raw_chicken.json"
								},
								"set_block_property": {
									"uf:food_type": "query.get_equipped_item_name"
								}
							},
							"cut_cooked_chicken": {
								"spawn_loot": {
									"table": "loot_tables/cut_table/cooked_chicken.json"
								},
								"set_block_property": {
									"uf:food_type": "query.get_equipped_item_name"
								}
							},
							"cut_pumpkin": {
								"spawn_loot": {
									"table": "loot_tables/cut_table/pumpkin.json"
								},
								"set_block_property": {
									"uf:food_type": "query.get_equipped_item_name"
								}
							},
							"cut_porkchop": {
								"spawn_loot": {
									"table": "loot_tables/cut_table/porkchop.json"
								},
								"set_block_property": {
									"uf:food_type": "query.get_equipped_item_name"
								}
							},
							"cut_beef": {
								"spawn_loot": {
									"table": "loot_tables/cut_table/beef.json"
								},
								"set_block_property": {
									"uf:food_type": "query.get_equipped_item_name"
								}
							},
							"cut_potato": {
								"spawn_loot": {
									"table": "loot_tables/cut_table/potato.json"
								},
								"set_block_property": {
									"uf:food_type": "query.get_equipped_item_name"
								}
							}
						}
					}
				},
				"key": "minecraft:block",
				"children": [
					{
						"open": {
							"description": {
								"identifier": "uf:cut_table",
								"is_experimental": false,
								"properties": {
									"uf:food_type": [
										"knife",
										"pumpkin",
										"melon_block",
										"chicken",
										"cooked_chicken",
										"porkchop",
										"beef",
										"potato"
									]
								}
							},
							"components": {
								"minecraft:destroy_time": 0.2,
								"minecraft:explosion_resistance": 1,
								"minecraft:geometry": "geometry.cut_table",
								"minecraft:material_instances": {
									"*": {
										"texture": "uf_cut_table"
									}
								},
								"minecraft:block_light_absorption": 0,
								"minecraft:pick_collision": {
									"origin": [
										-5,
										0,
										-5
									],
									"size": [
										10,
										1,
										10
									]
								},
								"minecraft:entity_collision": {
									"origin": [
										-5,
										0,
										-5
									],
									"size": [
										10,
										1,
										10
									]
								},
								"minecraft:on_interact": {
									"event": "set_food"
								}
							},
							"permutations": [
								{
									"condition": "query.block_property('uf:food_type') == 'melon_block'",
									"components": {
										"minecraft:material_instances": {
											"*": {
												"texture": "uf_cut_table_melon"
											}
										},
										"minecraft:geometry": "geometry.cut_table_melon",
										"minecraft:on_interact": {
											"event": "cut_melon",
											"condition": "query.get_equipped_item_name == 'knife'"
										}
									}
								},
								{
									"condition": "query.block_property('uf:food_type') == 'chicken'",
									"components": {
										"minecraft:material_instances": {
											"*": {
												"texture": "uf_cut_table_raw_chicken"
											}
										},
										"minecraft:geometry": "geometry.cut_table_raw_chicken",
										"minecraft:on_interact": {
											"event": "cut_raw_chicken",
											"condition": "query.get_equipped_item_name == 'knife'"
										}
									}
								},
								{
									"condition": "query.block_property('uf:food_type') == 'cooked_chicken'",
									"components": {
										"minecraft:material_instances": {
											"*": {
												"texture": "uf_cut_table_cooked_chicken"
											}
										},
										"minecraft:geometry": "geometry.cut_table_raw_chicken",
										"minecraft:on_interact": {
											"event": "cut_cooked_chicken",
											"condition": "query.get_equipped_item_name == 'knife'"
										}
									}
								},
								{
									"condition": "query.block_property('uf:food_type') == 'pumpkin'",
									"components": {
										"minecraft:material_instances": {
											"*": {
												"texture": "uf_cut_table_pumpkin"
											}
										},
										"minecraft:geometry": "geometry.cut_table_melon",
										"minecraft:on_interact": {
											"event": "cut_pumpkin",
											"condition": "query.get_equipped_item_name == 'knife'"
										}
									}
								},
								{
									"condition": "query.block_property('uf:food_type') == 'porkchop'",
									"components": {
										"minecraft:material_instances": {
											"*": {
												"texture": "uf_cut_table_porkchop"
											}
										},
										"minecraft:geometry": "geometry.cut_table_meat",
										"minecraft:on_interact": {
											"event": "cut_porkchop",
											"condition": "query.get_equipped_item_name == 'knife'"
										}
									}
								},
								{
									"condition": "query.block_property('uf:food_type') == 'beef'",
									"components": {
										"minecraft:material_instances": {
											"*": {
												"texture": "uf_cut_table_beef"
											}
										},
										"minecraft:geometry": "geometry.cut_table_meat",
										"minecraft:on_interact": {
											"event": "cut_beef",
											"condition": "query.get_equipped_item_name == 'knife'"
										}
									}
								},
								{
									"condition": "query.block_property('uf:food_type') == 'potato'",
									"components": {
										"minecraft:material_instances": {
											"*": {
												"texture": "uf_cut_table_potato"
											}
										},
										"minecraft:geometry": "geometry.cut_table_potato",
										"minecraft:on_interact": {
											"event": "cut_potato",
											"condition": "query.get_equipped_item_name == 'knife'"
										}
									}
								}
							],
							"events": {
								"set_food": {
									"set_block_property": {
										"uf:food_type": "query.get_equipped_item_name"
									},
									"decrement_stack": {}
								},
								"cut_melon": {
									"spawn_loot": {
										"table": "loot_tables/cut_table/melon.json"
									},
									"set_block_property": {
										"uf:food_type": "query.get_equipped_item_name"
									}
								},
								"cut_raw_chicken": {
									"spawn_loot": {
										"table": "loot_tables/cut_table/raw_chicken.json"
									},
									"set_block_property": {
										"uf:food_type": "query.get_equipped_item_name"
									}
								},
								"cut_cooked_chicken": {
									"spawn_loot": {
										"table": "loot_tables/cut_table/cooked_chicken.json"
									},
									"set_block_property": {
										"uf:food_type": "query.get_equipped_item_name"
									}
								},
								"cut_pumpkin": {
									"spawn_loot": {
										"table": "loot_tables/cut_table/pumpkin.json"
									},
									"set_block_property": {
										"uf:food_type": "query.get_equipped_item_name"
									}
								},
								"cut_porkchop": {
									"spawn_loot": {
										"table": "loot_tables/cut_table/porkchop.json"
									},
									"set_block_property": {
										"uf:food_type": "query.get_equipped_item_name"
									}
								},
								"cut_beef": {
									"spawn_loot": {
										"table": "loot_tables/cut_table/beef.json"
									},
									"set_block_property": {
										"uf:food_type": "query.get_equipped_item_name"
									}
								},
								"cut_potato": {
									"spawn_loot": {
										"table": "loot_tables/cut_table/potato.json"
									},
									"set_block_property": {
										"uf:food_type": "query.get_equipped_item_name"
									}
								}
							}
						},
						"key": "description",
						"children": [
							{
								"data": "uf:cut_table",
								"key": "identifier"
							},
							{
								"data": "false",
								"key": "is_experimental"
							},
							{
								"open": {
									"identifier": "uf:cut_table",
									"is_experimental": false,
									"properties": {
										"uf:food_type": [
											"knife",
											"pumpkin",
											"melon_block",
											"chicken",
											"cooked_chicken",
											"porkchop",
											"beef",
											"potato"
										]
									}
								},
								"key": "properties",
								"children": [
									{
										"open": {
											"uf:food_type": [
												"knife",
												"pumpkin",
												"melon_block",
												"chicken",
												"cooked_chicken",
												"porkchop",
												"beef",
												"potato"
											]
										},
										"key": "uf:food_type",
										"is_minified": true,
										"children": [
											"knife",
											"pumpkin",
											"melon_block",
											"chicken",
											"cooked_chicken",
											"porkchop",
											"beef",
											"potato"
										]
									}
								]
							}
						]
					},
					{
						"open": {
							"description": {
								"identifier": "uf:cut_table",
								"is_experimental": false,
								"properties": {
									"uf:food_type": [
										"knife",
										"pumpkin",
										"melon_block",
										"chicken",
										"cooked_chicken",
										"porkchop",
										"beef",
										"potato"
									]
								}
							},
							"components": {
								"minecraft:destroy_time": 0.2,
								"minecraft:explosion_resistance": 1,
								"minecraft:geometry": "geometry.cut_table",
								"minecraft:material_instances": {
									"*": {
										"texture": "uf_cut_table"
									}
								},
								"minecraft:block_light_absorption": 0,
								"minecraft:pick_collision": {
									"origin": [
										-5,
										0,
										-5
									],
									"size": [
										10,
										1,
										10
									]
								},
								"minecraft:entity_collision": {
									"origin": [
										-5,
										0,
										-5
									],
									"size": [
										10,
										1,
										10
									]
								},
								"minecraft:on_interact": {
									"event": "set_food"
								}
							},
							"permutations": [
								{
									"condition": "query.block_property('uf:food_type') == 'melon_block'",
									"components": {
										"minecraft:material_instances": {
											"*": {
												"texture": "uf_cut_table_melon"
											}
										},
										"minecraft:geometry": "geometry.cut_table_melon",
										"minecraft:on_interact": {
											"event": "cut_melon",
											"condition": "query.get_equipped_item_name == 'knife'"
										}
									}
								},
								{
									"condition": "query.block_property('uf:food_type') == 'chicken'",
									"components": {
										"minecraft:material_instances": {
											"*": {
												"texture": "uf_cut_table_raw_chicken"
											}
										},
										"minecraft:geometry": "geometry.cut_table_raw_chicken",
										"minecraft:on_interact": {
											"event": "cut_raw_chicken",
											"condition": "query.get_equipped_item_name == 'knife'"
										}
									}
								},
								{
									"condition": "query.block_property('uf:food_type') == 'cooked_chicken'",
									"components": {
										"minecraft:material_instances": {
											"*": {
												"texture": "uf_cut_table_cooked_chicken"
											}
										},
										"minecraft:geometry": "geometry.cut_table_raw_chicken",
										"minecraft:on_interact": {
											"event": "cut_cooked_chicken",
											"condition": "query.get_equipped_item_name == 'knife'"
										}
									}
								},
								{
									"condition": "query.block_property('uf:food_type') == 'pumpkin'",
									"components": {
										"minecraft:material_instances": {
											"*": {
												"texture": "uf_cut_table_pumpkin"
											}
										},
										"minecraft:geometry": "geometry.cut_table_melon",
										"minecraft:on_interact": {
											"event": "cut_pumpkin",
											"condition": "query.get_equipped_item_name == 'knife'"
										}
									}
								},
								{
									"condition": "query.block_property('uf:food_type') == 'porkchop'",
									"components": {
										"minecraft:material_instances": {
											"*": {
												"texture": "uf_cut_table_porkchop"
											}
										},
										"minecraft:geometry": "geometry.cut_table_meat",
										"minecraft:on_interact": {
											"event": "cut_porkchop",
											"condition": "query.get_equipped_item_name == 'knife'"
										}
									}
								},
								{
									"condition": "query.block_property('uf:food_type') == 'beef'",
									"components": {
										"minecraft:material_instances": {
											"*": {
												"texture": "uf_cut_table_beef"
											}
										},
										"minecraft:geometry": "geometry.cut_table_meat",
										"minecraft:on_interact": {
											"event": "cut_beef",
											"condition": "query.get_equipped_item_name == 'knife'"
										}
									}
								},
								{
									"condition": "query.block_property('uf:food_type') == 'potato'",
									"components": {
										"minecraft:material_instances": {
											"*": {
												"texture": "uf_cut_table_potato"
											}
										},
										"minecraft:geometry": "geometry.cut_table_potato",
										"minecraft:on_interact": {
											"event": "cut_potato",
											"condition": "query.get_equipped_item_name == 'knife'"
										}
									}
								}
							],
							"events": {
								"set_food": {
									"set_block_property": {
										"uf:food_type": "query.get_equipped_item_name"
									},
									"decrement_stack": {}
								},
								"cut_melon": {
									"spawn_loot": {
										"table": "loot_tables/cut_table/melon.json"
									},
									"set_block_property": {
										"uf:food_type": "query.get_equipped_item_name"
									}
								},
								"cut_raw_chicken": {
									"spawn_loot": {
										"table": "loot_tables/cut_table/raw_chicken.json"
									},
									"set_block_property": {
										"uf:food_type": "query.get_equipped_item_name"
									}
								},
								"cut_cooked_chicken": {
									"spawn_loot": {
										"table": "loot_tables/cut_table/cooked_chicken.json"
									},
									"set_block_property": {
										"uf:food_type": "query.get_equipped_item_name"
									}
								},
								"cut_pumpkin": {
									"spawn_loot": {
										"table": "loot_tables/cut_table/pumpkin.json"
									},
									"set_block_property": {
										"uf:food_type": "query.get_equipped_item_name"
									}
								},
								"cut_porkchop": {
									"spawn_loot": {
										"table": "loot_tables/cut_table/porkchop.json"
									},
									"set_block_property": {
										"uf:food_type": "query.get_equipped_item_name"
									}
								},
								"cut_beef": {
									"spawn_loot": {
										"table": "loot_tables/cut_table/beef.json"
									},
									"set_block_property": {
										"uf:food_type": "query.get_equipped_item_name"
									}
								},
								"cut_potato": {
									"spawn_loot": {
										"table": "loot_tables/cut_table/potato.json"
									},
									"set_block_property": {
										"uf:food_type": "query.get_equipped_item_name"
									}
								}
							}
						},
						"key": "components",
						"children": [
							{
								"data": "0.2",
								"key": "minecraft:destroy_time"
							},
							{
								"data": "1",
								"key": "minecraft:explosion_resistance"
							},
							{
								"data": "geometry.cut_table",
								"key": "minecraft:geometry"
							},
							{
								"key": "minecraft:material_instances",
								"children": [
									{
										"open": {
											"*": {
												"texture": "uf_cut_table"
											}
										},
										"key": "*",
										"is_minified": true,
										"children": {
											"texture": "uf_cut_table"
										}
									}
								]
							},
							{
								"data": "0.0",
								"key": "minecraft:block_light_absorption"
							},
							{
								"key": "minecraft:pick_collision",
								"is_minified": true,
								"children": {
									"origin": [
										-5,
										0,
										-5
									],
									"size": [
										10,
										1,
										10
									]
								}
							},
							{
								"key": "minecraft:entity_collision",
								"is_minified": true,
								"children": {
									"origin": [
										-5,
										0,
										-5
									],
									"size": [
										10,
										1,
										10
									]
								}
							},
							{
								"key": "minecraft:on_interact",
								"is_minified": true,
								"children": {
									"event": "set_food"
								}
							}
						]
					},
					{
						"open": {
							"description": {
								"identifier": "uf:cut_table",
								"is_experimental": false,
								"properties": {
									"uf:food_type": [
										"knife",
										"pumpkin",
										"melon_block",
										"chicken",
										"cooked_chicken",
										"porkchop",
										"beef",
										"potato"
									]
								}
							},
							"components": {
								"minecraft:destroy_time": 0.2,
								"minecraft:explosion_resistance": 1,
								"minecraft:geometry": "geometry.cut_table",
								"minecraft:material_instances": {
									"*": {
										"texture": "uf_cut_table"
									}
								},
								"minecraft:block_light_absorption": 0,
								"minecraft:pick_collision": {
									"origin": [
										-5,
										0,
										-5
									],
									"size": [
										10,
										1,
										10
									]
								},
								"minecraft:entity_collision": {
									"origin": [
										-5,
										0,
										-5
									],
									"size": [
										10,
										1,
										10
									]
								},
								"minecraft:on_interact": {
									"event": "set_food"
								}
							},
							"permutations": [
								{
									"condition": "query.block_property('uf:food_type') == 'melon_block'",
									"components": {
										"minecraft:material_instances": {
											"*": {
												"texture": "uf_cut_table_melon"
											}
										},
										"minecraft:geometry": "geometry.cut_table_melon",
										"minecraft:on_interact": {
											"event": "cut_melon",
											"condition": "query.get_equipped_item_name == 'knife'"
										}
									}
								},
								{
									"condition": "query.block_property('uf:food_type') == 'chicken'",
									"components": {
										"minecraft:material_instances": {
											"*": {
												"texture": "uf_cut_table_raw_chicken"
											}
										},
										"minecraft:geometry": "geometry.cut_table_raw_chicken",
										"minecraft:on_interact": {
											"event": "cut_raw_chicken",
											"condition": "query.get_equipped_item_name == 'knife'"
										}
									}
								},
								{
									"condition": "query.block_property('uf:food_type') == 'cooked_chicken'",
									"components": {
										"minecraft:material_instances": {
											"*": {
												"texture": "uf_cut_table_cooked_chicken"
											}
										},
										"minecraft:geometry": "geometry.cut_table_raw_chicken",
										"minecraft:on_interact": {
											"event": "cut_cooked_chicken",
											"condition": "query.get_equipped_item_name == 'knife'"
										}
									}
								},
								{
									"condition": "query.block_property('uf:food_type') == 'pumpkin'",
									"components": {
										"minecraft:material_instances": {
											"*": {
												"texture": "uf_cut_table_pumpkin"
											}
										},
										"minecraft:geometry": "geometry.cut_table_melon",
										"minecraft:on_interact": {
											"event": "cut_pumpkin",
											"condition": "query.get_equipped_item_name == 'knife'"
										}
									}
								},
								{
									"condition": "query.block_property('uf:food_type') == 'porkchop'",
									"components": {
										"minecraft:material_instances": {
											"*": {
												"texture": "uf_cut_table_porkchop"
											}
										},
										"minecraft:geometry": "geometry.cut_table_meat",
										"minecraft:on_interact": {
											"event": "cut_porkchop",
											"condition": "query.get_equipped_item_name == 'knife'"
										}
									}
								},
								{
									"condition": "query.block_property('uf:food_type') == 'beef'",
									"components": {
										"minecraft:material_instances": {
											"*": {
												"texture": "uf_cut_table_beef"
											}
										},
										"minecraft:geometry": "geometry.cut_table_meat",
										"minecraft:on_interact": {
											"event": "cut_beef",
											"condition": "query.get_equipped_item_name == 'knife'"
										}
									}
								},
								{
									"condition": "query.block_property('uf:food_type') == 'potato'",
									"components": {
										"minecraft:material_instances": {
											"*": {
												"texture": "uf_cut_table_potato"
											}
										},
										"minecraft:geometry": "geometry.cut_table_potato",
										"minecraft:on_interact": {
											"event": "cut_potato",
											"condition": "query.get_equipped_item_name == 'knife'"
										}
									}
								}
							],
							"events": {
								"set_food": {
									"set_block_property": {
										"uf:food_type": "query.get_equipped_item_name"
									},
									"decrement_stack": {}
								},
								"cut_melon": {
									"spawn_loot": {
										"table": "loot_tables/cut_table/melon.json"
									},
									"set_block_property": {
										"uf:food_type": "query.get_equipped_item_name"
									}
								},
								"cut_raw_chicken": {
									"spawn_loot": {
										"table": "loot_tables/cut_table/raw_chicken.json"
									},
									"set_block_property": {
										"uf:food_type": "query.get_equipped_item_name"
									}
								},
								"cut_cooked_chicken": {
									"spawn_loot": {
										"table": "loot_tables/cut_table/cooked_chicken.json"
									},
									"set_block_property": {
										"uf:food_type": "query.get_equipped_item_name"
									}
								},
								"cut_pumpkin": {
									"spawn_loot": {
										"table": "loot_tables/cut_table/pumpkin.json"
									},
									"set_block_property": {
										"uf:food_type": "query.get_equipped_item_name"
									}
								},
								"cut_porkchop": {
									"spawn_loot": {
										"table": "loot_tables/cut_table/porkchop.json"
									},
									"set_block_property": {
										"uf:food_type": "query.get_equipped_item_name"
									}
								},
								"cut_beef": {
									"spawn_loot": {
										"table": "loot_tables/cut_table/beef.json"
									},
									"set_block_property": {
										"uf:food_type": "query.get_equipped_item_name"
									}
								},
								"cut_potato": {
									"spawn_loot": {
										"table": "loot_tables/cut_table/potato.json"
									},
									"set_block_property": {
										"uf:food_type": "query.get_equipped_item_name"
									}
								}
							}
						},
						"key": "permutations",
						"children": [
							{
								"children": [
									{
										"data": "query.block_property('uf:food_type') == 'melon_block'",
										"key": "condition"
									},
									{
										"open": {
											"condition": "query.block_property('uf:food_type') == 'melon_block'",
											"components": {
												"minecraft:material_instances": {
													"*": {
														"texture": "uf_cut_table_melon"
													}
												},
												"minecraft:geometry": "geometry.cut_table_melon",
												"minecraft:on_interact": {
													"event": "cut_melon",
													"condition": "query.get_equipped_item_name == 'knife'"
												}
											}
										},
										"key": "components",
										"children": [
											{
												"key": "minecraft:material_instances",
												"is_minified": true,
												"children": {
													"*": {
														"texture": "uf_cut_table_melon"
													}
												}
											},
											{
												"data": "geometry.cut_table_melon",
												"key": "minecraft:geometry"
											},
											{
												"open": {
													"minecraft:material_instances": {
														"*": {
															"texture": "uf_cut_table_melon"
														}
													},
													"minecraft:geometry": "geometry.cut_table_melon",
													"minecraft:on_interact": {
														"event": "cut_melon",
														"condition": "query.get_equipped_item_name == 'knife'"
													}
												},
												"key": "minecraft:on_interact",
												"is_minified": true,
												"children": {
													"event": "cut_melon",
													"condition": "query.get_equipped_item_name == 'knife'"
												}
											}
										]
									}
								]
							},
							{
								"children": [
									{
										"open": {
											"condition": "query.block_property('uf:food_type') == 'chicken'",
											"components": {
												"minecraft:material_instances": {
													"*": {
														"texture": "uf_cut_table_raw_chicken"
													}
												},
												"minecraft:geometry": "geometry.cut_table_raw_chicken",
												"minecraft:on_interact": {
													"event": "cut_raw_chicken",
													"condition": "query.get_equipped_item_name == 'knife'"
												}
											}
										},
										"data": "query.block_property('uf:food_type') == 'chicken'",
										"key": "condition"
									},
									{
										"key": "components",
										"children": [
											{
												"open": {
													"minecraft:material_instances": {
														"*": {
															"texture": "uf_cut_table_raw_chicken"
														}
													},
													"minecraft:geometry": "geometry.cut_table_raw_chicken",
													"minecraft:on_interact": {
														"event": "cut_raw_chicken",
														"condition": "query.get_equipped_item_name == 'knife'"
													}
												},
												"key": "minecraft:material_instances",
												"children": [
													{
														"open": {
															"*": {
																"texture": "uf_cut_table_raw_chicken"
															}
														},
														"key": "*",
														"is_minified": true,
														"children": {
															"texture": "uf_cut_table_raw_chicken"
														}
													}
												]
											},
											{
												"open": {
													"minecraft:material_instances": {
														"*": {
															"texture": "uf_cut_table_raw_chicken"
														}
													},
													"minecraft:geometry": "geometry.cut_table_raw_chicken",
													"minecraft:on_interact": {
														"event": "cut_raw_chicken",
														"condition": "query.get_equipped_item_name == 'knife'"
													}
												},
												"data": "geometry.cut_table_raw_chicken",
												"key": "minecraft:geometry"
											},
											{
												"open": {
													"minecraft:material_instances": {
														"*": {
															"texture": "uf_cut_table_raw_chicken"
														}
													},
													"minecraft:geometry": "geometry.cut_table_raw_chicken",
													"minecraft:on_interact": {
														"event": "cut_raw_chicken",
														"condition": "query.get_equipped_item_name == 'knife'"
													}
												},
												"key": "minecraft:on_interact",
												"is_minified": true,
												"children": {
													"event": "cut_raw_chicken",
													"condition": "query.get_equipped_item_name == 'knife'"
												}
											}
										]
									}
								]
							},
							{
								"children": [
									{
										"open": {
											"condition": "query.block_property('uf:food_type') == 'cooked_chicken'",
											"components": {
												"minecraft:material_instances": {
													"*": {
														"texture": "uf_cut_table_cooked_chicken"
													}
												},
												"minecraft:geometry": "geometry.cut_table_raw_chicken",
												"minecraft:on_interact": {
													"event": "cut_cooked_chicken",
													"condition": "query.get_equipped_item_name == 'knife'"
												}
											}
										},
										"data": "query.block_property('uf:food_type') == 'cooked_chicken'",
										"key": "condition"
									},
									{
										"open": {
											"condition": "query.block_property('uf:food_type') == 'cooked_chicken'",
											"components": {
												"minecraft:material_instances": {
													"*": {
														"texture": "uf_cut_table_cooked_chicken"
													}
												},
												"minecraft:geometry": "geometry.cut_table_raw_chicken",
												"minecraft:on_interact": {
													"event": "cut_cooked_chicken",
													"condition": "query.get_equipped_item_name == 'knife'"
												}
											}
										},
										"key": "components",
										"children": [
											{
												"open": {
													"minecraft:material_instances": {
														"*": {
															"texture": "uf_cut_table_cooked_chicken"
														}
													},
													"minecraft:geometry": "geometry.cut_table_raw_chicken",
													"minecraft:on_interact": {
														"event": "cut_cooked_chicken",
														"condition": "query.get_equipped_item_name == 'knife'"
													}
												},
												"key": "minecraft:material_instances",
												"children": [
													{
														"open": {
															"*": {
																"texture": "uf_cut_table_cooked_chicken"
															}
														},
														"key": "*",
														"is_minified": true,
														"children": {
															"texture": "uf_cut_table_cooked_chicken"
														}
													}
												]
											},
											{
												"open": {
													"minecraft:material_instances": {
														"*": {
															"texture": "uf_cut_table_cooked_chicken"
														}
													},
													"minecraft:geometry": "geometry.cut_table_raw_chicken",
													"minecraft:on_interact": {
														"event": "cut_cooked_chicken",
														"condition": "query.get_equipped_item_name == 'knife'"
													}
												},
												"data": "geometry.cut_table_raw_chicken",
												"key": "minecraft:geometry"
											},
											{
												"open": {
													"minecraft:material_instances": {
														"*": {
															"texture": "uf_cut_table_cooked_chicken"
														}
													},
													"minecraft:geometry": "geometry.cut_table_raw_chicken",
													"minecraft:on_interact": {
														"event": "cut_cooked_chicken",
														"condition": "query.get_equipped_item_name == 'knife'"
													}
												},
												"key": "minecraft:on_interact",
												"is_minified": true,
												"children": {
													"event": "cut_cooked_chicken",
													"condition": "query.get_equipped_item_name == 'knife'"
												}
											}
										]
									}
								]
							},
							{
								"children": [
									{
										"open": {
											"condition": "query.block_property('uf:food_type') == 'pumpkin'",
											"components": {
												"minecraft:material_instances": {
													"*": {
														"texture": "uf_cut_table_pumpkin"
													}
												},
												"minecraft:geometry": "geometry.cut_table_melon",
												"minecraft:on_interact": {
													"event": "cut_pumpkin",
													"condition": "query.get_equipped_item_name == 'knife'"
												}
											}
										},
										"data": "query.block_property('uf:food_type') == 'pumpkin'",
										"key": "condition"
									},
									{
										"open": {
											"condition": "query.block_property('uf:food_type') == 'pumpkin'",
											"components": {
												"minecraft:material_instances": {
													"*": {
														"texture": "uf_cut_table_pumpkin"
													}
												},
												"minecraft:geometry": "geometry.cut_table_melon",
												"minecraft:on_interact": {
													"event": "cut_pumpkin",
													"condition": "query.get_equipped_item_name == 'knife'"
												}
											}
										},
										"key": "components",
										"children": [
											{
												"open": {
													"minecraft:material_instances": {
														"*": {
															"texture": "uf_cut_table_pumpkin"
														}
													},
													"minecraft:geometry": "geometry.cut_table_melon",
													"minecraft:on_interact": {
														"event": "cut_pumpkin",
														"condition": "query.get_equipped_item_name == 'knife'"
													}
												},
												"key": "minecraft:material_instances",
												"children": [
													{
														"open": {
															"*": {
																"texture": "uf_cut_table_pumpkin"
															}
														},
														"key": "*",
														"is_minified": true,
														"children": {
															"texture": "uf_cut_table_pumpkin"
														}
													}
												]
											},
											{
												"open": {
													"minecraft:material_instances": {
														"*": {
															"texture": "uf_cut_table_pumpkin"
														}
													},
													"minecraft:geometry": "geometry.cut_table_melon",
													"minecraft:on_interact": {
														"event": "cut_pumpkin",
														"condition": "query.get_equipped_item_name == 'knife'"
													}
												},
												"data": "geometry.cut_table_melon",
												"key": "minecraft:geometry"
											},
											{
												"open": {
													"minecraft:material_instances": {
														"*": {
															"texture": "uf_cut_table_pumpkin"
														}
													},
													"minecraft:geometry": "geometry.cut_table_melon",
													"minecraft:on_interact": {
														"event": "cut_pumpkin",
														"condition": "query.get_equipped_item_name == 'knife'"
													}
												},
												"key": "minecraft:on_interact",
												"is_minified": true,
												"children": {
													"event": "cut_pumpkin",
													"condition": "query.get_equipped_item_name == 'knife'"
												}
											}
										]
									}
								]
							},
							{
								"children": [
									{
										"open": {
											"condition": "query.block_property('uf:food_type') == 'porkchop'",
											"components": {
												"minecraft:material_instances": {
													"*": {
														"texture": "uf_cut_table_porkchop"
													}
												},
												"minecraft:geometry": "geometry.cut_table_meat",
												"minecraft:on_interact": {
													"event": "cut_porkchop",
													"condition": "query.get_equipped_item_name == 'knife'"
												}
											}
										},
										"data": "query.block_property('uf:food_type') == 'porkchop'",
										"key": "condition"
									},
									{
										"open": {
											"condition": "query.block_property('uf:food_type') == 'porkchop'",
											"components": {
												"minecraft:material_instances": {
													"*": {
														"texture": "uf_cut_table_porkchop"
													}
												},
												"minecraft:geometry": "geometry.cut_table_meat",
												"minecraft:on_interact": {
													"event": "cut_porkchop",
													"condition": "query.get_equipped_item_name == 'knife'"
												}
											}
										},
										"key": "components",
										"children": [
											{
												"open": {
													"minecraft:material_instances": {
														"*": {
															"texture": "uf_cut_table_porkchop"
														}
													},
													"minecraft:geometry": "geometry.cut_table_meat",
													"minecraft:on_interact": {
														"event": "cut_porkchop",
														"condition": "query.get_equipped_item_name == 'knife'"
													}
												},
												"key": "minecraft:material_instances",
												"children": [
													{
														"open": {
															"*": {
																"texture": "uf_cut_table_porkchop"
															}
														},
														"key": "*",
														"is_minified": true,
														"children": {
															"texture": "uf_cut_table_porkchop"
														}
													}
												]
											},
											{
												"open": {
													"minecraft:material_instances": {
														"*": {
															"texture": "uf_cut_table_porkchop"
														}
													},
													"minecraft:geometry": "geometry.cut_table_meat",
													"minecraft:on_interact": {
														"event": "cut_porkchop",
														"condition": "query.get_equipped_item_name == 'knife'"
													}
												},
												"data": "geometry.cut_table_meat",
												"key": "minecraft:geometry"
											},
											{
												"open": {
													"minecraft:material_instances": {
														"*": {
															"texture": "uf_cut_table_porkchop"
														}
													},
													"minecraft:geometry": "geometry.cut_table_meat",
													"minecraft:on_interact": {
														"event": "cut_porkchop",
														"condition": "query.get_equipped_item_name == 'knife'"
													}
												},
												"key": "minecraft:on_interact",
												"is_minified": true,
												"children": {
													"event": "cut_porkchop",
													"condition": "query.get_equipped_item_name == 'knife'"
												}
											}
										]
									}
								]
							},
							{
								"children": [
									{
										"open": {
											"condition": "query.block_property('uf:food_type') == 'beef'",
											"components": {
												"minecraft:material_instances": {
													"*": {
														"texture": "uf_cut_table_beef"
													}
												},
												"minecraft:geometry": "geometry.cut_table_meat",
												"minecraft:on_interact": {
													"event": "cut_beef",
													"condition": "query.get_equipped_item_name == 'knife'"
												}
											}
										},
										"data": "query.block_property('uf:food_type') == 'beef'",
										"key": "condition"
									},
									{
										"open": {
											"condition": "query.block_property('uf:food_type') == 'beef'",
											"components": {
												"minecraft:material_instances": {
													"*": {
														"texture": "uf_cut_table_beef"
													}
												},
												"minecraft:geometry": "geometry.cut_table_meat",
												"minecraft:on_interact": {
													"event": "cut_beef",
													"condition": "query.get_equipped_item_name == 'knife'"
												}
											}
										},
										"key": "components",
										"children": [
											{
												"open": {
													"minecraft:material_instances": {
														"*": {
															"texture": "uf_cut_table_beef"
														}
													},
													"minecraft:geometry": "geometry.cut_table_meat",
													"minecraft:on_interact": {
														"event": "cut_beef",
														"condition": "query.get_equipped_item_name == 'knife'"
													}
												},
												"key": "minecraft:material_instances",
												"children": [
													{
														"open": {
															"*": {
																"texture": "uf_cut_table_beef"
															}
														},
														"key": "*",
														"is_minified": true,
														"children": {
															"texture": "uf_cut_table_beef"
														}
													}
												]
											},
											{
												"data": "geometry.cut_table_meat",
												"key": "minecraft:geometry"
											},
											{
												"open": {
													"minecraft:material_instances": {
														"*": {
															"texture": "uf_cut_table_beef"
														}
													},
													"minecraft:geometry": "geometry.cut_table_meat",
													"minecraft:on_interact": {
														"event": "cut_beef",
														"condition": "query.get_equipped_item_name == 'knife'"
													}
												},
												"key": "minecraft:on_interact",
												"is_minified": true,
												"children": {
													"event": "cut_beef",
													"condition": "query.get_equipped_item_name == 'knife'"
												}
											}
										]
									}
								]
							},
							{
								"open": [
									{
										"condition": "query.block_property('uf:food_type') == 'melon_block'",
										"components": {
											"minecraft:material_instances": {
												"*": {
													"texture": "uf_cut_table_melon"
												}
											},
											"minecraft:geometry": "geometry.cut_table_melon",
											"minecraft:on_interact": {
												"event": "cut_melon",
												"condition": "query.get_equipped_item_name == 'knife'"
											}
										}
									},
									{
										"condition": "query.block_property('uf:food_type') == 'chicken'",
										"components": {
											"minecraft:material_instances": {
												"*": {
													"texture": "uf_cut_table_raw_chicken"
												}
											},
											"minecraft:geometry": "geometry.cut_table_raw_chicken",
											"minecraft:on_interact": {
												"event": "cut_raw_chicken",
												"condition": "query.get_equipped_item_name == 'knife'"
											}
										}
									},
									{
										"condition": "query.block_property('uf:food_type') == 'cooked_chicken'",
										"components": {
											"minecraft:material_instances": {
												"*": {
													"texture": "uf_cut_table_cooked_chicken"
												}
											},
											"minecraft:geometry": "geometry.cut_table_raw_chicken",
											"minecraft:on_interact": {
												"event": "cut_cooked_chicken",
												"condition": "query.get_equipped_item_name == 'knife'"
											}
										}
									},
									{
										"condition": "query.block_property('uf:food_type') == 'pumpkin'",
										"components": {
											"minecraft:material_instances": {
												"*": {
													"texture": "uf_cut_table_pumpkin"
												}
											},
											"minecraft:geometry": "geometry.cut_table_melon",
											"minecraft:on_interact": {
												"event": "cut_pumpkin",
												"condition": "query.get_equipped_item_name == 'knife'"
											}
										}
									},
									{
										"condition": "query.block_property('uf:food_type') == 'porkchop'",
										"components": {
											"minecraft:material_instances": {
												"*": {
													"texture": "uf_cut_table_porkchop"
												}
											},
											"minecraft:geometry": "geometry.cut_table_meat",
											"minecraft:on_interact": {
												"event": "cut_porkchop",
												"condition": "query.get_equipped_item_name == 'knife'"
											}
										}
									},
									{
										"condition": "query.block_property('uf:food_type') == 'beef'",
										"components": {
											"minecraft:material_instances": {
												"*": {
													"texture": "uf_cut_table_beef"
												}
											},
											"minecraft:geometry": "geometry.cut_table_meat",
											"minecraft:on_interact": {
												"event": "cut_beef",
												"condition": "query.get_equipped_item_name == 'knife'"
											}
										}
									},
									{
										"condition": "query.block_property('uf:food_type') == 'potato'",
										"components": {
											"minecraft:material_instances": {
												"*": {
													"texture": "uf_cut_table_potato"
												}
											},
											"minecraft:geometry": "geometry.cut_table_potato",
											"minecraft:on_interact": {
												"event": "cut_potato",
												"condition": "query.get_equipped_item_name == 'knife'"
											}
										}
									}
								],
								"children": [
									{
										"open": {
											"condition": "query.block_property('uf:food_type') == 'potato'",
											"components": {
												"minecraft:material_instances": {
													"*": {
														"texture": "uf_cut_table_potato"
													}
												},
												"minecraft:geometry": "geometry.cut_table_potato",
												"minecraft:on_interact": {
													"event": "cut_potato",
													"condition": "query.get_equipped_item_name == 'knife'"
												}
											}
										},
										"data": "query.block_property('uf:food_type') == 'potato'",
										"key": "condition"
									},
									{
										"open": {
											"condition": "query.block_property('uf:food_type') == 'potato'",
											"components": {
												"minecraft:material_instances": {
													"*": {
														"texture": "uf_cut_table_potato"
													}
												},
												"minecraft:geometry": "geometry.cut_table_potato",
												"minecraft:on_interact": {
													"event": "cut_potato",
													"condition": "query.get_equipped_item_name == 'knife'"
												}
											}
										},
										"key": "components",
										"children": [
											{
												"open": {
													"minecraft:material_instances": {
														"*": {
															"texture": "uf_cut_table_potato"
														}
													},
													"minecraft:geometry": "geometry.cut_table_potato",
													"minecraft:on_interact": {
														"event": "cut_potato",
														"condition": "query.get_equipped_item_name == 'knife'"
													}
												},
												"key": "minecraft:material_instances",
												"children": [
													{
														"open": {
															"*": {
																"texture": "uf_cut_table_potato"
															}
														},
														"key": "*",
														"is_minified": true,
														"children": {
															"texture": "uf_cut_table_potato"
														}
													}
												]
											},
											{
												"open": {
													"minecraft:material_instances": {
														"*": {
															"texture": "uf_cut_table_potato"
														}
													},
													"minecraft:geometry": "geometry.cut_table_potato",
													"minecraft:on_interact": {
														"event": "cut_potato",
														"condition": "query.get_equipped_item_name == 'knife'"
													}
												},
												"data": "geometry.cut_table_potato",
												"key": "minecraft:geometry"
											},
											{
												"open": {
													"minecraft:material_instances": {
														"*": {
															"texture": "uf_cut_table_potato"
														}
													},
													"minecraft:geometry": "geometry.cut_table_potato",
													"minecraft:on_interact": {
														"event": "cut_potato",
														"condition": "query.get_equipped_item_name == 'knife'"
													}
												},
												"key": "minecraft:on_interact",
												"is_minified": true,
												"children": {
													"event": "cut_potato",
													"condition": "query.get_equipped_item_name == 'knife'"
												}
											}
										]
									}
								]
							}
						]
					},
					{
						"open": {
							"description": {
								"identifier": "uf:cut_table",
								"is_experimental": false,
								"properties": {
									"uf:food_type": [
										"knife",
										"pumpkin",
										"melon_block",
										"chicken",
										"cooked_chicken",
										"porkchop",
										"beef",
										"potato"
									]
								}
							},
							"components": {
								"minecraft:destroy_time": 0.2,
								"minecraft:explosion_resistance": 1,
								"minecraft:geometry": "geometry.cut_table",
								"minecraft:material_instances": {
									"*": {
										"texture": "uf_cut_table"
									}
								},
								"minecraft:block_light_absorption": 0,
								"minecraft:pick_collision": {
									"origin": [
										-5,
										0,
										-5
									],
									"size": [
										10,
										1,
										10
									]
								},
								"minecraft:entity_collision": {
									"origin": [
										-5,
										0,
										-5
									],
									"size": [
										10,
										1,
										10
									]
								},
								"minecraft:on_interact": {
									"event": "set_food"
								}
							},
							"permutations": [
								{
									"condition": "query.block_property('uf:food_type') == 'melon_block'",
									"components": {
										"minecraft:material_instances": {
											"*": {
												"texture": "uf_cut_table_melon"
											}
										},
										"minecraft:geometry": "geometry.cut_table_melon",
										"minecraft:on_interact": {
											"event": "cut_melon",
											"condition": "query.get_equipped_item_name == 'knife'"
										}
									}
								},
								{
									"condition": "query.block_property('uf:food_type') == 'chicken'",
									"components": {
										"minecraft:material_instances": {
											"*": {
												"texture": "uf_cut_table_raw_chicken"
											}
										},
										"minecraft:geometry": "geometry.cut_table_raw_chicken",
										"minecraft:on_interact": {
											"event": "cut_raw_chicken",
											"condition": "query.get_equipped_item_name == 'knife'"
										}
									}
								},
								{
									"condition": "query.block_property('uf:food_type') == 'cooked_chicken'",
									"components": {
										"minecraft:material_instances": {
											"*": {
												"texture": "uf_cut_table_cooked_chicken"
											}
										},
										"minecraft:geometry": "geometry.cut_table_raw_chicken",
										"minecraft:on_interact": {
											"event": "cut_cooked_chicken",
											"condition": "query.get_equipped_item_name == 'knife'"
										}
									}
								},
								{
									"condition": "query.block_property('uf:food_type') == 'pumpkin'",
									"components": {
										"minecraft:material_instances": {
											"*": {
												"texture": "uf_cut_table_pumpkin"
											}
										},
										"minecraft:geometry": "geometry.cut_table_melon",
										"minecraft:on_interact": {
											"event": "cut_pumpkin",
											"condition": "query.get_equipped_item_name == 'knife'"
										}
									}
								},
								{
									"condition": "query.block_property('uf:food_type') == 'porkchop'",
									"components": {
										"minecraft:material_instances": {
											"*": {
												"texture": "uf_cut_table_porkchop"
											}
										},
										"minecraft:geometry": "geometry.cut_table_meat",
										"minecraft:on_interact": {
											"event": "cut_porkchop",
											"condition": "query.get_equipped_item_name == 'knife'"
										}
									}
								},
								{
									"condition": "query.block_property('uf:food_type') == 'beef'",
									"components": {
										"minecraft:material_instances": {
											"*": {
												"texture": "uf_cut_table_beef"
											}
										},
										"minecraft:geometry": "geometry.cut_table_meat",
										"minecraft:on_interact": {
											"event": "cut_beef",
											"condition": "query.get_equipped_item_name == 'knife'"
										}
									}
								},
								{
									"condition": "query.block_property('uf:food_type') == 'potato'",
									"components": {
										"minecraft:material_instances": {
											"*": {
												"texture": "uf_cut_table_potato"
											}
										},
										"minecraft:geometry": "geometry.cut_table_potato",
										"minecraft:on_interact": {
											"event": "cut_potato",
											"condition": "query.get_equipped_item_name == 'knife'"
										}
									}
								}
							],
							"events": {
								"set_food": {
									"set_block_property": {
										"uf:food_type": "query.get_equipped_item_name"
									},
									"decrement_stack": {}
								},
								"cut_melon": {
									"spawn_loot": {
										"table": "loot_tables/cut_table/melon.json"
									},
									"set_block_property": {
										"uf:food_type": "query.get_equipped_item_name"
									}
								},
								"cut_raw_chicken": {
									"spawn_loot": {
										"table": "loot_tables/cut_table/raw_chicken.json"
									},
									"set_block_property": {
										"uf:food_type": "query.get_equipped_item_name"
									}
								},
								"cut_cooked_chicken": {
									"spawn_loot": {
										"table": "loot_tables/cut_table/cooked_chicken.json"
									},
									"set_block_property": {
										"uf:food_type": "query.get_equipped_item_name"
									}
								},
								"cut_pumpkin": {
									"spawn_loot": {
										"table": "loot_tables/cut_table/pumpkin.json"
									},
									"set_block_property": {
										"uf:food_type": "query.get_equipped_item_name"
									}
								},
								"cut_porkchop": {
									"spawn_loot": {
										"table": "loot_tables/cut_table/porkchop.json"
									},
									"set_block_property": {
										"uf:food_type": "query.get_equipped_item_name"
									}
								},
								"cut_beef": {
									"spawn_loot": {
										"table": "loot_tables/cut_table/beef.json"
									},
									"set_block_property": {
										"uf:food_type": "query.get_equipped_item_name"
									}
								},
								"cut_potato": {
									"spawn_loot": {
										"table": "loot_tables/cut_table/potato.json"
									},
									"set_block_property": {
										"uf:food_type": "query.get_equipped_item_name"
									}
								}
							}
						},
						"key": "events",
						"children": [
							{
								"key": "set_food",
								"is_minified": true,
								"children": {
									"set_block_property": {
										"uf:food_type": "query.get_equipped_item_name"
									},
									"decrement_stack": {}
								}
							},
							{
								"key": "cut_melon",
								"is_minified": true,
								"children": {
									"spawn_loot": {
										"table": "loot_tables/cut_table/melon.json"
									},
									"set_block_property": {
										"uf:food_type": "query.get_equipped_item_name"
									}
								}
							},
							{
								"key": "cut_raw_chicken",
								"children": [
									{
										"open": {
											"spawn_loot": {
												"table": "loot_tables/cut_table/raw_chicken.json"
											},
											"set_block_property": {
												"uf:food_type": "query.get_equipped_item_name"
											}
										},
										"key": "spawn_loot",
										"is_minified": true,
										"children": {
											"table": "loot_tables/cut_table/raw_chicken.json"
										}
									},
									{
										"open": {
											"spawn_loot": {
												"table": "loot_tables/cut_table/raw_chicken.json"
											},
											"set_block_property": {
												"uf:food_type": "query.get_equipped_item_name"
											}
										},
										"key": "set_block_property",
										"is_minified": true,
										"children": {
											"uf:food_type": "query.get_equipped_item_name"
										}
									}
								]
							},
							{
								"key": "cut_cooked_chicken",
								"children": [
									{
										"open": {
											"spawn_loot": {
												"table": "loot_tables/cut_table/cooked_chicken.json"
											},
											"set_block_property": {
												"uf:food_type": "query.get_equipped_item_name"
											}
										},
										"key": "spawn_loot",
										"is_minified": true,
										"children": {
											"table": "loot_tables/cut_table/cooked_chicken.json"
										}
									},
									{
										"key": "set_block_property",
										"is_minified": true,
										"children": {
											"uf:food_type": "query.get_equipped_item_name"
										}
									}
								]
							},
							{
								"key": "cut_pumpkin",
								"children": [
									{
										"open": {
											"spawn_loot": {
												"table": "loot_tables/cut_table/pumpkin.json"
											},
											"set_block_property": {
												"uf:food_type": "query.get_equipped_item_name"
											}
										},
										"key": "spawn_loot",
										"is_minified": true,
										"children": {
											"table": "loot_tables/cut_table/pumpkin.json"
										}
									},
									{
										"open": {
											"spawn_loot": {
												"table": "loot_tables/cut_table/pumpkin.json"
											},
											"set_block_property": {
												"uf:food_type": "query.get_equipped_item_name"
											}
										},
										"key": "set_block_property",
										"is_minified": true,
										"children": {
											"uf:food_type": "query.get_equipped_item_name"
										}
									}
								]
							},
							{
								"key": "cut_porkchop",
								"children": [
									{
										"open": {
											"spawn_loot": {
												"table": "loot_tables/cut_table/porkchop.json"
											},
											"set_block_property": {
												"uf:food_type": "query.get_equipped_item_name"
											}
										},
										"key": "spawn_loot",
										"is_minified": true,
										"children": {
											"table": "loot_tables/cut_table/porkchop.json"
										}
									},
									{
										"open": {
											"spawn_loot": {
												"table": "loot_tables/cut_table/porkchop.json"
											},
											"set_block_property": {
												"uf:food_type": "query.get_equipped_item_name"
											}
										},
										"key": "set_block_property",
										"is_minified": true,
										"children": {
											"uf:food_type": "query.get_equipped_item_name"
										}
									}
								]
							},
							{
								"key": "cut_beef",
								"children": [
									{
										"open": {
											"spawn_loot": {
												"table": "loot_tables/cut_table/beef.json"
											},
											"set_block_property": {
												"uf:food_type": "query.get_equipped_item_name"
											}
										},
										"key": "spawn_loot",
										"is_minified": true,
										"children": {
											"table": "loot_tables/cut_table/beef.json"
										}
									},
									{
										"key": "set_block_property",
										"is_minified": true,
										"children": {
											"uf:food_type": "query.get_equipped_item_name"
										}
									}
								]
							},
							{
								"open": {
									"set_food": {
										"set_block_property": {
											"uf:food_type": "query.get_equipped_item_name"
										},
										"decrement_stack": {}
									},
									"cut_melon": {
										"spawn_loot": {
											"table": "loot_tables/cut_table/melon.json"
										},
										"set_block_property": {
											"uf:food_type": "query.get_equipped_item_name"
										}
									},
									"cut_raw_chicken": {
										"spawn_loot": {
											"table": "loot_tables/cut_table/raw_chicken.json"
										},
										"set_block_property": {
											"uf:food_type": "query.get_equipped_item_name"
										}
									},
									"cut_cooked_chicken": {
										"spawn_loot": {
											"table": "loot_tables/cut_table/cooked_chicken.json"
										},
										"set_block_property": {
											"uf:food_type": "query.get_equipped_item_name"
										}
									},
									"cut_pumpkin": {
										"spawn_loot": {
											"table": "loot_tables/cut_table/pumpkin.json"
										},
										"set_block_property": {
											"uf:food_type": "query.get_equipped_item_name"
										}
									},
									"cut_porkchop": {
										"spawn_loot": {
											"table": "loot_tables/cut_table/porkchop.json"
										},
										"set_block_property": {
											"uf:food_type": "query.get_equipped_item_name"
										}
									},
									"cut_beef": {
										"spawn_loot": {
											"table": "loot_tables/cut_table/beef.json"
										},
										"set_block_property": {
											"uf:food_type": "query.get_equipped_item_name"
										}
									},
									"cut_potato": {
										"spawn_loot": {
											"table": "loot_tables/cut_table/potato.json"
										},
										"set_block_property": {
											"uf:food_type": "query.get_equipped_item_name"
										}
									}
								},
								"key": "cut_potato",
								"children": [
									{
										"open": {
											"spawn_loot": {
												"table": "loot_tables/cut_table/potato.json"
											},
											"set_block_property": {
												"uf:food_type": "query.get_equipped_item_name"
											}
										},
										"key": "spawn_loot",
										"is_minified": true,
										"children": {
											"table": "loot_tables/cut_table/potato.json"
										}
									},
									{
										"key": "set_block_property",
										"is_minified": true,
										"children": {
											"uf:food_type": "query.get_equipped_item_name"
										}
									}
								]
							}
						]
					}
				]
			}
		]
	}
}