{
	"file_path": "C:\\Users\\chupi\\AppData\\Local\\Packages\\Microsoft.MinecraftUWP_8wekyb3d8bbwe\\LocalState\\games\\com.mojang\\development_behavior_packs\\Ultra Farming Addon\\blocks\\furniture\\kelp_hatchery.json",
	"file_type": "block",
	"format_version": 1,
	"file_uuid": "a79b3643_4b8a_4ea3_b0fb_3daf19e2ccdb",
	"file_version": 21,
	"cache_content": {
		"children": [
			{
				"data": "1.16.0",
				"key": "format_version"
			},
			{
				"open": {
					"format_version": "1.16.0",
					"minecraft:block": {
						"description": {
							"identifier": "uf:kelp_hatchery",
							"is_experimental": false,
							"properties": {
								"uf:stage": [
									0,
									1,
									2,
									3
								],
								"uf:has_kelp": [
									false,
									true
								]
							}
						},
						"components": {
							"minecraft:destroy_time": 0.2,
							"minecraft:explosion_resistance": 1,
							"minecraft:geometry": "geometry.kelp_hatchery",
							"minecraft:material_instances": {
								"*": {
									"texture": "uf_kelp_hatchery",
									"render_method": "blend"
								}
							},
							"minecraft:block_light_absorption": 0,
							"minecraft:on_interact": {
								"event": "add_kelp",
								"condition": "query.get_equipped_item_name == 'kelp'"
							}
						},
						"permutations": [
							{
								"condition": "query.block_property('uf:has_kelp')",
								"components": {
									"minecraft:ticking": {
										"range": [
											300,
											800
										],
										"on_tick": {
											"event": "kelp_grow",
											"condition": "query.block_property('uf:stage') < 3"
										}
									}
								}
							},
							{
								"condition": "query.block_property('uf:stage') == 0 && query.block_property('uf:has_kelp')",
								"components": {
									"minecraft:material_instances": {
										"*": {
											"texture": "uf_kelp_hatchery_stg_0",
											"render_method": "blend"
										}
									}
								}
							},
							{
								"condition": "query.block_property('uf:stage') == 1 && query.block_property('uf:has_kelp')",
								"components": {
									"minecraft:material_instances": {
										"*": {
											"texture": "uf_kelp_hatchery_stg_1",
											"render_method": "blend"
										}
									}
								}
							},
							{
								"condition": "query.block_property('uf:stage') == 2 && query.block_property('uf:has_kelp')",
								"components": {
									"minecraft:material_instances": {
										"*": {
											"texture": "uf_kelp_hatchery_stg_2",
											"render_method": "blend"
										}
									}
								}
							},
							{
								"condition": "query.block_property('uf:stage') == 3 && query.block_property('uf:has_kelp')",
								"components": {
									"minecraft:material_instances": {
										"*": {
											"texture": "uf_kelp_hatchery_stg_3",
											"render_method": "blend"
										}
									},
									"minecraft:on_interact": {
										"event": "take_kelp"
									}
								}
							}
						],
						"events": {
							"add_kelp": {
								"set_block_property": {
									"uf:has_kelp": true
								},
								"decrement_stack": {}
							},
							"kelp_grow": {
								"set_block_property": {
									"uf:stage": "query.block_property('uf:stage') + 1"
								}
							},
							"take_kelp": {
								"sequence": [
									{
										"set_block_property": {
											"uf:has_kelp": false
										}
									},
									{
										"set_block_property": {
											"uf:stage": 0
										},
										"spawn_loot": {
											"table": "loot_tables/kelp_hatchery_ready.json"
										}
									}
								]
							}
						}
					}
				},
				"key": "minecraft:block",
				"children": [
					{
						"open": {
							"description": {
								"identifier": "uf:kelp_hatchery",
								"is_experimental": false,
								"properties": {
									"uf:stage": [
										0,
										1,
										2,
										3
									],
									"uf:has_kelp": [
										false,
										true
									]
								}
							},
							"components": {
								"minecraft:destroy_time": 0.2,
								"minecraft:explosion_resistance": 1,
								"minecraft:geometry": "geometry.kelp_hatchery",
								"minecraft:material_instances": {
									"*": {
										"texture": "uf_kelp_hatchery",
										"render_method": "blend"
									}
								},
								"minecraft:block_light_absorption": 0,
								"minecraft:on_interact": {
									"event": "add_kelp",
									"condition": "query.get_equipped_item_name == 'kelp'"
								}
							},
							"permutations": [
								{
									"condition": "query.block_property('uf:has_kelp')",
									"components": {
										"minecraft:ticking": {
											"range": [
												300,
												800
											],
											"on_tick": {
												"event": "kelp_grow",
												"condition": "query.block_property('uf:stage') < 3"
											}
										}
									}
								},
								{
									"condition": "query.block_property('uf:stage') == 0 && query.block_property('uf:has_kelp')",
									"components": {
										"minecraft:material_instances": {
											"*": {
												"texture": "uf_kelp_hatchery_stg_0",
												"render_method": "blend"
											}
										}
									}
								},
								{
									"condition": "query.block_property('uf:stage') == 1 && query.block_property('uf:has_kelp')",
									"components": {
										"minecraft:material_instances": {
											"*": {
												"texture": "uf_kelp_hatchery_stg_1",
												"render_method": "blend"
											}
										}
									}
								},
								{
									"condition": "query.block_property('uf:stage') == 2 && query.block_property('uf:has_kelp')",
									"components": {
										"minecraft:material_instances": {
											"*": {
												"texture": "uf_kelp_hatchery_stg_2",
												"render_method": "blend"
											}
										}
									}
								},
								{
									"condition": "query.block_property('uf:stage') == 3 && query.block_property('uf:has_kelp')",
									"components": {
										"minecraft:material_instances": {
											"*": {
												"texture": "uf_kelp_hatchery_stg_3",
												"render_method": "blend"
											}
										},
										"minecraft:on_interact": {
											"event": "take_kelp"
										}
									}
								}
							],
							"events": {
								"add_kelp": {
									"set_block_property": {
										"uf:has_kelp": true
									},
									"decrement_stack": {}
								},
								"kelp_grow": {
									"set_block_property": {
										"uf:stage": "query.block_property('uf:stage') + 1"
									}
								},
								"take_kelp": {
									"sequence": [
										{
											"set_block_property": {
												"uf:has_kelp": false
											}
										},
										{
											"set_block_property": {
												"uf:stage": 0
											},
											"spawn_loot": {
												"table": "loot_tables/kelp_hatchery_ready.json"
											}
										}
									]
								}
							}
						},
						"key": "description",
						"children": [
							{
								"data": "uf:kelp_hatchery",
								"key": "identifier"
							},
							{
								"data": "false",
								"key": "is_experimental"
							},
							{
								"open": {
									"identifier": "uf:kelp_hatchery",
									"is_experimental": false,
									"properties": {
										"uf:stage": [
											0,
											1,
											2,
											3
										],
										"uf:has_kelp": [
											false,
											true
										]
									}
								},
								"key": "properties",
								"children": [
									{
										"open": {
											"uf:stage": [
												0,
												1,
												2,
												3
											],
											"uf:has_kelp": [
												false,
												true
											]
										},
										"key": "uf:stage",
										"is_minified": true,
										"children": [
											0,
											1,
											2,
											3
										]
									},
									{
										"key": "uf:has_kelp",
										"is_minified": true,
										"children": [
											false,
											true
										]
									}
								]
							}
						]
					},
					{
						"open": {
							"description": {
								"identifier": "uf:kelp_hatchery",
								"is_experimental": false,
								"properties": {
									"uf:stage": [
										0,
										1,
										2,
										3
									],
									"uf:has_kelp": [
										false,
										true
									]
								}
							},
							"components": {
								"minecraft:destroy_time": 0.2,
								"minecraft:explosion_resistance": 1,
								"minecraft:geometry": "geometry.kelp_hatchery",
								"minecraft:material_instances": {
									"*": {
										"texture": "uf_kelp_hatchery",
										"render_method": "blend"
									}
								},
								"minecraft:block_light_absorption": 0,
								"minecraft:on_interact": {
									"event": "add_kelp",
									"condition": "query.get_equipped_item_name == 'kelp'"
								}
							},
							"permutations": [
								{
									"condition": "query.block_property('uf:has_kelp')",
									"components": {
										"minecraft:ticking": {
											"range": [
												300,
												800
											],
											"on_tick": {
												"event": "kelp_grow",
												"condition": "query.block_property('uf:stage') < 3"
											}
										}
									}
								},
								{
									"condition": "query.block_property('uf:stage') == 0 && query.block_property('uf:has_kelp')",
									"components": {
										"minecraft:material_instances": {
											"*": {
												"texture": "uf_kelp_hatchery_stg_0",
												"render_method": "blend"
											}
										}
									}
								},
								{
									"condition": "query.block_property('uf:stage') == 1 && query.block_property('uf:has_kelp')",
									"components": {
										"minecraft:material_instances": {
											"*": {
												"texture": "uf_kelp_hatchery_stg_1",
												"render_method": "blend"
											}
										}
									}
								},
								{
									"condition": "query.block_property('uf:stage') == 2 && query.block_property('uf:has_kelp')",
									"components": {
										"minecraft:material_instances": {
											"*": {
												"texture": "uf_kelp_hatchery_stg_2",
												"render_method": "blend"
											}
										}
									}
								},
								{
									"condition": "query.block_property('uf:stage') == 3 && query.block_property('uf:has_kelp')",
									"components": {
										"minecraft:material_instances": {
											"*": {
												"texture": "uf_kelp_hatchery_stg_3",
												"render_method": "blend"
											}
										},
										"minecraft:on_interact": {
											"event": "take_kelp"
										}
									}
								}
							],
							"events": {
								"add_kelp": {
									"set_block_property": {
										"uf:has_kelp": true
									},
									"decrement_stack": {}
								},
								"kelp_grow": {
									"set_block_property": {
										"uf:stage": "query.block_property('uf:stage') + 1"
									}
								},
								"take_kelp": {
									"sequence": [
										{
											"set_block_property": {
												"uf:has_kelp": false
											}
										},
										{
											"set_block_property": {
												"uf:stage": 0
											},
											"spawn_loot": {
												"table": "loot_tables/kelp_hatchery_ready.json"
											}
										}
									]
								}
							}
						},
						"key": "components",
						"children": [
							{
								"data": "0.2",
								"key": "minecraft:destroy_time"
							},
							{
								"data": "1",
								"key": "minecraft:explosion_resistance"
							},
							{
								"data": "geometry.kelp_hatchery",
								"key": "minecraft:geometry"
							},
							{
								"key": "minecraft:material_instances",
								"children": [
									{
										"open": {
											"*": {
												"texture": "uf_kelp_hatchery",
												"render_method": "blend"
											}
										},
										"key": "*",
										"is_minified": true,
										"children": {
											"texture": "uf_kelp_hatchery",
											"render_method": "blend"
										}
									}
								]
							},
							{
								"data": "0.0",
								"key": "minecraft:block_light_absorption"
							},
							{
								"open": {
									"minecraft:destroy_time": 0.2,
									"minecraft:explosion_resistance": 1,
									"minecraft:geometry": "geometry.kelp_hatchery",
									"minecraft:material_instances": {
										"*": {
											"texture": "uf_kelp_hatchery",
											"render_method": "blend"
										}
									},
									"minecraft:block_light_absorption": 0,
									"minecraft:on_interact": {
										"event": "add_kelp",
										"condition": "query.get_equipped_item_name == 'kelp'"
									}
								},
								"key": "minecraft:on_interact",
								"is_minified": true,
								"children": {
									"event": "add_kelp",
									"condition": "query.get_equipped_item_name == 'kelp'"
								}
							}
						]
					},
					{
						"open": {
							"description": {
								"identifier": "uf:kelp_hatchery",
								"is_experimental": false,
								"properties": {
									"uf:stage": [
										0,
										1,
										2,
										3
									],
									"uf:has_kelp": [
										false,
										true
									]
								}
							},
							"components": {
								"minecraft:destroy_time": 0.2,
								"minecraft:explosion_resistance": 1,
								"minecraft:geometry": "geometry.kelp_hatchery",
								"minecraft:material_instances": {
									"*": {
										"texture": "uf_kelp_hatchery",
										"render_method": "blend"
									}
								},
								"minecraft:block_light_absorption": 0,
								"minecraft:on_interact": {
									"event": "add_kelp",
									"condition": "query.get_equipped_item_name == 'kelp'"
								}
							},
							"permutations": [
								{
									"condition": "query.block_property('uf:has_kelp')",
									"components": {
										"minecraft:ticking": {
											"range": [
												300,
												800
											],
											"on_tick": {
												"event": "kelp_grow",
												"condition": "query.block_property('uf:stage') < 3"
											}
										}
									}
								},
								{
									"condition": "query.block_property('uf:stage') == 0 && query.block_property('uf:has_kelp')",
									"components": {
										"minecraft:material_instances": {
											"*": {
												"texture": "uf_kelp_hatchery_stg_0",
												"render_method": "blend"
											}
										}
									}
								},
								{
									"condition": "query.block_property('uf:stage') == 1 && query.block_property('uf:has_kelp')",
									"components": {
										"minecraft:material_instances": {
											"*": {
												"texture": "uf_kelp_hatchery_stg_1",
												"render_method": "blend"
											}
										}
									}
								},
								{
									"condition": "query.block_property('uf:stage') == 2 && query.block_property('uf:has_kelp')",
									"components": {
										"minecraft:material_instances": {
											"*": {
												"texture": "uf_kelp_hatchery_stg_2",
												"render_method": "blend"
											}
										}
									}
								},
								{
									"condition": "query.block_property('uf:stage') == 3 && query.block_property('uf:has_kelp')",
									"components": {
										"minecraft:material_instances": {
											"*": {
												"texture": "uf_kelp_hatchery_stg_3",
												"render_method": "blend"
											}
										},
										"minecraft:on_interact": {
											"event": "take_kelp"
										}
									}
								}
							],
							"events": {
								"add_kelp": {
									"set_block_property": {
										"uf:has_kelp": true
									},
									"decrement_stack": {}
								},
								"kelp_grow": {
									"set_block_property": {
										"uf:stage": "query.block_property('uf:stage') + 1"
									}
								},
								"take_kelp": {
									"sequence": [
										{
											"set_block_property": {
												"uf:has_kelp": false
											}
										},
										{
											"set_block_property": {
												"uf:stage": 0
											},
											"spawn_loot": {
												"table": "loot_tables/kelp_hatchery_ready.json"
											}
										}
									]
								}
							}
						},
						"key": "permutations",
						"children": [
							{
								"open": [
									{
										"condition": "query.block_property('uf:has_kelp')",
										"components": {
											"minecraft:ticking": {
												"range": [
													300,
													800
												],
												"on_tick": {
													"event": "kelp_grow",
													"condition": "query.block_property('uf:stage') < 3"
												}
											}
										}
									},
									{
										"condition": "query.block_property('uf:stage') == 0 && query.block_property('uf:has_kelp')",
										"components": {
											"minecraft:material_instances": {
												"*": {
													"texture": "uf_kelp_hatchery_stg_0",
													"render_method": "blend"
												}
											}
										}
									},
									{
										"condition": "query.block_property('uf:stage') == 1 && query.block_property('uf:has_kelp')",
										"components": {
											"minecraft:material_instances": {
												"*": {
													"texture": "uf_kelp_hatchery_stg_1",
													"render_method": "blend"
												}
											}
										}
									},
									{
										"condition": "query.block_property('uf:stage') == 2 && query.block_property('uf:has_kelp')",
										"components": {
											"minecraft:material_instances": {
												"*": {
													"texture": "uf_kelp_hatchery_stg_2",
													"render_method": "blend"
												}
											}
										}
									},
									{
										"condition": "query.block_property('uf:stage') == 3 && query.block_property('uf:has_kelp')",
										"components": {
											"minecraft:material_instances": {
												"*": {
													"texture": "uf_kelp_hatchery_stg_3",
													"render_method": "blend"
												}
											},
											"minecraft:on_interact": {
												"event": "take_kelp"
											}
										}
									}
								],
								"children": [
									{
										"data": "query.block_property('uf:has_kelp')",
										"key": "condition"
									},
									{
										"open": {
											"condition": "query.block_property('uf:has_kelp')",
											"components": {
												"minecraft:ticking": {
													"range": [
														300,
														800
													],
													"on_tick": {
														"event": "kelp_grow",
														"condition": "query.block_property('uf:stage') < 3"
													}
												}
											}
										},
										"key": "components",
										"children": [
											{
												"open": {
													"minecraft:ticking": {
														"range": [
															300,
															800
														],
														"on_tick": {
															"event": "kelp_grow",
															"condition": "query.block_property('uf:stage') < 3"
														}
													}
												},
												"key": "minecraft:ticking",
												"children": [
													{
														"open": {
															"range": [
																300,
																800
															],
															"on_tick": {
																"event": "kelp_grow",
																"condition": "query.block_property('uf:stage') < 3"
															}
														},
														"key": "range",
														"is_minified": true,
														"children": [
															300,
															800
														]
													},
													{
														"open": {
															"range": [
																300,
																800
															],
															"on_tick": {
																"event": "kelp_grow",
																"condition": "query.block_property('uf:stage') < 3"
															}
														},
														"key": "on_tick",
														"is_minified": true,
														"children": {
															"event": "kelp_grow",
															"condition": "query.block_property('uf:stage') < 3"
														}
													}
												]
											}
										]
									}
								]
							},
							{
								"open": [
									{
										"condition": "query.block_property('uf:has_kelp')",
										"components": {
											"minecraft:ticking": {
												"range": [
													300,
													800
												],
												"on_tick": {
													"event": "kelp_grow",
													"condition": "query.block_property('uf:stage') < 3"
												}
											}
										}
									},
									{
										"condition": "query.block_property('uf:stage') == 0 && query.block_property('uf:has_kelp')",
										"components": {
											"minecraft:material_instances": {
												"*": {
													"texture": "uf_kelp_hatchery_stg_0",
													"render_method": "blend"
												}
											}
										}
									},
									{
										"condition": "query.block_property('uf:stage') == 1 && query.block_property('uf:has_kelp')",
										"components": {
											"minecraft:material_instances": {
												"*": {
													"texture": "uf_kelp_hatchery_stg_1",
													"render_method": "blend"
												}
											}
										}
									},
									{
										"condition": "query.block_property('uf:stage') == 2 && query.block_property('uf:has_kelp')",
										"components": {
											"minecraft:material_instances": {
												"*": {
													"texture": "uf_kelp_hatchery_stg_2",
													"render_method": "blend"
												}
											}
										}
									},
									{
										"condition": "query.block_property('uf:stage') == 3 && query.block_property('uf:has_kelp')",
										"components": {
											"minecraft:material_instances": {
												"*": {
													"texture": "uf_kelp_hatchery_stg_3",
													"render_method": "blend"
												}
											},
											"minecraft:on_interact": {
												"event": "take_kelp"
											}
										}
									}
								],
								"children": [
									{
										"open": {
											"condition": "query.block_property('uf:stage') == 0 && query.block_property('uf:has_kelp')",
											"components": {
												"minecraft:material_instances": {
													"*": {
														"texture": "uf_kelp_hatchery_stg_0",
														"render_method": "blend"
													}
												}
											}
										},
										"data": "query.block_property('uf:stage') == 0 && query.block_property('uf:has_kelp')",
										"key": "condition"
									},
									{
										"open": {
											"condition": "query.block_property('uf:stage') == 0 && query.block_property('uf:has_kelp')",
											"components": {
												"minecraft:material_instances": {
													"*": {
														"texture": "uf_kelp_hatchery_stg_0",
														"render_method": "blend"
													}
												}
											}
										},
										"key": "components",
										"children": [
											{
												"open": {
													"minecraft:material_instances": {
														"*": {
															"texture": "uf_kelp_hatchery_stg_0",
															"render_method": "blend"
														}
													}
												},
												"key": "minecraft:material_instances",
												"children": [
													{
														"open": {
															"*": {
																"texture": "uf_kelp_hatchery_stg_0",
																"render_method": "blend"
															}
														},
														"key": "*",
														"is_minified": true,
														"children": {
															"texture": "uf_kelp_hatchery_stg_0",
															"render_method": "blend"
														}
													}
												]
											}
										]
									}
								]
							},
							{
								"open": [
									{
										"condition": "query.block_property('uf:has_kelp')",
										"components": {
											"minecraft:ticking": {
												"range": [
													300,
													800
												],
												"on_tick": {
													"event": "kelp_grow",
													"condition": "query.block_property('uf:stage') < 3"
												}
											}
										}
									},
									{
										"condition": "query.block_property('uf:stage') == 0 && query.block_property('uf:has_kelp')",
										"components": {
											"minecraft:material_instances": {
												"*": {
													"texture": "uf_kelp_hatchery_stg_0",
													"render_method": "blend"
												}
											}
										}
									},
									{
										"condition": "query.block_property('uf:stage') == 1 && query.block_property('uf:has_kelp')",
										"components": {
											"minecraft:material_instances": {
												"*": {
													"texture": "uf_kelp_hatchery_stg_1",
													"render_method": "blend"
												}
											}
										}
									},
									{
										"condition": "query.block_property('uf:stage') == 2 && query.block_property('uf:has_kelp')",
										"components": {
											"minecraft:material_instances": {
												"*": {
													"texture": "uf_kelp_hatchery_stg_2",
													"render_method": "blend"
												}
											}
										}
									},
									{
										"condition": "query.block_property('uf:stage') == 3 && query.block_property('uf:has_kelp')",
										"components": {
											"minecraft:material_instances": {
												"*": {
													"texture": "uf_kelp_hatchery_stg_3",
													"render_method": "blend"
												}
											},
											"minecraft:on_interact": {
												"event": "take_kelp"
											}
										}
									}
								],
								"children": [
									{
										"open": {
											"condition": "query.block_property('uf:stage') == 1 && query.block_property('uf:has_kelp')",
											"components": {
												"minecraft:material_instances": {
													"*": {
														"texture": "uf_kelp_hatchery_stg_1",
														"render_method": "blend"
													}
												}
											}
										},
										"data": "query.block_property('uf:stage') == 1 && query.block_property('uf:has_kelp')",
										"key": "condition"
									},
									{
										"open": {
											"condition": "query.block_property('uf:stage') == 1 && query.block_property('uf:has_kelp')",
											"components": {
												"minecraft:material_instances": {
													"*": {
														"texture": "uf_kelp_hatchery_stg_1",
														"render_method": "blend"
													}
												}
											}
										},
										"key": "components",
										"children": [
											{
												"open": {
													"minecraft:material_instances": {
														"*": {
															"texture": "uf_kelp_hatchery_stg_1",
															"render_method": "blend"
														}
													}
												},
												"key": "minecraft:material_instances",
												"children": [
													{
														"open": {
															"*": {
																"texture": "uf_kelp_hatchery_stg_1",
																"render_method": "blend"
															}
														},
														"key": "*",
														"is_minified": true,
														"children": {
															"texture": "uf_kelp_hatchery_stg_1",
															"render_method": "blend"
														}
													}
												]
											}
										]
									}
								]
							},
							{
								"open": [
									{
										"condition": "query.block_property('uf:has_kelp')",
										"components": {
											"minecraft:ticking": {
												"range": [
													300,
													800
												],
												"on_tick": {
													"event": "kelp_grow",
													"condition": "query.block_property('uf:stage') < 3"
												}
											}
										}
									},
									{
										"condition": "query.block_property('uf:stage') == 0 && query.block_property('uf:has_kelp')",
										"components": {
											"minecraft:material_instances": {
												"*": {
													"texture": "uf_kelp_hatchery_stg_0",
													"render_method": "blend"
												}
											}
										}
									},
									{
										"condition": "query.block_property('uf:stage') == 1 && query.block_property('uf:has_kelp')",
										"components": {
											"minecraft:material_instances": {
												"*": {
													"texture": "uf_kelp_hatchery_stg_1",
													"render_method": "blend"
												}
											}
										}
									},
									{
										"condition": "query.block_property('uf:stage') == 2 && query.block_property('uf:has_kelp')",
										"components": {
											"minecraft:material_instances": {
												"*": {
													"texture": "uf_kelp_hatchery_stg_2",
													"render_method": "blend"
												}
											}
										}
									},
									{
										"condition": "query.block_property('uf:stage') == 3 && query.block_property('uf:has_kelp')",
										"components": {
											"minecraft:material_instances": {
												"*": {
													"texture": "uf_kelp_hatchery_stg_3",
													"render_method": "blend"
												}
											},
											"minecraft:on_interact": {
												"event": "take_kelp"
											}
										}
									}
								],
								"children": [
									{
										"open": {
											"condition": "query.block_property('uf:stage') == 2 && query.block_property('uf:has_kelp')",
											"components": {
												"minecraft:material_instances": {
													"*": {
														"texture": "uf_kelp_hatchery_stg_2",
														"render_method": "blend"
													}
												}
											}
										},
										"data": "query.block_property('uf:stage') == 2 && query.block_property('uf:has_kelp')",
										"key": "condition"
									},
									{
										"open": {
											"condition": "query.block_property('uf:stage') == 2 && query.block_property('uf:has_kelp')",
											"components": {
												"minecraft:material_instances": {
													"*": {
														"texture": "uf_kelp_hatchery_stg_2",
														"render_method": "blend"
													}
												}
											}
										},
										"key": "components",
										"children": [
											{
												"open": {
													"minecraft:material_instances": {
														"*": {
															"texture": "uf_kelp_hatchery_stg_2",
															"render_method": "blend"
														}
													}
												},
												"key": "minecraft:material_instances",
												"children": [
													{
														"open": {
															"*": {
																"texture": "uf_kelp_hatchery_stg_2",
																"render_method": "blend"
															}
														},
														"key": "*",
														"is_minified": true,
														"children": {
															"texture": "uf_kelp_hatchery_stg_2",
															"render_method": "blend"
														}
													}
												]
											}
										]
									}
								]
							},
							{
								"open": [
									{
										"condition": "query.block_property('uf:has_kelp')",
										"components": {
											"minecraft:ticking": {
												"range": [
													300,
													800
												],
												"on_tick": {
													"event": "kelp_grow",
													"condition": "query.block_property('uf:stage') < 3"
												}
											}
										}
									},
									{
										"condition": "query.block_property('uf:stage') == 0 && query.block_property('uf:has_kelp')",
										"components": {
											"minecraft:material_instances": {
												"*": {
													"texture": "uf_kelp_hatchery_stg_0",
													"render_method": "blend"
												}
											}
										}
									},
									{
										"condition": "query.block_property('uf:stage') == 1 && query.block_property('uf:has_kelp')",
										"components": {
											"minecraft:material_instances": {
												"*": {
													"texture": "uf_kelp_hatchery_stg_1",
													"render_method": "blend"
												}
											}
										}
									},
									{
										"condition": "query.block_property('uf:stage') == 2 && query.block_property('uf:has_kelp')",
										"components": {
											"minecraft:material_instances": {
												"*": {
													"texture": "uf_kelp_hatchery_stg_2",
													"render_method": "blend"
												}
											}
										}
									},
									{
										"condition": "query.block_property('uf:stage') == 3 && query.block_property('uf:has_kelp')",
										"components": {
											"minecraft:material_instances": {
												"*": {
													"texture": "uf_kelp_hatchery_stg_3",
													"render_method": "blend"
												}
											},
											"minecraft:on_interact": {
												"event": "take_kelp"
											}
										}
									}
								],
								"children": [
									{
										"open": {
											"condition": "query.block_property('uf:stage') == 3 && query.block_property('uf:has_kelp')",
											"components": {
												"minecraft:material_instances": {
													"*": {
														"texture": "uf_kelp_hatchery_stg_3",
														"render_method": "blend"
													}
												},
												"minecraft:on_interact": {
													"event": "take_kelp"
												}
											}
										},
										"data": "query.block_property('uf:stage') == 3 && query.block_property('uf:has_kelp')",
										"key": "condition"
									},
									{
										"open": {
											"condition": "query.block_property('uf:stage') == 3 && query.block_property('uf:has_kelp')",
											"components": {
												"minecraft:material_instances": {
													"*": {
														"texture": "uf_kelp_hatchery_stg_3",
														"render_method": "blend"
													}
												},
												"minecraft:on_interact": {
													"event": "take_kelp"
												}
											}
										},
										"key": "components",
										"children": [
											{
												"key": "minecraft:material_instances",
												"children": [
													{
														"open": {
															"*": {
																"texture": "uf_kelp_hatchery_stg_3",
																"render_method": "blend"
															}
														},
														"key": "*",
														"is_minified": true,
														"children": {
															"texture": "uf_kelp_hatchery_stg_3",
															"render_method": "blend"
														}
													}
												]
											},
											{
												"open": {
													"minecraft:material_instances": {
														"*": {
															"texture": "uf_kelp_hatchery_stg_3",
															"render_method": "blend"
														}
													},
													"minecraft:on_interact": {
														"event": "take_kelp"
													}
												},
												"key": "minecraft:on_interact",
												"is_minified": true,
												"children": {
													"event": "take_kelp"
												}
											}
										]
									}
								]
							}
						]
					},
					{
						"open": {
							"description": {
								"identifier": "uf:kelp_hatchery",
								"is_experimental": false,
								"properties": {
									"uf:stage": [
										0,
										1,
										2,
										3
									],
									"uf:has_kelp": [
										false,
										true
									]
								}
							},
							"components": {
								"minecraft:destroy_time": 0.2,
								"minecraft:explosion_resistance": 1,
								"minecraft:geometry": "geometry.kelp_hatchery",
								"minecraft:material_instances": {
									"*": {
										"texture": "uf_kelp_hatchery",
										"render_method": "blend"
									}
								},
								"minecraft:block_light_absorption": 0,
								"minecraft:on_interact": {
									"event": "add_kelp",
									"condition": "query.get_equipped_item_name == 'kelp'"
								}
							},
							"permutations": [
								{
									"condition": "query.block_property('uf:has_kelp')",
									"components": {
										"minecraft:ticking": {
											"range": [
												300,
												800
											],
											"on_tick": {
												"event": "kelp_grow",
												"condition": "query.block_property('uf:stage') < 3"
											}
										}
									}
								},
								{
									"condition": "query.block_property('uf:stage') == 0 && query.block_property('uf:has_kelp')",
									"components": {
										"minecraft:material_instances": {
											"*": {
												"texture": "uf_kelp_hatchery_stg_0",
												"render_method": "blend"
											}
										}
									}
								},
								{
									"condition": "query.block_property('uf:stage') == 1 && query.block_property('uf:has_kelp')",
									"components": {
										"minecraft:material_instances": {
											"*": {
												"texture": "uf_kelp_hatchery_stg_1",
												"render_method": "blend"
											}
										}
									}
								},
								{
									"condition": "query.block_property('uf:stage') == 2 && query.block_property('uf:has_kelp')",
									"components": {
										"minecraft:material_instances": {
											"*": {
												"texture": "uf_kelp_hatchery_stg_2",
												"render_method": "blend"
											}
										}
									}
								},
								{
									"condition": "query.block_property('uf:stage') == 3 && query.block_property('uf:has_kelp')",
									"components": {
										"minecraft:material_instances": {
											"*": {
												"texture": "uf_kelp_hatchery_stg_3",
												"render_method": "blend"
											}
										},
										"minecraft:on_interact": {
											"event": "take_kelp"
										}
									}
								}
							],
							"events": {
								"add_kelp": {
									"set_block_property": {
										"uf:has_kelp": true
									},
									"decrement_stack": {}
								},
								"kelp_grow": {
									"set_block_property": {
										"uf:stage": "query.block_property('uf:stage') + 1"
									}
								},
								"take_kelp": {
									"sequence": [
										{
											"set_block_property": {
												"uf:has_kelp": false
											}
										},
										{
											"set_block_property": {
												"uf:stage": 0
											},
											"spawn_loot": {
												"table": "loot_tables/kelp_hatchery_ready.json"
											}
										}
									]
								}
							}
						},
						"key": "events",
						"children": [
							{
								"open": {
									"add_kelp": {
										"set_block_property": {
											"uf:has_kelp": true
										},
										"decrement_stack": {}
									},
									"kelp_grow": {
										"set_block_property": {
											"uf:stage": "query.block_property('uf:stage') + 1"
										}
									},
									"take_kelp": {
										"sequence": [
											{
												"set_block_property": {
													"uf:has_kelp": false
												}
											},
											{
												"set_block_property": {
													"uf:stage": 0
												},
												"spawn_loot": {
													"table": "loot_tables/kelp_hatchery_ready.json"
												}
											}
										]
									}
								},
								"key": "add_kelp",
								"children": [
									{
										"open": {
											"set_block_property": {
												"uf:has_kelp": true
											},
											"decrement_stack": {}
										},
										"key": "set_block_property",
										"is_minified": true,
										"children": {
											"uf:has_kelp": true
										}
									},
									{
										"key": "decrement_stack",
										"is_minified": true,
										"children": {}
									}
								]
							},
							{
								"open": {
									"add_kelp": {
										"set_block_property": {
											"uf:has_kelp": true
										},
										"decrement_stack": {}
									},
									"kelp_grow": {
										"set_block_property": {
											"uf:stage": "query.block_property('uf:stage') + 1"
										}
									},
									"take_kelp": {
										"sequence": [
											{
												"set_block_property": {
													"uf:has_kelp": false
												}
											},
											{
												"set_block_property": {
													"uf:stage": 0
												},
												"spawn_loot": {
													"table": "loot_tables/kelp_hatchery_ready.json"
												}
											}
										]
									}
								},
								"key": "kelp_grow",
								"is_minified": true,
								"children": {
									"set_block_property": {
										"uf:stage": "query.block_property('uf:stage') + 1"
									}
								}
							},
							{
								"open": {
									"add_kelp": {
										"set_block_property": {
											"uf:has_kelp": true
										},
										"decrement_stack": {}
									},
									"kelp_grow": {
										"set_block_property": {
											"uf:stage": "query.block_property('uf:stage') + 1"
										}
									},
									"take_kelp": {
										"sequence": [
											{
												"set_block_property": {
													"uf:has_kelp": false
												}
											},
											{
												"set_block_property": {
													"uf:stage": 0
												},
												"spawn_loot": {
													"table": "loot_tables/kelp_hatchery_ready.json"
												}
											}
										]
									}
								},
								"key": "take_kelp",
								"children": [
									{
										"open": {
											"sequence": [
												{
													"set_block_property": {
														"uf:has_kelp": false
													}
												},
												{
													"set_block_property": {
														"uf:stage": 0
													},
													"spawn_loot": {
														"table": "loot_tables/kelp_hatchery_ready.json"
													}
												}
											]
										},
										"key": "sequence",
										"children": [
											{
												"open": [
													{
														"set_block_property": {
															"uf:has_kelp": false
														}
													},
													{
														"set_block_property": {
															"uf:stage": 0
														},
														"spawn_loot": {
															"table": "loot_tables/kelp_hatchery_ready.json"
														}
													}
												],
												"children": [
													{
														"open": {
															"set_block_property": {
																"uf:has_kelp": false
															}
														},
														"key": "set_block_property",
														"is_minified": true,
														"children": {
															"uf:has_kelp": false
														}
													}
												]
											},
											{
												"open": [
													{
														"set_block_property": {
															"uf:has_kelp": false
														}
													},
													{
														"set_block_property": {
															"uf:stage": 0
														},
														"spawn_loot": {
															"table": "loot_tables/kelp_hatchery_ready.json"
														}
													}
												],
												"children": [
													{
														"open": {
															"set_block_property": {
																"uf:stage": 0
															},
															"spawn_loot": {
																"table": "loot_tables/kelp_hatchery_ready.json"
															}
														},
														"key": "set_block_property",
														"is_minified": true,
														"children": {
															"uf:stage": 0
														}
													},
													{
														"open": {
															"set_block_property": {
																"uf:stage": 0
															},
															"spawn_loot": {
																"table": "loot_tables/kelp_hatchery_ready.json"
															}
														},
														"key": "spawn_loot",
														"is_minified": true,
														"children": {
															"table": "loot_tables/kelp_hatchery_ready.json"
														}
													}
												]
											}
										]
									}
								]
							}
						]
					}
				]
			}
		]
	}
}