{
	"file_path": "C:\\Users\\chupi\\AppData\\Local\\Packages\\Microsoft.MinecraftUWP_8wekyb3d8bbwe\\LocalState\\games\\com.mojang\\development_behavior_packs\\Ultra Farming Addon\\blocks\\furniture\\popcorn_machine.json",
	"file_type": "block",
	"format_version": 1,
	"file_uuid": "2e174eb2_05c4_49c6_ae75_e9ee49e1481b",
	"file_version": 25,
	"cache_content": {
		"children": [
			{
				"data": "1.16.0",
				"key": "format_version"
			},
			{
				"open": {
					"format_version": "1.16.0",
					"minecraft:block": {
						"description": {
							"identifier": "uf:popcorn_machine",
							"is_experimental": false,
							"properties": {
								"uf:stage": [
									0,
									1,
									2,
									3
								],
								"uf:is_on": [
									false,
									true
								]
							}
						},
						"components": {
							"minecraft:destroy_time": 0.2,
							"minecraft:explosion_resistance": 1,
							"minecraft:geometry": "geometry.popcorn_machine",
							"minecraft:material_instances": {
								"*": {
									"texture": "uf_popcorn_machine",
									"ambient_occlusion": false,
									"render_method": "alpha_test"
								}
							}
						},
						"permutations": [
							{
								"condition": "query.block_property('uf:is_on') && query.block_property('uf:stage') < 3",
								"components": {
									"minecraft:ticking": {
										"range": [
											3,
											3
										],
										"on_tick": {
											"event": "uf:change_popcorn_stage"
										}
									}
								}
							},
							{
								"condition": "query.block_property('uf:stage') == 0 && !query.block_property('is:on')",
								"components": {
									"minecraft:on_interact": {
										"event": "uf:start_popcorn"
									}
								}
							},
							{
								"condition": "query.block_property('uf:stage') == 1",
								"components": {
									"minecraft:geometry": "geometry.popcorn_machine_stage_1"
								}
							},
							{
								"condition": "query.block_property('uf:stage') == 2",
								"components": {
									"minecraft:geometry": "geometry.popcorn_machine_stage_2"
								}
							},
							{
								"condition": "query.block_property('uf:stage') == 3",
								"components": {
									"minecraft:geometry": "geometry.popcorn_machine_stage_3"
								}
							}
						],
						"events": {
							"uf:start_popcorn": {
								"set_block_property": {
									"uf:is_on": true
								},
								"run_command": {
									"command": "playsound duf.popcorn @p ~~~ 1.5 1"
								}
							},
							"uf:change_popcorn_stage": {
								"set_block_property": {
									"uf:stage": "query.block_property('uf:stage') + 1"
								}
							}
						}
					}
				},
				"key": "minecraft:block",
				"children": [
					{
						"open": {
							"description": {
								"identifier": "uf:popcorn_machine",
								"is_experimental": false,
								"properties": {
									"uf:stage": [
										0,
										1,
										2,
										3
									],
									"uf:is_on": [
										false,
										true
									]
								}
							},
							"components": {
								"minecraft:destroy_time": 0.2,
								"minecraft:explosion_resistance": 1,
								"minecraft:geometry": "geometry.popcorn_machine",
								"minecraft:material_instances": {
									"*": {
										"texture": "uf_popcorn_machine",
										"ambient_occlusion": false,
										"render_method": "alpha_test"
									}
								}
							},
							"permutations": [
								{
									"condition": "query.block_property('uf:is_on') && query.block_property('uf:stage') < 3",
									"components": {
										"minecraft:ticking": {
											"range": [
												3,
												3
											],
											"on_tick": {
												"event": "uf:change_popcorn_stage"
											}
										}
									}
								},
								{
									"condition": "query.block_property('uf:stage') == 0 && !query.block_property('is:on')",
									"components": {
										"minecraft:on_interact": {
											"event": "uf:start_popcorn"
										}
									}
								},
								{
									"condition": "query.block_property('uf:stage') == 1",
									"components": {
										"minecraft:geometry": "geometry.popcorn_machine_stage_1"
									}
								},
								{
									"condition": "query.block_property('uf:stage') == 2",
									"components": {
										"minecraft:geometry": "geometry.popcorn_machine_stage_2"
									}
								},
								{
									"condition": "query.block_property('uf:stage') == 3",
									"components": {
										"minecraft:geometry": "geometry.popcorn_machine_stage_3"
									}
								}
							],
							"events": {
								"uf:start_popcorn": {
									"set_block_property": {
										"uf:is_on": true
									},
									"run_command": {
										"command": "playsound duf.popcorn @p ~~~ 1.5 1"
									}
								},
								"uf:change_popcorn_stage": {
									"set_block_property": {
										"uf:stage": "query.block_property('uf:stage') + 1"
									}
								}
							}
						},
						"key": "description",
						"children": [
							{
								"data": "uf:popcorn_machine",
								"key": "identifier"
							},
							{
								"data": "false",
								"key": "is_experimental"
							},
							{
								"open": {
									"identifier": "uf:popcorn_machine",
									"is_experimental": false,
									"properties": {
										"uf:stage": [
											0,
											1,
											2,
											3
										],
										"uf:is_on": [
											false,
											true
										]
									}
								},
								"key": "properties",
								"children": [
									{
										"open": {
											"uf:stage": [
												0,
												1,
												2,
												3
											],
											"uf:is_on": [
												false,
												true
											]
										},
										"key": "uf:stage",
										"is_minified": true,
										"children": [
											0,
											1,
											2,
											3
										]
									},
									{
										"open": {
											"uf:stage": [
												0,
												1,
												2,
												3
											],
											"uf:is_on": [
												false,
												true
											]
										},
										"key": "uf:is_on",
										"is_minified": true,
										"children": [
											false,
											true
										]
									}
								]
							}
						]
					},
					{
						"open": {
							"description": {
								"identifier": "uf:popcorn_machine",
								"is_experimental": false,
								"properties": {
									"uf:stage": [
										0,
										1,
										2,
										3
									],
									"uf:is_on": [
										false,
										true
									]
								}
							},
							"components": {
								"minecraft:destroy_time": 0.2,
								"minecraft:explosion_resistance": 1,
								"minecraft:geometry": "geometry.popcorn_machine",
								"minecraft:material_instances": {
									"*": {
										"texture": "uf_popcorn_machine",
										"ambient_occlusion": false,
										"render_method": "alpha_test"
									}
								}
							},
							"permutations": [
								{
									"condition": "query.block_property('uf:is_on') && query.block_property('uf:stage') < 3",
									"components": {
										"minecraft:ticking": {
											"range": [
												3,
												3
											],
											"on_tick": {
												"event": "uf:change_popcorn_stage"
											}
										}
									}
								},
								{
									"condition": "query.block_property('uf:stage') == 0 && !query.block_property('is:on')",
									"components": {
										"minecraft:on_interact": {
											"event": "uf:start_popcorn"
										}
									}
								},
								{
									"condition": "query.block_property('uf:stage') == 1",
									"components": {
										"minecraft:geometry": "geometry.popcorn_machine_stage_1"
									}
								},
								{
									"condition": "query.block_property('uf:stage') == 2",
									"components": {
										"minecraft:geometry": "geometry.popcorn_machine_stage_2"
									}
								},
								{
									"condition": "query.block_property('uf:stage') == 3",
									"components": {
										"minecraft:geometry": "geometry.popcorn_machine_stage_3"
									}
								}
							],
							"events": {
								"uf:start_popcorn": {
									"set_block_property": {
										"uf:is_on": true
									},
									"run_command": {
										"command": "playsound duf.popcorn @p ~~~ 1.5 1"
									}
								},
								"uf:change_popcorn_stage": {
									"set_block_property": {
										"uf:stage": "query.block_property('uf:stage') + 1"
									}
								}
							}
						},
						"key": "components",
						"children": [
							{
								"data": "0.2",
								"key": "minecraft:destroy_time"
							},
							{
								"data": "1",
								"key": "minecraft:explosion_resistance"
							},
							{
								"data": "geometry.popcorn_machine",
								"key": "minecraft:geometry"
							},
							{
								"open": {
									"minecraft:destroy_time": 0.2,
									"minecraft:explosion_resistance": 1,
									"minecraft:geometry": "geometry.popcorn_machine",
									"minecraft:material_instances": {
										"*": {
											"texture": "uf_popcorn_machine",
											"ambient_occlusion": false,
											"render_method": "alpha_test"
										}
									}
								},
								"key": "minecraft:material_instances",
								"children": [
									{
										"open": {
											"*": {
												"texture": "uf_popcorn_machine",
												"ambient_occlusion": false,
												"render_method": "alpha_test"
											}
										},
										"key": "*",
										"is_minified": true,
										"children": {
											"texture": "uf_popcorn_machine",
											"ambient_occlusion": false,
											"render_method": "alpha_test"
										}
									}
								]
							}
						]
					},
					{
						"open": {
							"description": {
								"identifier": "uf:popcorn_machine",
								"is_experimental": false,
								"properties": {
									"uf:stage": [
										0,
										1,
										2,
										3
									],
									"uf:is_on": [
										false,
										true
									]
								}
							},
							"components": {
								"minecraft:destroy_time": 0.2,
								"minecraft:explosion_resistance": 1,
								"minecraft:geometry": "geometry.popcorn_machine",
								"minecraft:material_instances": {
									"*": {
										"texture": "uf_popcorn_machine",
										"ambient_occlusion": false,
										"render_method": "alpha_test"
									}
								}
							},
							"permutations": [
								{
									"condition": "query.block_property('uf:is_on') && query.block_property('uf:stage') < 3",
									"components": {
										"minecraft:ticking": {
											"range": [
												3,
												3
											],
											"on_tick": {
												"event": "uf:change_popcorn_stage"
											}
										}
									}
								},
								{
									"condition": "query.block_property('uf:stage') == 0 && !query.block_property('is:on')",
									"components": {
										"minecraft:on_interact": {
											"event": "uf:start_popcorn"
										}
									}
								},
								{
									"condition": "query.block_property('uf:stage') == 1",
									"components": {
										"minecraft:geometry": "geometry.popcorn_machine_stage_1"
									}
								},
								{
									"condition": "query.block_property('uf:stage') == 2",
									"components": {
										"minecraft:geometry": "geometry.popcorn_machine_stage_2"
									}
								},
								{
									"condition": "query.block_property('uf:stage') == 3",
									"components": {
										"minecraft:geometry": "geometry.popcorn_machine_stage_3"
									}
								}
							],
							"events": {
								"uf:start_popcorn": {
									"set_block_property": {
										"uf:is_on": true
									},
									"run_command": {
										"command": "playsound duf.popcorn @p ~~~ 1.5 1"
									}
								},
								"uf:change_popcorn_stage": {
									"set_block_property": {
										"uf:stage": "query.block_property('uf:stage') + 1"
									}
								}
							}
						},
						"key": "permutations",
						"children": [
							{
								"open": [
									{
										"condition": "query.block_property('uf:is_on') && query.block_property('uf:stage') < 3",
										"components": {
											"minecraft:ticking": {
												"range": [
													3,
													3
												],
												"on_tick": {
													"event": "uf:change_popcorn_stage"
												}
											}
										}
									},
									{
										"condition": "query.block_property('uf:stage') == 0 && !query.block_property('is:on')",
										"components": {
											"minecraft:on_interact": {
												"event": "uf:start_popcorn"
											}
										}
									},
									{
										"condition": "query.block_property('uf:stage') == 1",
										"components": {
											"minecraft:geometry": "geometry.popcorn_machine_stage_1"
										}
									},
									{
										"condition": "query.block_property('uf:stage') == 2",
										"components": {
											"minecraft:geometry": "geometry.popcorn_machine_stage_2"
										}
									},
									{
										"condition": "query.block_property('uf:stage') == 3",
										"components": {
											"minecraft:geometry": "geometry.popcorn_machine_stage_3"
										}
									}
								],
								"children": [
									{
										"open": {
											"condition": "query.block_property('uf:is_on') && query.block_property('uf:stage') < 3",
											"components": {
												"minecraft:ticking": {
													"range": [
														3,
														3
													],
													"on_tick": {
														"event": "uf:change_popcorn_stage"
													}
												}
											}
										},
										"data": "query.block_property('uf:is_on') && query.block_property('uf:stage') < 3",
										"key": "condition"
									},
									{
										"open": {
											"condition": "query.block_property('uf:is_on') && query.block_property('uf:stage') < 3",
											"components": {
												"minecraft:ticking": {
													"range": [
														3,
														3
													],
													"on_tick": {
														"event": "uf:change_popcorn_stage"
													}
												}
											}
										},
										"key": "components",
										"children": [
											{
												"open": {
													"minecraft:ticking": {
														"range": [
															3,
															3
														],
														"on_tick": {
															"event": "uf:change_popcorn_stage"
														}
													}
												},
												"key": "minecraft:ticking",
												"children": [
													{
														"open": {
															"range": [
																3,
																3
															],
															"on_tick": {
																"event": "uf:change_popcorn_stage"
															}
														},
														"key": "range",
														"is_minified": true,
														"children": [
															3,
															3
														]
													},
													{
														"open": {
															"range": [
																3,
																3
															],
															"on_tick": {
																"event": "uf:change_popcorn_stage"
															}
														},
														"key": "on_tick",
														"is_minified": true,
														"children": {
															"event": "uf:change_popcorn_stage"
														}
													}
												]
											}
										]
									}
								]
							},
							{
								"is_minified": true,
								"children": {
									"condition": "query.block_property('uf:stage') == 0 && !query.block_property('is:on')",
									"components": {
										"minecraft:on_interact": {
											"event": "uf:start_popcorn"
										}
									}
								}
							},
							{
								"children": [
									{
										"open": {
											"condition": "query.block_property('uf:stage') == 1",
											"components": {
												"minecraft:geometry": "geometry.popcorn_machine_stage_1"
											}
										},
										"data": "query.block_property('uf:stage') == 1",
										"key": "condition"
									},
									{
										"open": {
											"condition": "query.block_property('uf:stage') == 1",
											"components": {
												"minecraft:geometry": "geometry.popcorn_machine_stage_1"
											}
										},
										"key": "components",
										"is_minified": true,
										"children": {
											"minecraft:geometry": "geometry.popcorn_machine_stage_1"
										}
									}
								]
							},
							{
								"children": [
									{
										"open": {
											"condition": "query.block_property('uf:stage') == 2",
											"components": {
												"minecraft:geometry": "geometry.popcorn_machine_stage_2"
											}
										},
										"data": "query.block_property('uf:stage') == 2",
										"key": "condition"
									},
									{
										"open": {
											"condition": "query.block_property('uf:stage') == 2",
											"components": {
												"minecraft:geometry": "geometry.popcorn_machine_stage_2"
											}
										},
										"key": "components",
										"is_minified": true,
										"children": {
											"minecraft:geometry": "geometry.popcorn_machine_stage_2"
										}
									}
								]
							},
							{
								"children": [
									{
										"open": {
											"condition": "query.block_property('uf:stage') == 3",
											"components": {
												"minecraft:geometry": "geometry.popcorn_machine_stage_3"
											}
										},
										"data": "query.block_property('uf:stage') == 3",
										"key": "condition"
									},
									{
										"open": {
											"condition": "query.block_property('uf:stage') == 3",
											"components": {
												"minecraft:geometry": "geometry.popcorn_machine_stage_3"
											}
										},
										"key": "components",
										"is_minified": true,
										"children": {
											"minecraft:geometry": "geometry.popcorn_machine_stage_3"
										}
									}
								]
							}
						]
					},
					{
						"open": {
							"description": {
								"identifier": "uf:popcorn_machine",
								"is_experimental": false,
								"properties": {
									"uf:stage": [
										0,
										1,
										2,
										3
									],
									"uf:is_on": [
										false,
										true
									]
								}
							},
							"components": {
								"minecraft:destroy_time": 0.2,
								"minecraft:explosion_resistance": 1,
								"minecraft:geometry": "geometry.popcorn_machine",
								"minecraft:material_instances": {
									"*": {
										"texture": "uf_popcorn_machine",
										"ambient_occlusion": false,
										"render_method": "alpha_test"
									}
								}
							},
							"permutations": [
								{
									"condition": "query.block_property('uf:is_on') && query.block_property('uf:stage') < 3",
									"components": {
										"minecraft:ticking": {
											"range": [
												3,
												3
											],
											"on_tick": {
												"event": "uf:change_popcorn_stage"
											}
										}
									}
								},
								{
									"condition": "query.block_property('uf:stage') == 0 && !query.block_property('is:on')",
									"components": {
										"minecraft:on_interact": {
											"event": "uf:start_popcorn"
										}
									}
								},
								{
									"condition": "query.block_property('uf:stage') == 1",
									"components": {
										"minecraft:geometry": "geometry.popcorn_machine_stage_1"
									}
								},
								{
									"condition": "query.block_property('uf:stage') == 2",
									"components": {
										"minecraft:geometry": "geometry.popcorn_machine_stage_2"
									}
								},
								{
									"condition": "query.block_property('uf:stage') == 3",
									"components": {
										"minecraft:geometry": "geometry.popcorn_machine_stage_3"
									}
								}
							],
							"events": {
								"uf:start_popcorn": {
									"set_block_property": {
										"uf:is_on": true
									},
									"run_command": {
										"command": "playsound duf.popcorn @p ~~~ 1.5 1"
									}
								},
								"uf:change_popcorn_stage": {
									"set_block_property": {
										"uf:stage": "query.block_property('uf:stage') + 1"
									}
								}
							}
						},
						"key": "events",
						"children": [
							{
								"open": {
									"uf:start_popcorn": {
										"set_block_property": {
											"uf:is_on": true
										},
										"run_command": {
											"command": "playsound duf.popcorn @p ~~~ 1.5 1"
										}
									},
									"uf:change_popcorn_stage": {
										"set_block_property": {
											"uf:stage": "query.block_property('uf:stage') + 1"
										}
									}
								},
								"key": "uf:start_popcorn",
								"children": [
									{
										"open": {
											"set_block_property": {
												"uf:is_on": true
											},
											"run_command": {
												"command": "playsound duf.popcorn @p ~~~ 1.5 1"
											}
										},
										"key": "set_block_property",
										"is_minified": true,
										"children": {
											"uf:is_on": true
										}
									},
									{
										"open": {
											"set_block_property": {
												"uf:is_on": true
											},
											"run_command": {
												"command": "playsound duf.popcorn @p ~~~ 1.5 1"
											}
										},
										"key": "run_command",
										"is_minified": true,
										"children": {
											"command": "playsound duf.popcorn @p ~~~ 1.5 1"
										}
									}
								]
							},
							{
								"open": {
									"uf:start_popcorn": {
										"set_block_property": {
											"uf:is_on": true
										},
										"run_command": {
											"command": "playsound duf.popcorn @p ~~~ 1.5 1"
										}
									},
									"uf:change_popcorn_stage": {
										"set_block_property": {
											"uf:stage": "query.block_property('uf:stage') + 1"
										}
									}
								},
								"key": "uf:change_popcorn_stage",
								"children": [
									{
										"open": {
											"set_block_property": {
												"uf:stage": "query.block_property('uf:stage') + 1"
											}
										},
										"key": "set_block_property",
										"is_minified": true,
										"children": {
											"uf:stage": "query.block_property('uf:stage') + 1"
										}
									}
								]
							}
						]
					}
				]
			}
		]
	}
}