{
	"file_path": "C:\\Users\\chupi\\AppData\\Local\\Packages\\Microsoft.MinecraftUWP_8wekyb3d8bbwe\\LocalState\\games\\com.mojang\\development_behavior_packs\\Ultra Farming Addon\\blocks\\furniture\\wheat_feeder_2.json",
	"file_type": "block",
	"format_version": 1,
	"file_uuid": "cbda7d5b_a814_43b9_946a_2cbeea05ff17",
	"file_version": 10,
	"cache_content": {
		"children": [
			{
				"data": "1.16.0",
				"key": "format_version"
			},
			{
				"open": {
					"format_version": "1.16.0",
					"minecraft:block": {
						"description": {
							"identifier": "uf:wheat_feeder_2",
							"is_experimental": false
						},
						"components": {
							"minecraft:destroy_time": 0.2,
							"minecraft:explosion_resistance": 1,
							"minecraft:geometry": "geometry.wheat_feeder_stage_2",
							"minecraft:material_instances": {
								"*": {
									"texture": "uf_wheat_feeder",
									"ambient_occlusion": false
								}
							},
							"minecraft:on_interact": {
								"event": "uf:update",
								"condition": "query.get_equipped_item_name == 'wheat'"
							},
							"minecraft:block_light_absorption": 0
						},
						"events": {
							"uf:update": {
								"run_command": {
									"command": "setblock ~~~ uf:wheat_feeder_3"
								}
							}
						}
					}
				},
				"key": "minecraft:block",
				"children": [
					{
						"open": {
							"description": {
								"identifier": "uf:wheat_feeder_2",
								"is_experimental": false
							},
							"components": {
								"minecraft:destroy_time": 0.2,
								"minecraft:explosion_resistance": 1,
								"minecraft:geometry": "geometry.wheat_feeder_stage_2",
								"minecraft:material_instances": {
									"*": {
										"texture": "uf_wheat_feeder",
										"ambient_occlusion": false
									}
								},
								"minecraft:on_interact": {
									"event": "uf:update",
									"condition": "query.get_equipped_item_name == 'wheat'"
								},
								"minecraft:block_light_absorption": 0
							},
							"events": {
								"uf:update": {
									"run_command": {
										"command": "setblock ~~~ uf:wheat_feeder_3"
									}
								}
							}
						},
						"key": "description",
						"is_minified": true,
						"children": {
							"identifier": "uf:wheat_feeder_2",
							"is_experimental": false
						}
					},
					{
						"open": {
							"description": {
								"identifier": "uf:wheat_feeder_2",
								"is_experimental": false
							},
							"components": {
								"minecraft:destroy_time": 0.2,
								"minecraft:explosion_resistance": 1,
								"minecraft:geometry": "geometry.wheat_feeder_stage_2",
								"minecraft:material_instances": {
									"*": {
										"texture": "uf_wheat_feeder",
										"ambient_occlusion": false
									}
								},
								"minecraft:on_interact": {
									"event": "uf:update",
									"condition": "query.get_equipped_item_name == 'wheat'"
								},
								"minecraft:block_light_absorption": 0
							},
							"events": {
								"uf:update": {
									"run_command": {
										"command": "setblock ~~~ uf:wheat_feeder_3"
									}
								}
							}
						},
						"key": "components",
						"children": [
							{
								"data": "0.2",
								"key": "minecraft:destroy_time"
							},
							{
								"data": "1",
								"key": "minecraft:explosion_resistance"
							},
							{
								"open": {
									"minecraft:destroy_time": 0.2,
									"minecraft:explosion_resistance": 1,
									"minecraft:geometry": "geometry.wheat_feeder_stage_2",
									"minecraft:material_instances": {
										"*": {
											"texture": "uf_wheat_feeder",
											"ambient_occlusion": false
										}
									},
									"minecraft:on_interact": {
										"event": "uf:update",
										"condition": "query.get_equipped_item_name == 'wheat'"
									},
									"minecraft:block_light_absorption": 0
								},
								"data": "geometry.wheat_feeder_stage_2",
								"key": "minecraft:geometry"
							},
							{
								"key": "minecraft:material_instances",
								"children": [
									{
										"open": {
											"*": {
												"texture": "uf_wheat_feeder",
												"ambient_occlusion": false
											}
										},
										"key": "*",
										"is_minified": true,
										"children": {
											"texture": "uf_wheat_feeder",
											"ambient_occlusion": false
										}
									}
								]
							},
							{
								"open": {
									"minecraft:destroy_time": 0.2,
									"minecraft:explosion_resistance": 1,
									"minecraft:geometry": "geometry.wheat_feeder_stage_2",
									"minecraft:material_instances": {
										"*": {
											"texture": "uf_wheat_feeder",
											"ambient_occlusion": false
										}
									},
									"minecraft:on_interact": {
										"event": "uf:update",
										"condition": "query.get_equipped_item_name == 'wheat'"
									},
									"minecraft:block_light_absorption": 0
								},
								"key": "minecraft:on_interact",
								"is_minified": true,
								"children": {
									"event": "uf:update",
									"condition": "query.get_equipped_item_name == 'wheat'"
								}
							},
							{
								"data": "0.0",
								"key": "minecraft:block_light_absorption"
							}
						]
					},
					{
						"open": {
							"description": {
								"identifier": "uf:wheat_feeder_2",
								"is_experimental": false
							},
							"components": {
								"minecraft:destroy_time": 0.2,
								"minecraft:explosion_resistance": 1,
								"minecraft:geometry": "geometry.wheat_feeder_stage_2",
								"minecraft:material_instances": {
									"*": {
										"texture": "uf_wheat_feeder",
										"ambient_occlusion": false
									}
								},
								"minecraft:on_interact": {
									"event": "uf:update",
									"condition": "query.get_equipped_item_name == 'wheat'"
								},
								"minecraft:block_light_absorption": 0
							},
							"events": {
								"uf:update": {
									"run_command": {
										"command": "setblock ~~~ uf:wheat_feeder_3"
									}
								}
							}
						},
						"key": "events",
						"children": [
							{
								"open": {
									"uf:update": {
										"run_command": {
											"command": "setblock ~~~ uf:wheat_feeder_3"
										}
									}
								},
								"key": "uf:update",
								"children": [
									{
										"open": {
											"run_command": {
												"command": "setblock ~~~ uf:wheat_feeder_3"
											}
										},
										"key": "run_command",
										"is_minified": true,
										"children": {
											"command": "setblock ~~~ uf:wheat_feeder_3"
										}
									}
								]
							}
						]
					}
				]
			}
		]
	}
}