{
	"file_path": "C:\\Users\\chupi\\AppData\\Local\\Packages\\Microsoft.MinecraftUWP_8wekyb3d8bbwe\\LocalState\\games\\com.mojang\\development_behavior_packs\\Ultra Farming Addon\\blocks\\furniture\\wheat_feeder_3.json",
	"file_type": "block",
	"format_version": 1,
	"file_uuid": "7f406199_aff4_47cb_9ff8_a38c18bc5498",
	"file_version": 11,
	"cache_content": {
		"children": [
			{
				"data": "1.16.0",
				"key": "format_version"
			},
			{
				"open": {
					"format_version": "1.16.0",
					"minecraft:block": {
						"description": {
							"identifier": "uf:wheat_feeder_3",
							"is_experimental": false
						},
						"components": {
							"minecraft:destroy_time": 0.2,
							"minecraft:explosion_resistance": 1,
							"minecraft:geometry": "geometry.wheat_feeder_stage_3",
							"minecraft:material_instances": {
								"*": {
									"texture": "uf_wheat_feeder",
									"ambient_occlusion": false
								}
							},
							"minecraft:block_light_absorption": 0
						},
						"events": {}
					}
				},
				"key": "minecraft:block",
				"children": [
					{
						"open": {
							"description": {
								"identifier": "uf:wheat_feeder_3",
								"is_experimental": false
							},
							"components": {
								"minecraft:destroy_time": 0.2,
								"minecraft:explosion_resistance": 1,
								"minecraft:geometry": "geometry.wheat_feeder_stage_3",
								"minecraft:material_instances": {
									"*": {
										"texture": "uf_wheat_feeder",
										"ambient_occlusion": false
									}
								},
								"minecraft:block_light_absorption": 0
							},
							"events": {}
						},
						"key": "description",
						"is_minified": true,
						"children": {
							"identifier": "uf:wheat_feeder_3",
							"is_experimental": false
						}
					},
					{
						"open": {
							"description": {
								"identifier": "uf:wheat_feeder_3",
								"is_experimental": false
							},
							"components": {
								"minecraft:destroy_time": 0.2,
								"minecraft:explosion_resistance": 1,
								"minecraft:geometry": "geometry.wheat_feeder_stage_3",
								"minecraft:material_instances": {
									"*": {
										"texture": "uf_wheat_feeder",
										"ambient_occlusion": false
									}
								},
								"minecraft:block_light_absorption": 0
							},
							"events": {}
						},
						"key": "components",
						"children": [
							{
								"data": "0.2",
								"key": "minecraft:destroy_time"
							},
							{
								"data": "1",
								"key": "minecraft:explosion_resistance"
							},
							{
								"open": {
									"minecraft:destroy_time": 0.2,
									"minecraft:explosion_resistance": 1,
									"minecraft:geometry": "geometry.wheat_feeder_stage_3",
									"minecraft:material_instances": {
										"*": {
											"texture": "uf_wheat_feeder",
											"ambient_occlusion": false
										}
									},
									"minecraft:block_light_absorption": 0
								},
								"data": "geometry.wheat_feeder_stage_3",
								"key": "minecraft:geometry"
							},
							{
								"key": "minecraft:material_instances",
								"children": [
									{
										"open": {
											"*": {
												"texture": "uf_wheat_feeder",
												"ambient_occlusion": false
											}
										},
										"key": "*",
										"is_minified": true,
										"children": {
											"texture": "uf_wheat_feeder",
											"ambient_occlusion": false
										}
									}
								]
							},
							{
								"data": "0.0",
								"key": "minecraft:block_light_absorption"
							}
						]
					},
					{
						"open": {
							"description": {
								"identifier": "uf:wheat_feeder_3",
								"is_experimental": false
							},
							"components": {
								"minecraft:destroy_time": 0.2,
								"minecraft:explosion_resistance": 1,
								"minecraft:geometry": "geometry.wheat_feeder_stage_3",
								"minecraft:material_instances": {
									"*": {
										"texture": "uf_wheat_feeder",
										"ambient_occlusion": false
									}
								},
								"minecraft:block_light_absorption": 0
							},
							"events": {}
						},
						"key": "events",
						"is_minified": true,
						"children": {}
					}
				]
			}
		]
	}
}