{
	"file_path": "C:\\Users\\chupi\\AppData\\Local\\Packages\\Microsoft.MinecraftUWP_8wekyb3d8bbwe\\LocalState\\games\\com.mojang\\development_behavior_packs\\Ultra Farming Addon\\blocks\\furniture\\wine_barrel.json",
	"file_type": "block",
	"format_version": 1,
	"file_uuid": "4f16683a_b508_4e12_985b_16a4f437012e",
	"file_version": 36,
	"cache_content": {
		"children": [
			{
				"data": "1.16.0",
				"key": "format_version"
			},
			{
				"open": {
					"format_version": "1.16.0",
					"minecraft:block": {
						"description": {
							"identifier": "uf:wine_barrel",
							"is_experimental": false,
							"properties": {
								"uf:wine_stage": [
									0,
									1,
									2,
									3
								]
							}
						},
						"components": {
							"minecraft:destroy_time": 0.2,
							"minecraft:explosion_resistance": 1,
							"minecraft:geometry": "geometry.wine_barrel",
							"minecraft:material_instances": {
								"*": {
									"texture": "uf_wine_barrel",
									"ambient_occlusion": false
								}
							},
							"minecraft:on_interact": {
								"event": "uf:update_wine",
								"condition": "query.get_equipped_item_name == 'grape' || query.get_equipped_item_name == 'glass_bottle'"
							},
							"minecraft:pick_collision": {
								"origin": [
									-7,
									0,
									-7
								],
								"size": [
									14,
									16,
									14
								]
							},
							"minecraft:entity_collision": {
								"origin": [
									-7,
									0,
									-7
								],
								"size": [
									14,
									16,
									14
								]
							},
							"minecraft:block_light_absorption": 0
						},
						"events": {
							"uf:update_wine": {
								"sequence": [
									{
										"condition": "query.get_equipped_item_name == 'grape' && query.block_property('uf:wine_stage') < 4",
										"set_block_property": {
											"uf:wine_stage": "query.block_property('uf:wine_stage')+1"
										},
										"decrement_stack": {}
									},
									{
										"condition": "query.get_equipped_item_name == 'glass_bottle' && query.block_property('uf:wine_stage') > 0",
										"set_block_property": {
											"uf:wine_stage": "query.block_property('uf:wine_stage')-1"
										},
										"decrement_stack": {},
										"spawn_loot": {
											"table": "loot_tables/wine.json"
										}
									}
								]
							}
						},
						"permutations": [
							{
								"condition": "query.block_property('uf:wine_stage') == 0",
								"components": {
									"minecraft:geometry": "geometry.wine_barrel"
								}
							},
							{
								"condition": "query.block_property('uf:wine_stage') == 1",
								"components": {
									"minecraft:geometry": "geometry.wine_barrel_stage_1"
								}
							},
							{
								"condition": "query.block_property('uf:wine_stage') == 2",
								"components": {
									"minecraft:geometry": "geometry.wine_barrel_stage_2"
								}
							},
							{
								"condition": "query.block_property('uf:wine_stage') == 3",
								"components": {
									"minecraft:geometry": "geometry.wine_barrel_stage_3"
								}
							}
						]
					}
				},
				"key": "minecraft:block",
				"children": [
					{
						"open": {
							"description": {
								"identifier": "uf:wine_barrel",
								"is_experimental": false,
								"properties": {
									"uf:wine_stage": [
										0,
										1,
										2,
										3
									]
								}
							},
							"components": {
								"minecraft:destroy_time": 0.2,
								"minecraft:explosion_resistance": 1,
								"minecraft:geometry": "geometry.wine_barrel",
								"minecraft:material_instances": {
									"*": {
										"texture": "uf_wine_barrel",
										"ambient_occlusion": false
									}
								},
								"minecraft:on_interact": {
									"event": "uf:update_wine",
									"condition": "query.get_equipped_item_name == 'grape' || query.get_equipped_item_name == 'glass_bottle'"
								},
								"minecraft:pick_collision": {
									"origin": [
										-7,
										0,
										-7
									],
									"size": [
										14,
										16,
										14
									]
								},
								"minecraft:entity_collision": {
									"origin": [
										-7,
										0,
										-7
									],
									"size": [
										14,
										16,
										14
									]
								},
								"minecraft:block_light_absorption": 0
							},
							"events": {
								"uf:update_wine": {
									"sequence": [
										{
											"condition": "query.get_equipped_item_name == 'grape' && query.block_property('uf:wine_stage') < 4",
											"set_block_property": {
												"uf:wine_stage": "query.block_property('uf:wine_stage')+1"
											},
											"decrement_stack": {}
										},
										{
											"condition": "query.get_equipped_item_name == 'glass_bottle' && query.block_property('uf:wine_stage') > 0",
											"set_block_property": {
												"uf:wine_stage": "query.block_property('uf:wine_stage')-1"
											},
											"decrement_stack": {},
											"spawn_loot": {
												"table": "loot_tables/wine.json"
											}
										}
									]
								}
							},
							"permutations": [
								{
									"condition": "query.block_property('uf:wine_stage') == 0",
									"components": {
										"minecraft:geometry": "geometry.wine_barrel"
									}
								},
								{
									"condition": "query.block_property('uf:wine_stage') == 1",
									"components": {
										"minecraft:geometry": "geometry.wine_barrel_stage_1"
									}
								},
								{
									"condition": "query.block_property('uf:wine_stage') == 2",
									"components": {
										"minecraft:geometry": "geometry.wine_barrel_stage_2"
									}
								},
								{
									"condition": "query.block_property('uf:wine_stage') == 3",
									"components": {
										"minecraft:geometry": "geometry.wine_barrel_stage_3"
									}
								}
							]
						},
						"key": "description",
						"children": [
							{
								"data": "uf:wine_barrel",
								"key": "identifier"
							},
							{
								"data": "false",
								"key": "is_experimental"
							},
							{
								"key": "properties",
								"children": [
									{
										"open": {
											"uf:wine_stage": [
												0,
												1,
												2,
												3
											]
										},
										"key": "uf:wine_stage",
										"is_minified": true,
										"children": [
											0,
											1,
											2,
											3
										]
									}
								]
							}
						]
					},
					{
						"open": {
							"description": {
								"identifier": "uf:wine_barrel",
								"is_experimental": false,
								"properties": {
									"uf:wine_stage": [
										0,
										1,
										2,
										3
									]
								}
							},
							"components": {
								"minecraft:destroy_time": 0.2,
								"minecraft:explosion_resistance": 1,
								"minecraft:geometry": "geometry.wine_barrel",
								"minecraft:material_instances": {
									"*": {
										"texture": "uf_wine_barrel",
										"ambient_occlusion": false
									}
								},
								"minecraft:on_interact": {
									"event": "uf:update_wine",
									"condition": "query.get_equipped_item_name == 'grape' || query.get_equipped_item_name == 'glass_bottle'"
								},
								"minecraft:pick_collision": {
									"origin": [
										-7,
										0,
										-7
									],
									"size": [
										14,
										16,
										14
									]
								},
								"minecraft:entity_collision": {
									"origin": [
										-7,
										0,
										-7
									],
									"size": [
										14,
										16,
										14
									]
								},
								"minecraft:block_light_absorption": 0
							},
							"events": {
								"uf:update_wine": {
									"sequence": [
										{
											"condition": "query.get_equipped_item_name == 'grape' && query.block_property('uf:wine_stage') < 4",
											"set_block_property": {
												"uf:wine_stage": "query.block_property('uf:wine_stage')+1"
											},
											"decrement_stack": {}
										},
										{
											"condition": "query.get_equipped_item_name == 'glass_bottle' && query.block_property('uf:wine_stage') > 0",
											"set_block_property": {
												"uf:wine_stage": "query.block_property('uf:wine_stage')-1"
											},
											"decrement_stack": {},
											"spawn_loot": {
												"table": "loot_tables/wine.json"
											}
										}
									]
								}
							},
							"permutations": [
								{
									"condition": "query.block_property('uf:wine_stage') == 0",
									"components": {
										"minecraft:geometry": "geometry.wine_barrel"
									}
								},
								{
									"condition": "query.block_property('uf:wine_stage') == 1",
									"components": {
										"minecraft:geometry": "geometry.wine_barrel_stage_1"
									}
								},
								{
									"condition": "query.block_property('uf:wine_stage') == 2",
									"components": {
										"minecraft:geometry": "geometry.wine_barrel_stage_2"
									}
								},
								{
									"condition": "query.block_property('uf:wine_stage') == 3",
									"components": {
										"minecraft:geometry": "geometry.wine_barrel_stage_3"
									}
								}
							]
						},
						"key": "components",
						"children": [
							{
								"data": "0.2",
								"key": "minecraft:destroy_time"
							},
							{
								"data": "1",
								"key": "minecraft:explosion_resistance"
							},
							{
								"data": "geometry.wine_barrel",
								"key": "minecraft:geometry"
							},
							{
								"open": {
									"minecraft:destroy_time": 0.2,
									"minecraft:explosion_resistance": 1,
									"minecraft:geometry": "geometry.wine_barrel",
									"minecraft:material_instances": {
										"*": {
											"texture": "uf_wine_barrel",
											"ambient_occlusion": false
										}
									},
									"minecraft:on_interact": {
										"event": "uf:update_wine",
										"condition": "query.get_equipped_item_name == 'grape' || query.get_equipped_item_name == 'glass_bottle'"
									},
									"minecraft:pick_collision": {
										"origin": [
											-7,
											0,
											-7
										],
										"size": [
											14,
											16,
											14
										]
									},
									"minecraft:entity_collision": {
										"origin": [
											-7,
											0,
											-7
										],
										"size": [
											14,
											16,
											14
										]
									},
									"minecraft:block_light_absorption": 0
								},
								"key": "minecraft:material_instances",
								"children": [
									{
										"open": {
											"*": {
												"texture": "uf_wine_barrel",
												"ambient_occlusion": false
											}
										},
										"key": "*",
										"is_minified": true,
										"children": {
											"texture": "uf_wine_barrel",
											"ambient_occlusion": false
										}
									}
								]
							},
							{
								"key": "minecraft:on_interact",
								"is_minified": true,
								"children": {
									"event": "uf:update_wine",
									"condition": "query.get_equipped_item_name == 'grape' || query.get_equipped_item_name == 'glass_bottle'"
								}
							},
							{
								"key": "minecraft:pick_collision",
								"children": [
									{
										"open": {
											"origin": [
												-7,
												0,
												-7
											],
											"size": [
												14,
												16,
												14
											]
										},
										"key": "origin",
										"is_minified": true,
										"children": [
											-7,
											0,
											-7
										]
									},
									{
										"open": {
											"origin": [
												-7,
												0,
												-7
											],
											"size": [
												14,
												16,
												14
											]
										},
										"key": "size",
										"is_minified": true,
										"children": [
											14,
											16,
											14
										]
									}
								]
							},
							{
								"key": "minecraft:entity_collision",
								"is_minified": true,
								"children": {
									"origin": [
										-7,
										0,
										-7
									],
									"size": [
										14,
										16,
										14
									]
								}
							},
							{
								"data": "0.0",
								"key": "minecraft:block_light_absorption"
							}
						]
					},
					{
						"key": "events",
						"children": [
							{
								"open": {
									"uf:update_wine": {
										"sequence": [
											{
												"condition": "query.get_equipped_item_name == 'grape' && query.block_property('uf:wine_stage') < 4",
												"set_block_property": {
													"uf:wine_stage": "query.block_property('uf:wine_stage')+1"
												},
												"decrement_stack": {}
											},
											{
												"condition": "query.get_equipped_item_name == 'glass_bottle' && query.block_property('uf:wine_stage') > 0",
												"set_block_property": {
													"uf:wine_stage": "query.block_property('uf:wine_stage')-1"
												},
												"decrement_stack": {},
												"spawn_loot": {
													"table": "loot_tables/wine.json"
												}
											}
										]
									}
								},
								"key": "uf:update_wine",
								"children": [
									{
										"open": {
											"sequence": [
												{
													"condition": "query.get_equipped_item_name == 'grape' && query.block_property('uf:wine_stage') < 4",
													"set_block_property": {
														"uf:wine_stage": "query.block_property('uf:wine_stage')+1"
													},
													"decrement_stack": {}
												},
												{
													"condition": "query.get_equipped_item_name == 'glass_bottle' && query.block_property('uf:wine_stage') > 0",
													"set_block_property": {
														"uf:wine_stage": "query.block_property('uf:wine_stage')-1"
													},
													"decrement_stack": {},
													"spawn_loot": {
														"table": "loot_tables/wine.json"
													}
												}
											]
										},
										"key": "sequence",
										"children": [
											{
												"open": [
													{
														"condition": "query.get_equipped_item_name == 'grape' && query.block_property('uf:wine_stage') < 4",
														"set_block_property": {
															"uf:wine_stage": "query.block_property('uf:wine_stage')+1"
														},
														"decrement_stack": {}
													},
													{
														"condition": "query.get_equipped_item_name == 'glass_bottle' && query.block_property('uf:wine_stage') > 0",
														"set_block_property": {
															"uf:wine_stage": "query.block_property('uf:wine_stage')-1"
														},
														"decrement_stack": {},
														"spawn_loot": {
															"table": "loot_tables/wine.json"
														}
													}
												],
												"is_minified": true,
												"children": {
													"condition": "query.get_equipped_item_name == 'grape' && query.block_property('uf:wine_stage') < 4",
													"set_block_property": {
														"uf:wine_stage": "query.block_property('uf:wine_stage')+1"
													},
													"decrement_stack": {}
												}
											},
											{
												"open": [
													{
														"condition": "query.get_equipped_item_name == 'grape' && query.block_property('uf:wine_stage') < 4",
														"set_block_property": {
															"uf:wine_stage": "query.block_property('uf:wine_stage')+1"
														},
														"decrement_stack": {}
													},
													{
														"condition": "query.get_equipped_item_name == 'glass_bottle' && query.block_property('uf:wine_stage') > 0",
														"set_block_property": {
															"uf:wine_stage": "query.block_property('uf:wine_stage')-1"
														},
														"decrement_stack": {},
														"spawn_loot": {
															"table": "loot_tables/wine.json"
														}
													}
												],
												"children": [
													{
														"data": "query.get_equipped_item_name == 'glass_bottle' && query.block_property('uf:wine_stage') > 0",
														"key": "condition"
													},
													{
														"key": "set_block_property",
														"is_minified": true,
														"children": {
															"uf:wine_stage": "query.block_property('uf:wine_stage')-1"
														}
													},
													{
														"key": "decrement_stack",
														"is_minified": true,
														"children": {}
													},
													{
														"open": {
															"condition": "query.get_equipped_item_name == 'glass_bottle' && query.block_property('uf:wine_stage') > 0",
															"set_block_property": {
																"uf:wine_stage": "query.block_property('uf:wine_stage')-1"
															},
															"decrement_stack": {},
															"spawn_loot": {
																"table": "loot_tables/wine.json"
															}
														},
														"key": "spawn_loot",
														"is_minified": true,
														"children": {
															"table": "loot_tables/wine.json"
														}
													}
												]
											}
										]
									}
								]
							}
						]
					},
					{
						"open": {
							"description": {
								"identifier": "uf:wine_barrel",
								"is_experimental": false,
								"properties": {
									"uf:wine_stage": [
										0,
										1,
										2,
										3
									]
								}
							},
							"components": {
								"minecraft:destroy_time": 0.2,
								"minecraft:explosion_resistance": 1,
								"minecraft:geometry": "geometry.wine_barrel",
								"minecraft:material_instances": {
									"*": {
										"texture": "uf_wine_barrel",
										"ambient_occlusion": false
									}
								},
								"minecraft:on_interact": {
									"event": "uf:update_wine",
									"condition": "query.get_equipped_item_name == 'grape' || query.get_equipped_item_name == 'glass_bottle'"
								},
								"minecraft:pick_collision": {
									"origin": [
										-7,
										0,
										-7
									],
									"size": [
										14,
										16,
										14
									]
								},
								"minecraft:entity_collision": {
									"origin": [
										-7,
										0,
										-7
									],
									"size": [
										14,
										16,
										14
									]
								},
								"minecraft:block_light_absorption": 0
							},
							"events": {
								"uf:update_wine": {
									"sequence": [
										{
											"condition": "query.get_equipped_item_name == 'grape' && query.block_property('uf:wine_stage') < 4",
											"set_block_property": {
												"uf:wine_stage": "query.block_property('uf:wine_stage')+1"
											},
											"decrement_stack": {}
										},
										{
											"condition": "query.get_equipped_item_name == 'glass_bottle' && query.block_property('uf:wine_stage') > 0",
											"set_block_property": {
												"uf:wine_stage": "query.block_property('uf:wine_stage')-1"
											},
											"decrement_stack": {},
											"spawn_loot": {
												"table": "loot_tables/wine.json"
											}
										}
									]
								}
							},
							"permutations": [
								{
									"condition": "query.block_property('uf:wine_stage') == 0",
									"components": {
										"minecraft:geometry": "geometry.wine_barrel"
									}
								},
								{
									"condition": "query.block_property('uf:wine_stage') == 1",
									"components": {
										"minecraft:geometry": "geometry.wine_barrel_stage_1"
									}
								},
								{
									"condition": "query.block_property('uf:wine_stage') == 2",
									"components": {
										"minecraft:geometry": "geometry.wine_barrel_stage_2"
									}
								},
								{
									"condition": "query.block_property('uf:wine_stage') == 3",
									"components": {
										"minecraft:geometry": "geometry.wine_barrel_stage_3"
									}
								}
							]
						},
						"key": "permutations",
						"children": [
							{
								"is_minified": true,
								"children": {
									"condition": "query.block_property('uf:wine_stage') == 0",
									"components": {
										"minecraft:geometry": "geometry.wine_barrel"
									}
								}
							},
							{
								"children": [
									{
										"open": {
											"condition": "query.block_property('uf:wine_stage') == 1",
											"components": {
												"minecraft:geometry": "geometry.wine_barrel_stage_1"
											}
										},
										"data": "query.block_property('uf:wine_stage') == 1",
										"key": "condition"
									},
									{
										"open": {
											"condition": "query.block_property('uf:wine_stage') == 1",
											"components": {
												"minecraft:geometry": "geometry.wine_barrel_stage_1"
											}
										},
										"key": "components",
										"is_minified": true,
										"children": {
											"minecraft:geometry": "geometry.wine_barrel_stage_1"
										}
									}
								]
							},
							{
								"children": [
									{
										"open": {
											"condition": "query.block_property('uf:wine_stage') == 2",
											"components": {
												"minecraft:geometry": "geometry.wine_barrel_stage_2"
											}
										},
										"data": "query.block_property('uf:wine_stage') == 2",
										"key": "condition"
									},
									{
										"open": {
											"condition": "query.block_property('uf:wine_stage') == 2",
											"components": {
												"minecraft:geometry": "geometry.wine_barrel_stage_2"
											}
										},
										"key": "components",
										"is_minified": true,
										"children": {
											"minecraft:geometry": "geometry.wine_barrel_stage_2"
										}
									}
								]
							},
							{
								"children": [
									{
										"open": {
											"condition": "query.block_property('uf:wine_stage') == 3",
											"components": {
												"minecraft:geometry": "geometry.wine_barrel_stage_3"
											}
										},
										"data": "query.block_property('uf:wine_stage') == 3",
										"key": "condition"
									},
									{
										"open": {
											"condition": "query.block_property('uf:wine_stage') == 3",
											"components": {
												"minecraft:geometry": "geometry.wine_barrel_stage_3"
											}
										},
										"key": "components",
										"is_minified": true,
										"children": {
											"minecraft:geometry": "geometry.wine_barrel_stage_3"
										}
									}
								]
							}
						]
					}
				]
			}
		]
	}
}