{
	"file_path": "C:\\Users\\chupi\\AppData\\Local\\Packages\\Microsoft.MinecraftUWP_8wekyb3d8bbwe\\LocalState\\games\\com.mojang\\development_behavior_packs\\Ultra Farming Addon\\items\\cooked_food\\beef_stew.json",
	"file_type": "item",
	"format_version": 1,
	"file_uuid": "73a1f666_488b_4d5e_af44_daf6c87788f5",
	"file_version": 4,
	"cache_content": {
		"children": [
			{
				"data": "1.16.100",
				"key": "format_version"
			},
			{
				"open": {
					"format_version": "1.16.100",
					"minecraft:item": {
						"description": {
							"identifier": "uf:beef_stew",
							"category": "equipment"
						},
						"components": {
							"minecraft:use_duration": 1.7,
							"minecraft:food": {
								"nutrition": 10,
								"using_converts_to": "minecraft:bowl",
								"saturation_modifier": "max"
							},
							"minecraft:icon": {
								"texture": "uf_beef_stew"
							},
							"minecraft:use_animation": "eat",
							"minecraft:render_offsets": "apple",
							"minecraft:creative_category": {
								"parent": "itemGroup.name.miscFood"
							}
						}
					}
				},
				"key": "minecraft:item",
				"children": [
					{
						"open": {
							"description": {
								"identifier": "uf:beef_stew",
								"category": "equipment"
							},
							"components": {
								"minecraft:use_duration": 1.7,
								"minecraft:food": {
									"nutrition": 10,
									"using_converts_to": "minecraft:bowl",
									"saturation_modifier": "max"
								},
								"minecraft:icon": {
									"texture": "uf_beef_stew"
								},
								"minecraft:use_animation": "eat",
								"minecraft:render_offsets": "apple",
								"minecraft:creative_category": {
									"parent": "itemGroup.name.miscFood"
								}
							}
						},
						"key": "description",
						"is_minified": true,
						"children": {
							"identifier": "uf:beef_stew",
							"category": "equipment"
						}
					},
					{
						"open": {
							"description": {
								"identifier": "uf:beef_stew",
								"category": "equipment"
							},
							"components": {
								"minecraft:use_duration": 1.7,
								"minecraft:food": {
									"nutrition": 10,
									"using_converts_to": "minecraft:bowl",
									"saturation_modifier": "max"
								},
								"minecraft:icon": {
									"texture": "uf_beef_stew"
								},
								"minecraft:use_animation": "eat",
								"minecraft:render_offsets": "apple",
								"minecraft:creative_category": {
									"parent": "itemGroup.name.miscFood"
								}
							}
						},
						"key": "components",
						"children": [
							{
								"open": {
									"minecraft:use_duration": 1.7,
									"minecraft:food": {
										"nutrition": 10,
										"using_converts_to": "minecraft:bowl",
										"saturation_modifier": "max"
									},
									"minecraft:icon": {
										"texture": "uf_beef_stew"
									},
									"minecraft:use_animation": "eat",
									"minecraft:render_offsets": "apple",
									"minecraft:creative_category": {
										"parent": "itemGroup.name.miscFood"
									}
								},
								"data": "1.7",
								"key": "minecraft:use_duration"
							},
							{
								"open": {
									"minecraft:use_duration": 1.7,
									"minecraft:food": {
										"nutrition": 10,
										"using_converts_to": "minecraft:bowl",
										"saturation_modifier": "max"
									},
									"minecraft:icon": {
										"texture": "uf_beef_stew"
									},
									"minecraft:use_animation": "eat",
									"minecraft:render_offsets": "apple",
									"minecraft:creative_category": {
										"parent": "itemGroup.name.miscFood"
									}
								},
								"key": "minecraft:food",
								"is_minified": true,
								"children": {
									"nutrition": 10,
									"using_converts_to": "minecraft:bowl",
									"saturation_modifier": "max"
								}
							},
							{
								"open": {
									"minecraft:use_duration": 1.7,
									"minecraft:food": {
										"nutrition": 10,
										"using_converts_to": "minecraft:bowl",
										"saturation_modifier": "max"
									},
									"minecraft:icon": {
										"texture": "uf_beef_stew"
									},
									"minecraft:use_animation": "eat",
									"minecraft:render_offsets": "apple",
									"minecraft:creative_category": {
										"parent": "itemGroup.name.miscFood"
									}
								},
								"key": "minecraft:icon",
								"is_minified": true,
								"children": {
									"texture": "uf_beef_stew"
								}
							},
							{
								"data": "eat",
								"key": "minecraft:use_animation"
							},
							{
								"data": "apple",
								"key": "minecraft:render_offsets"
							},
							{
								"open": {
									"minecraft:use_duration": 1.7,
									"minecraft:food": {
										"nutrition": 10,
										"using_converts_to": "minecraft:bowl",
										"saturation_modifier": "max"
									},
									"minecraft:icon": {
										"texture": "uf_beef_stew"
									},
									"minecraft:use_animation": "eat",
									"minecraft:render_offsets": "apple",
									"minecraft:creative_category": {
										"parent": "itemGroup.name.miscFood"
									}
								},
								"key": "minecraft:creative_category",
								"is_minified": true,
								"children": {
									"parent": "itemGroup.name.miscFood"
								}
							}
						]
					}
				]
			}
		]
	}
}