{
	"file_path": "C:\\Users\\chupi\\AppData\\Local\\Packages\\Microsoft.MinecraftUWP_8wekyb3d8bbwe\\LocalState\\games\\com.mojang\\development_behavior_packs\\Ultra Farming Addon\\items\\cooked_food\\fried_egg.json",
	"file_type": "item",
	"format_version": 1,
	"file_uuid": "ab179e2f_a936_4639_b312_72fee76ca134",
	"file_version": 2,
	"cache_content": {
		"children": [
			{
				"data": "1.16.100",
				"key": "format_version"
			},
			{
				"open": {
					"format_version": "1.16.100",
					"minecraft:item": {
						"description": {
							"identifier": "uf:fried_egg",
							"category": "nature"
						},
						"components": {
							"minecraft:use_duration": 1.6,
							"minecraft:food": {
								"nutrition": 6,
								"saturation_modifier": "normal"
							},
							"minecraft:icon": {
								"texture": "uf_fried_egg"
							},
							"minecraft:use_animation": "eat",
							"minecraft:render_offsets": "apple"
						}
					}
				},
				"key": "minecraft:item",
				"children": [
					{
						"open": {
							"description": {
								"identifier": "uf:fried_egg",
								"category": "nature"
							},
							"components": {
								"minecraft:use_duration": 1.6,
								"minecraft:food": {
									"nutrition": 6,
									"saturation_modifier": "normal"
								},
								"minecraft:icon": {
									"texture": "uf_fried_egg"
								},
								"minecraft:use_animation": "eat",
								"minecraft:render_offsets": "apple"
							}
						},
						"key": "description",
						"is_minified": true,
						"children": {
							"identifier": "uf:fried_egg",
							"category": "nature"
						}
					},
					{
						"open": {
							"description": {
								"identifier": "uf:fried_egg",
								"category": "nature"
							},
							"components": {
								"minecraft:use_duration": 1.6,
								"minecraft:food": {
									"nutrition": 6,
									"saturation_modifier": "normal"
								},
								"minecraft:icon": {
									"texture": "uf_fried_egg"
								},
								"minecraft:use_animation": "eat",
								"minecraft:render_offsets": "apple"
							}
						},
						"key": "components",
						"children": [
							{
								"open": {
									"minecraft:use_duration": 1.6,
									"minecraft:food": {
										"nutrition": 6,
										"saturation_modifier": "normal"
									},
									"minecraft:icon": {
										"texture": "uf_fried_egg"
									},
									"minecraft:use_animation": "eat",
									"minecraft:render_offsets": "apple"
								},
								"data": "1.6",
								"key": "minecraft:use_duration"
							},
							{
								"open": {
									"minecraft:use_duration": 1.6,
									"minecraft:food": {
										"nutrition": 6,
										"saturation_modifier": "normal"
									},
									"minecraft:icon": {
										"texture": "uf_fried_egg"
									},
									"minecraft:use_animation": "eat",
									"minecraft:render_offsets": "apple"
								},
								"key": "minecraft:food",
								"is_minified": true,
								"children": {
									"nutrition": 6,
									"saturation_modifier": "normal"
								}
							},
							{
								"key": "minecraft:icon",
								"is_minified": true,
								"children": {
									"texture": "uf_fried_egg"
								}
							},
							{
								"data": "eat",
								"key": "minecraft:use_animation"
							},
							{
								"data": "apple",
								"key": "minecraft:render_offsets"
							}
						]
					}
				]
			}
		]
	}
}