{
	"file_path": "C:\\Users\\chupi\\AppData\\Local\\Packages\\Microsoft.MinecraftUWP_8wekyb3d8bbwe\\LocalState\\games\\com.mojang\\development_behavior_packs\\Ultra Farming Addon\\items\\cooked_food\\sandwich_0.json",
	"file_type": "item",
	"format_version": 1,
	"file_uuid": "79077871_b8f3_4720_9a28_b1ea9315f74e",
	"file_version": 3,
	"cache_content": {
		"children": [
			{
				"data": "1.16.100",
				"key": "format_version"
			},
			{
				"open": {
					"format_version": "1.16.100",
					"minecraft:item": {
						"description": {
							"identifier": "uf:sandwich_0",
							"category": "equipment"
						},
						"components": {
							"minecraft:use_duration": 2,
							"minecraft:food": {
								"nutrition": 9,
								"saturation_modifier": "good"
							},
							"minecraft:icon": {
								"texture": "uf_sandwich_0"
							},
							"minecraft:use_animation": "eat",
							"minecraft:render_offsets": "apple",
							"minecraft:creative_category": {
								"parent": "itemGroup.name.miscFood"
							}
						}
					}
				},
				"key": "minecraft:item",
				"children": [
					{
						"open": {
							"description": {
								"identifier": "uf:sandwich_0",
								"category": "equipment"
							},
							"components": {
								"minecraft:use_duration": 2,
								"minecraft:food": {
									"nutrition": 9,
									"saturation_modifier": "good"
								},
								"minecraft:icon": {
									"texture": "uf_sandwich_0"
								},
								"minecraft:use_animation": "eat",
								"minecraft:render_offsets": "apple",
								"minecraft:creative_category": {
									"parent": "itemGroup.name.miscFood"
								}
							}
						},
						"key": "description",
						"is_minified": true,
						"children": {
							"identifier": "uf:sandwich_0",
							"category": "equipment"
						}
					},
					{
						"open": {
							"description": {
								"identifier": "uf:sandwich_0",
								"category": "equipment"
							},
							"components": {
								"minecraft:use_duration": 2,
								"minecraft:food": {
									"nutrition": 9,
									"saturation_modifier": "good"
								},
								"minecraft:icon": {
									"texture": "uf_sandwich_0"
								},
								"minecraft:use_animation": "eat",
								"minecraft:render_offsets": "apple",
								"minecraft:creative_category": {
									"parent": "itemGroup.name.miscFood"
								}
							}
						},
						"key": "components",
						"children": [
							{
								"open": {
									"minecraft:use_duration": 2,
									"minecraft:food": {
										"nutrition": 9,
										"saturation_modifier": "good"
									},
									"minecraft:icon": {
										"texture": "uf_sandwich_0"
									},
									"minecraft:use_animation": "eat",
									"minecraft:render_offsets": "apple",
									"minecraft:creative_category": {
										"parent": "itemGroup.name.miscFood"
									}
								},
								"data": "2",
								"key": "minecraft:use_duration"
							},
							{
								"open": {
									"minecraft:use_duration": 2,
									"minecraft:food": {
										"nutrition": 9,
										"saturation_modifier": "good"
									},
									"minecraft:icon": {
										"texture": "uf_sandwich_0"
									},
									"minecraft:use_animation": "eat",
									"minecraft:render_offsets": "apple",
									"minecraft:creative_category": {
										"parent": "itemGroup.name.miscFood"
									}
								},
								"key": "minecraft:food",
								"is_minified": true,
								"children": {
									"nutrition": 9,
									"saturation_modifier": "good"
								}
							},
							{
								"key": "minecraft:icon",
								"is_minified": true,
								"children": {
									"texture": "uf_sandwich_0"
								}
							},
							{
								"data": "eat",
								"key": "minecraft:use_animation"
							},
							{
								"data": "apple",
								"key": "minecraft:render_offsets"
							},
							{
								"key": "minecraft:creative_category",
								"is_minified": true,
								"children": {
									"parent": "itemGroup.name.miscFood"
								}
							}
						]
					}
				]
			}
		]
	}
}