{
	"file_path": "C:\\Users\\chupi\\AppData\\Local\\Packages\\Microsoft.MinecraftUWP_8wekyb3d8bbwe\\LocalState\\games\\com.mojang\\development_behavior_packs\\Ultra Farming Addon\\items\\cooked_food\\wine.json",
	"file_type": "item",
	"format_version": 1,
	"file_uuid": "a6310cb5_34ed_4155_880b_fbc81dc5b173",
	"file_version": 7,
	"cache_content": {
		"children": [
			{
				"data": "1.1",
				"key": "format_version"
			},
			{
				"open": {
					"format_version": 1.1,
					"minecraft:item": {
						"description": {
							"identifier": "uf:wine",
							"category": "equipment"
						},
						"components": {
							"minecraft:use_duration": 1.6,
							"minecraft:max_stack_size": 1,
							"minecraft:food": {
								"nutrition": 1,
								"can_always_eat": true,
								"using_converts_to": "minecraft:glass_bottle"
							},
							"minecraft:creative_category": {
								"parent": "itemGroup.name.miscFood"
							}
						}
					}
				},
				"key": "minecraft:item",
				"children": [
					{
						"open": {
							"description": {
								"identifier": "uf:wine",
								"category": "equipment"
							},
							"components": {
								"minecraft:use_duration": 1.6,
								"minecraft:max_stack_size": 1,
								"minecraft:food": {
									"nutrition": 1,
									"can_always_eat": true,
									"using_converts_to": "minecraft:glass_bottle"
								},
								"minecraft:creative_category": {
									"parent": "itemGroup.name.miscFood"
								}
							}
						},
						"key": "description",
						"is_minified": true,
						"children": {
							"identifier": "uf:wine",
							"category": "equipment"
						}
					},
					{
						"open": {
							"description": {
								"identifier": "uf:wine",
								"category": "equipment"
							},
							"components": {
								"minecraft:use_duration": 1.6,
								"minecraft:max_stack_size": 1,
								"minecraft:food": {
									"nutrition": 1,
									"can_always_eat": true,
									"using_converts_to": "minecraft:glass_bottle"
								},
								"minecraft:creative_category": {
									"parent": "itemGroup.name.miscFood"
								}
							}
						},
						"key": "components",
						"children": [
							{
								"open": {
									"minecraft:use_duration": 1.6,
									"minecraft:max_stack_size": 1,
									"minecraft:food": {
										"nutrition": 1,
										"can_always_eat": true,
										"using_converts_to": "minecraft:glass_bottle"
									},
									"minecraft:creative_category": {
										"parent": "itemGroup.name.miscFood"
									}
								},
								"data": "1.6",
								"key": "minecraft:use_duration"
							},
							{
								"data": "true",
								"key": "minecraft:foil",
								"is_active": false
							},
							{
								"data": "1",
								"key": "minecraft:max_stack_size"
							},
							{
								"open": {
									"minecraft:use_duration": 1.6,
									"minecraft:max_stack_size": 1,
									"minecraft:food": {
										"nutrition": 1,
										"can_always_eat": true,
										"using_converts_to": "minecraft:glass_bottle"
									},
									"minecraft:creative_category": {
										"parent": "itemGroup.name.miscFood"
									}
								},
								"key": "minecraft:food",
								"is_minified": true,
								"children": {
									"nutrition": 1,
									"can_always_eat": true,
									"using_converts_to": "minecraft:glass_bottle"
								}
							},
							{
								"key": "minecraft:creative_category",
								"is_minified": true,
								"children": {
									"parent": "itemGroup.name.miscFood"
								}
							}
						]
					}
				]
			}
		]
	}
}