{
	"file_path": "C:\\Users\\chupi\\AppData\\Local\\Packages\\Microsoft.MinecraftUWP_8wekyb3d8bbwe\\LocalState\\games\\com.mojang\\development_resource_packs\\Ultra Farming\\manifest.json",
	"file_type": "manifest_rp",
	"format_version": 1,
	"file_uuid": "801b955b_c914_43ba_9201_ce30d657e79d",
	"file_version": 2,
	"cache_content": {
		"children": [
			{
				"data": "2",
				"key": "format_version"
			},
			{
				"open": {
					"format_version": 2,
					"header": {
						"name": "Ultra Farming [RP]",
						"description": "Ultra Farming Resource Pack",
						"uuid": "c9d02b03-278a-44cd-96ac-742a3d5b968a",
						"version": [
							2,
							0,
							0
						],
						"min_engine_version": [
							1,
							13,
							0
						]
					},
					"modules": [
						{
							"type": "resources",
							"uuid": "313af46d-f769-40dd-be06-3ef91a028295",
							"version": [
								2,
								0,
								0
							]
						}
					]
				},
				"key": "header",
				"children": [
					{
						"data": "Ultra Farming [RP]",
						"key": "name"
					},
					{
						"data": "Ultra Farming Resource Pack",
						"key": "description"
					},
					{
						"data": "c9d02b03-278a-44cd-96ac-742a3d5b968a",
						"key": "uuid"
					},
					{
						"open": {
							"name": "Ultra Farming [RP]",
							"description": "Ultra Farming Resource Pack",
							"uuid": "c9d02b03-278a-44cd-96ac-742a3d5b968a",
							"version": [
								2,
								0,
								0
							],
							"min_engine_version": [
								1,
								13,
								0
							]
						},
						"key": "version",
						"is_minified": true,
						"children": [
							2,
							0,
							0
						]
					},
					{
						"open": {
							"name": "Ultra Farming [RP]",
							"description": "Ultra Farming Resource Pack",
							"uuid": "c9d02b03-278a-44cd-96ac-742a3d5b968a",
							"version": [
								2,
								0,
								0
							],
							"min_engine_version": [
								1,
								13,
								0
							]
						},
						"key": "min_engine_version",
						"is_minified": true,
						"children": [
							1,
							13,
							0
						]
					}
				]
			},
			{
				"open": {
					"format_version": 2,
					"header": {
						"name": "Ultra Farming [RP]",
						"description": "Ultra Farming Resource Pack",
						"uuid": "c9d02b03-278a-44cd-96ac-742a3d5b968a",
						"version": [
							2,
							0,
							0
						],
						"min_engine_version": [
							1,
							13,
							0
						]
					},
					"modules": [
						{
							"type": "resources",
							"uuid": "313af46d-f769-40dd-be06-3ef91a028295",
							"version": [
								2,
								0,
								0
							]
						}
					]
				},
				"key": "modules",
				"children": [
					{
						"open": [
							{
								"type": "resources",
								"uuid": "313af46d-f769-40dd-be06-3ef91a028295",
								"version": [
									2,
									0,
									0
								]
							}
						],
						"children": [
							{
								"data": "resources",
								"key": "type"
							},
							{
								"data": "313af46d-f769-40dd-be06-3ef91a028295",
								"key": "uuid"
							},
							{
								"open": {
									"type": "resources",
									"uuid": "313af46d-f769-40dd-be06-3ef91a028295",
									"version": [
										2,
										0,
										0
									]
								},
								"key": "version",
								"is_minified": true,
								"children": [
									2,
									0,
									0
								]
							}
						]
					}
				]
			}
		]
	}
}