{
	"file_path": "C:\\Users\\chupi\\AppData\\Local\\Packages\\Microsoft.MinecraftUWP_8wekyb3d8bbwe\\LocalState\\games\\com.mojang\\development_resource_packs\\Ultra Farming\\blocks.json",
	"file_type": "client_block",
	"format_version": 1,
	"file_uuid": "84534a55_4d2f_44ce_9c49_c6ee6c9c8641",
	"file_version": 2,
	"cache_content": {
		"children": [
			{
				"key": "format_version",
				"is_minified": true,
				"children": [
					1,
					1,
					0
				]
			},
			{
				"key": "uf:corn_crop",
				"is_minified": true,
				"children": {
					"textures": "uf_corn_crop_0",
					"sound": "grass"
				}
			},
			{
				"key": "uf:custom_farm_land",
				"is_minified": true,
				"children": {
					"textures": "uf_custom_farm_land",
					"sound": "gravel"
				}
			},
			{
				"key": "uf:lettuce_crop",
				"is_minified": true,
				"children": {
					"textures": "uf_lettuce_crop",
					"sound": "grass"
				}
			},
			{
				"key": "uf:wheat_feeder",
				"is_minified": true,
				"children": {
					"textures": "uf_wheat_feeder",
					"sound": "grass"
				}
			},
			{
				"key": "uf:wheat_feeder_1",
				"is_minified": true,
				"children": {
					"textures": "uf_wheat_feeder",
					"sound": "grass"
				}
			},
			{
				"key": "uf:wheat_feeder_2",
				"is_minified": true,
				"children": {
					"textures": "uf_wheat_feeder",
					"sound": "grass"
				}
			},
			{
				"key": "uf:wheat_feeder_3",
				"is_minified": true,
				"children": {
					"textures": "uf_wheat_feeder",
					"sound": "grass"
				}
			},
			{
				"key": "uf:apple_tree_leafs",
				"is_minified": true,
				"children": {
					"textures": "uf_apple_tree_leafs",
					"sound": "grass"
				}
			},
			{
				"key": "uf:apple_block",
				"is_minified": true,
				"children": {
					"textures": "uf_apple_block",
					"sound": "stone"
				}
			},
			{
				"key": "uf:apple_tree_sappling",
				"is_minified": true,
				"children": {
					"textures": "uf_apple_tree_sappling",
					"sound": "grass"
				}
			},
			{
				"key": "uf:botany_table",
				"is_minified": true,
				"children": {
					"textures": "uf_botany_table",
					"sound": "stone"
				}
			},
			{
				"key": "uf:rice_farmland",
				"is_minified": true,
				"children": {
					"textures": "uf_rice_farmland",
					"sound": "gravel"
				}
			},
			{
				"key": "uf:chicken_coop",
				"is_minified": true,
				"children": {
					"textures": "uf_chicken_coop",
					"sound": "stone"
				}
			},
			{
				"key": "uf:orange_tree_leafs",
				"is_minified": true,
				"children": {
					"textures": "uf_orange_tree_leafs",
					"sound": "stone"
				}
			},
			{
				"key": "uf:orange_block",
				"is_minified": true,
				"children": {
					"textures": "uf_orange_block",
					"sound": "stone"
				}
			},
			{
				"key": "uf:orange_tree_sapling",
				"is_minified": true,
				"children": {
					"textures": "uf_orange_tree_sapling",
					"sound": "stone"
				}
			},
			{
				"key": "uf:olive_tree_leafs",
				"is_minified": true,
				"children": {
					"textures": "uf_olive_tree_leafs",
					"sound": "stone"
				}
			},
			{
				"key": "uf:olive_tree_sapling",
				"is_minified": true,
				"children": {
					"textures": "uf_olive_tree_sapling",
					"sound": "stone"
				}
			},
			{
				"key": "uf:olive_tree_leafs_full",
				"is_minified": true,
				"children": {
					"textures": "uf_olive_tree_leafs_full",
					"sound": "stone"
				}
			},
			{
				"key": "uf:wine_barrel",
				"is_minified": true,
				"children": {
					"textures": "uf_wine_barrel",
					"sound": "stone"
				}
			},
			{
				"key": "uf:chese_mold",
				"is_minified": true,
				"children": {
					"textures": "uf_chese_mold",
					"sound": "stone"
				}
			},
			{
				"key": "uf:popcorn_machine",
				"is_minified": true,
				"children": {
					"textures": "uf_popcorn_machine",
					"sound": "stone"
				}
			},
			{
				"key": "uf:sprinkler",
				"is_minified": true,
				"children": {
					"textures": "uf_sprinkler",
					"sound": "stone"
				}
			},
			{
				"key": "uf:cherry_tree_leafs",
				"is_minified": true,
				"children": {
					"textures": "uf_cherry_tree_leafs",
					"sound": "stone"
				}
			},
			{
				"key": "uf:cherry_tree_leaves_blossom",
				"is_minified": true,
				"children": {
					"textures": "uf_cherry_tree_leaves_blossom",
					"sound": "grass"
				}
			},
			{
				"key": "uf:cherry_tree_leaves_fruit",
				"is_minified": true,
				"children": {
					"textures": "uf_cherry_tree_leaves_fruit",
					"sound": "stone"
				}
			},
			{
				"open": {
					"format_version": [
						1,
						1,
						0
					],
					"uf:corn_crop": {
						"textures": "uf_corn_crop_0",
						"sound": "grass"
					},
					"uf:custom_farm_land": {
						"textures": "uf_custom_farm_land",
						"sound": "gravel"
					},
					"uf:lettuce_crop": {
						"textures": "uf_lettuce_crop",
						"sound": "grass"
					},
					"uf:wheat_feeder": {
						"textures": "uf_wheat_feeder",
						"sound": "grass"
					},
					"uf:wheat_feeder_1": {
						"textures": "uf_wheat_feeder",
						"sound": "grass"
					},
					"uf:wheat_feeder_2": {
						"textures": "uf_wheat_feeder",
						"sound": "grass"
					},
					"uf:wheat_feeder_3": {
						"textures": "uf_wheat_feeder",
						"sound": "grass"
					},
					"uf:apple_tree_leafs": {
						"textures": "uf_apple_tree_leafs",
						"sound": "grass"
					},
					"uf:apple_block": {
						"textures": "uf_apple_block",
						"sound": "stone"
					},
					"uf:apple_tree_sappling": {
						"textures": "uf_apple_tree_sappling",
						"sound": "grass"
					},
					"uf:botany_table": {
						"textures": "uf_botany_table",
						"sound": "stone"
					},
					"uf:rice_farmland": {
						"textures": "uf_rice_farmland",
						"sound": "gravel"
					},
					"uf:chicken_coop": {
						"textures": "uf_chicken_coop",
						"sound": "stone"
					},
					"uf:orange_tree_leafs": {
						"textures": "uf_orange_tree_leafs",
						"sound": "stone"
					},
					"uf:orange_block": {
						"textures": "uf_orange_block",
						"sound": "stone"
					},
					"uf:orange_tree_sapling": {
						"textures": "uf_orange_tree_sapling",
						"sound": "stone"
					},
					"uf:olive_tree_leafs": {
						"textures": "uf_olive_tree_leafs",
						"sound": "stone"
					},
					"uf:olive_tree_sapling": {
						"textures": "uf_olive_tree_sapling",
						"sound": "stone"
					},
					"uf:olive_tree_leafs_full": {
						"textures": "uf_olive_tree_leafs_full",
						"sound": "stone"
					},
					"uf:wine_barrel": {
						"textures": "uf_wine_barrel",
						"sound": "stone"
					},
					"uf:chese_mold": {
						"textures": "uf_chese_mold",
						"sound": "stone"
					},
					"uf:popcorn_machine": {
						"textures": "uf_popcorn_machine",
						"sound": "stone"
					},
					"uf:sprinkler": {
						"textures": "uf_sprinkler",
						"sound": "stone"
					},
					"uf:cherry_tree_leafs": {
						"textures": "uf_cherry_tree_leafs",
						"sound": "stone"
					},
					"uf:cherry_tree_leaves_blossom": {
						"textures": "uf_cherry_tree_leaves_blossom",
						"sound": "grass"
					},
					"uf:cherry_tree_leaves_fruit": {
						"textures": "uf_cherry_tree_leaves_fruit",
						"sound": "stone"
					},
					"uf:cherry_tree_sapling": {
						"textures": "uf_cherry_tree_sapling",
						"sound": "grass"
					},
					"uf:kelp_hatchery": {
						"textures": "uf_kelp_hatchery",
						"sound": "stone"
					},
					"uf:sushi_set": {
						"textures": "uf_sushi_set",
						"sound": "stone"
					},
					"uf:juicer": {
						"textures": "uf_juicer",
						"sound": "stone"
					},
					"uf:cut_table": {
						"textures": "uf_cut_table",
						"sound": "stone"
					},
					"uf:cooking_pot": {
						"textures": "uf_cooking_pot",
						"sound": "stone"
					},
					"uf:brown_spores_block": {
						"textures": "uf_brown_spores_block",
						"sound": "gravel"
					},
					"uf:tiny_brown_mushroom": {
						"textures": "uf_tiny_brown_mushroom",
						"sound": "grass"
					},
					"uf:red_spores_block": {
						"textures": "uf_red_spores_block",
						"sound": "stone"
					},
					"uf:tiny_red_mushroom": {
						"textures": "uf_tiny_red_mushroom",
						"sound": "gravel"
					},
					"uf:chicken_coop_full": {
						"textures": "uf_chicken_coop_full",
						"sound": "stone"
					},
					"uf:chicken_coop_eggs": {
						"textures": "uf_chicken_coop_eggs",
						"sound": "stone"
					},
					"uf:cherry_block": {
						"textures": "uf_cherry_block",
						"sound": "stone"
					},
					"uf:cherry_tree_leaves_blossom_fake": {
						"textures": "uf_cherry_tree_leaves_blossom_fake",
						"sound": "grass"
					}
				},
				"key": "uf:cherry_tree_sapling",
				"is_minified": true,
				"children": {
					"textures": "uf_cherry_tree_sapling",
					"sound": "grass"
				}
			},
			{
				"key": "uf:kelp_hatchery",
				"is_minified": true,
				"children": {
					"textures": "uf_kelp_hatchery",
					"sound": "stone"
				}
			},
			{
				"key": "uf:sushi_set",
				"is_minified": true,
				"children": {
					"textures": "uf_sushi_set",
					"sound": "stone"
				}
			},
			{
				"key": "uf:juicer",
				"is_minified": true,
				"children": {
					"textures": "uf_juicer",
					"sound": "stone"
				}
			},
			{
				"key": "uf:cut_table",
				"is_minified": true,
				"children": {
					"textures": "uf_cut_table",
					"sound": "stone"
				}
			},
			{
				"key": "uf:cooking_pot",
				"is_minified": true,
				"children": {
					"textures": "uf_cooking_pot",
					"sound": "stone"
				}
			},
			{
				"key": "uf:brown_spores_block",
				"is_minified": true,
				"children": {
					"textures": "uf_brown_spores_block",
					"sound": "gravel"
				}
			},
			{
				"key": "uf:tiny_brown_mushroom",
				"is_minified": true,
				"children": {
					"textures": "uf_tiny_brown_mushroom",
					"sound": "grass"
				}
			},
			{
				"key": "uf:red_spores_block",
				"is_minified": true,
				"children": {
					"textures": "uf_red_spores_block",
					"sound": "stone"
				}
			},
			{
				"key": "uf:tiny_red_mushroom",
				"is_minified": true,
				"children": {
					"textures": "uf_tiny_red_mushroom",
					"sound": "gravel"
				}
			},
			{
				"key": "uf:chicken_coop_full",
				"is_minified": true,
				"children": {
					"textures": "uf_chicken_coop_full",
					"sound": "stone"
				}
			},
			{
				"key": "uf:chicken_coop_eggs",
				"is_minified": true,
				"children": {
					"textures": "uf_chicken_coop_eggs",
					"sound": "stone"
				}
			},
			{
				"key": "uf:cherry_block",
				"is_minified": true,
				"children": {
					"textures": "uf_cherry_block",
					"sound": "stone"
				}
			},
			{
				"open": {
					"format_version": [
						1,
						1,
						0
					],
					"uf:corn_crop": {
						"textures": "uf_corn_crop_0",
						"sound": "grass"
					},
					"uf:custom_farm_land": {
						"textures": "uf_custom_farm_land",
						"sound": "gravel"
					},
					"uf:lettuce_crop": {
						"textures": "uf_lettuce_crop",
						"sound": "grass"
					},
					"uf:wheat_feeder": {
						"textures": "uf_wheat_feeder",
						"sound": "grass"
					},
					"uf:wheat_feeder_1": {
						"textures": "uf_wheat_feeder",
						"sound": "grass"
					},
					"uf:wheat_feeder_2": {
						"textures": "uf_wheat_feeder",
						"sound": "grass"
					},
					"uf:wheat_feeder_3": {
						"textures": "uf_wheat_feeder",
						"sound": "grass"
					},
					"uf:apple_tree_leafs": {
						"textures": "uf_apple_tree_leafs",
						"sound": "grass"
					},
					"uf:apple_block": {
						"textures": "uf_apple_block",
						"sound": "stone"
					},
					"uf:apple_tree_sappling": {
						"textures": "uf_apple_tree_sappling",
						"sound": "grass"
					},
					"uf:botany_table": {
						"textures": "uf_botany_table",
						"sound": "stone"
					},
					"uf:rice_farmland": {
						"textures": "uf_rice_farmland",
						"sound": "gravel"
					},
					"uf:chicken_coop": {
						"textures": "uf_chicken_coop",
						"sound": "stone"
					},
					"uf:orange_tree_leafs": {
						"textures": "uf_orange_tree_leafs",
						"sound": "stone"
					},
					"uf:orange_block": {
						"textures": "uf_orange_block",
						"sound": "stone"
					},
					"uf:orange_tree_sapling": {
						"textures": "uf_orange_tree_sapling",
						"sound": "stone"
					},
					"uf:olive_tree_leafs": {
						"textures": "uf_olive_tree_leafs",
						"sound": "stone"
					},
					"uf:olive_tree_sapling": {
						"textures": "uf_olive_tree_sapling",
						"sound": "stone"
					},
					"uf:olive_tree_leafs_full": {
						"textures": "uf_olive_tree_leafs_full",
						"sound": "stone"
					},
					"uf:wine_barrel": {
						"textures": "uf_wine_barrel",
						"sound": "stone"
					},
					"uf:chese_mold": {
						"textures": "uf_chese_mold",
						"sound": "stone"
					},
					"uf:popcorn_machine": {
						"textures": "uf_popcorn_machine",
						"sound": "stone"
					},
					"uf:sprinkler": {
						"textures": "uf_sprinkler",
						"sound": "stone"
					},
					"uf:cherry_tree_leafs": {
						"textures": "uf_cherry_tree_leafs",
						"sound": "stone"
					},
					"uf:cherry_tree_leaves_blossom": {
						"textures": "uf_cherry_tree_leaves_blossom",
						"sound": "grass"
					},
					"uf:cherry_tree_leaves_fruit": {
						"textures": "uf_cherry_tree_leaves_fruit",
						"sound": "stone"
					},
					"uf:cherry_tree_sapling": {
						"textures": "uf_cherry_tree_sapling",
						"sound": "grass"
					},
					"uf:kelp_hatchery": {
						"textures": "uf_kelp_hatchery",
						"sound": "stone"
					},
					"uf:sushi_set": {
						"textures": "uf_sushi_set",
						"sound": "stone"
					},
					"uf:juicer": {
						"textures": "uf_juicer",
						"sound": "stone"
					},
					"uf:cut_table": {
						"textures": "uf_cut_table",
						"sound": "stone"
					},
					"uf:cooking_pot": {
						"textures": "uf_cooking_pot",
						"sound": "stone"
					},
					"uf:brown_spores_block": {
						"textures": "uf_brown_spores_block",
						"sound": "gravel"
					},
					"uf:tiny_brown_mushroom": {
						"textures": "uf_tiny_brown_mushroom",
						"sound": "grass"
					},
					"uf:red_spores_block": {
						"textures": "uf_red_spores_block",
						"sound": "stone"
					},
					"uf:tiny_red_mushroom": {
						"textures": "uf_tiny_red_mushroom",
						"sound": "gravel"
					},
					"uf:chicken_coop_full": {
						"textures": "uf_chicken_coop_full",
						"sound": "stone"
					},
					"uf:chicken_coop_eggs": {
						"textures": "uf_chicken_coop_eggs",
						"sound": "stone"
					},
					"uf:cherry_block": {
						"textures": "uf_cherry_block",
						"sound": "stone"
					},
					"uf:cherry_tree_leaves_blossom_fake": {
						"textures": "uf_cherry_tree_leaves_blossom_fake",
						"sound": "grass"
					}
				},
				"key": "uf:cherry_tree_leaves_blossom_fake",
				"is_minified": true,
				"children": {
					"textures": "uf_cherry_tree_leaves_blossom_fake",
					"sound": "grass"
				}
			}
		]
	}
}