{
	"file_path": "C:\\Users\\chupi\\AppData\\Local\\Packages\\Microsoft.MinecraftUWP_8wekyb3d8bbwe\\LocalState\\games\\com.mojang\\development_resource_packs\\Ultra Farming\\items\\wine.json",
	"file_type": "client_item",
	"format_version": 0,
	"cache_content": {
		"format_version": "1.10.0",
		"minecraft:item": {
			"description": {
				"identifier": "uf:wine",
				"category": "Item"
			},
			"components": {
				"minecraft:icon": "uf_wine",
				"minecraft:use_animation": "drink",
				"minecraft:render_offsets": "apple"
			}
		}
	},
	"file_uuid": "3cc993a3_bfe4_4081_9d5f_481ca77c11f3"
}