{
	"format_version": "1.17.0",
	"minecraft:block": {
		"description": {
			"identifier": "uf:garlic_crop",
			"is_experimental": false,
			"properties": {
				"crop:crop_growth": [
					0,
					1,
					2,
					3,
					4
				]
			}
		},
		"components": {
			"minecraft:ticking": {
				"looping": true,
				"range": [
					25,
					45
				],
				"on_tick": {
					"target": "self",
					"event": "crop:grow",
					"condition": "query.block_property('crop:crop_growth')<4"
				}
			},
			"minecraft:geometry": "geometry.plantv3",
			"minecraft:block_light_absorption": 0,
			"minecraft:entity_collision": false,
			"minecraft:placement_filter": {
				"conditions": [
					{
						"block_filter": [
							"minecraft:farmland"
						],
						"allowed_faces": [
							"up"
						]
					}
				]
			},
			"minecraft:destroy_time": 0,
			"minecraft:loot": "loot_tables/crops/garli_crop_not_grown.json",
			"minecraft:breathability": "air"
		},
		"permutations": [
			{
				"condition": "query.block_property('crop:crop_growth') == 0",
				"components": {
					"minecraft:material_instances": {
						"*": {
							"texture": "garlic_0",
							"render_method": "alpha_test"
						}
					},
					"minecraft:pick_collision": {
						"origin": [
							-5,
							0,
							-5
						],
						"size": [
							10,
							2,
							10
						]
					}
				}
			},
			{
				"condition": "query.block_property('crop:crop_growth') == 1",
				"components": {
					"minecraft:material_instances": {
						"*": {
							"texture": "garlic_1",
							"render_method": "alpha_test"
						}
					},
					"minecraft:pick_collision": {
						"origin": [
							-5,
							0,
							-5
						],
						"size": [
							10,
							3,
							10
						]
					}
				}
			},
			{
				"condition": "query.block_property('crop:crop_growth') == 2",
				"components": {
					"minecraft:material_instances": {
						"*": {
							"texture": "garlic_2",
							"render_method": "alpha_test"
						}
					},
					"minecraft:pick_collision": {
						"origin": [
							-7,
							0,
							-7
						],
						"size": [
							14,
							6,
							14
						]
					}
				}
			},
			{
				"condition": "query.block_property('crop:crop_growth') == 3",
				"components": {
					"minecraft:material_instances": {
						"*": {
							"texture": "garlic_3",
							"render_method": "alpha_test"
						}
					},
					"minecraft:pick_collision": {
						"origin": [
							-7,
							0,
							-7
						],
						"size": [
							14,
							10,
							14
						]
					}
				}
			},
			{
				"condition": "query.block_property('crop:crop_growth') == 4",
				"components": {
					"minecraft:material_instances": {
						"*": {
							"texture": "garlic_4",
							"render_method": "alpha_test"
						}
					},
					"minecraft:pick_collision": {
						"origin": [
							-7,
							0,
							-7
						],
						"size": [
							14,
							14,
							14
						]
					},
					"minecraft:loot": "loot_tables/crops/garlic_crop_grown.json"
				}
			}
		],
		"events": {
			"crop:grow": {
				"randomize": [
					{
						"set_block_property": {
							"crop:crop_growth": "query.block_property('crop:crop_growth') + 1"
						},
						"weight": 1
					},
					{
						"weight": 1
					}
				]
			}
		}
	}
}