{
	"minecraft:block": {
		"components": {
			"minecraft:creative_category": {
				"category": "nature"
			},
			"minecraft:geometry": "geometry.rice_farmland",
			"minecraft:material_instances": {
				"*": {
					"texture": "uf_rice_farmland",
					"render_method": "blend"
				}
			},
			"minecraft:destroy_time": 0.2,
			"minecraft:explosion_resistance": 1
		},
		"description": {
			"identifier": "uf:rice_farmland",
			"is_experimental": false
		},
		"events": {}
	},
	"format_version": "1.16.100"
}