{
	"format_version": "1.16.100",
	"minecraft:block": {
		"description": {
			"identifier": "uf:wild_plant",
			"is_experimental": false
		},
		"components": {
			"minecraft:loot": "loot_tables/crops/wild_plant.json",
			"minecraft:geometry": "geometry.plantv3",
			"minecraft:material_instances": {
				"*": {
					"texture": "uf_wild_plant",
					"render_method": "alpha_test"
				}
			},
			"minecraft:pick_collision": {
				"origin": [
					-3,
					0,
					-3
				],
				"size": [
					6,
					16,
					6
				]
			},
			"minecraft:entity_collision": false
		}
	}
}