{
	"file_path": "C:\\Users\\chupi\\AppData\\Local\\Packages\\Microsoft.MinecraftUWP_8wekyb3d8bbwe\\LocalState\\games\\com.mojang\\development_behavior_packs\\Ultra Farming Addon\\blocks\\trees\\apple_tree_leafs.json",
	"file_type": "block",
	"format_version": 1,
	"file_uuid": "9cee6bb4_39eb_4a12_9255_e3416669a7b2",
	"file_version": 35,
	"cache_content": {
		"children": [
			{
				"data": "1.16.0",
				"key": "format_version"
			},
			{
				"open": {
					"format_version": "1.16.0",
					"minecraft:block": {
						"description": {
							"identifier": "uf:apple_tree_leafs",
							"is_experimental": true
						},
						"components": {
							"minecraft:destroy_time": 0.2,
							"minecraft:explosion_resistance": 1,
							"minecraft:material_instances": {
								"*": {
									"texture": "uf_apple_tree_leafs",
									"render_method": "alpha_test"
								}
							},
							"minecraft:ticking": {
								"looping": true,
								"range": [
									300,
									370
								],
								"on_tick": {
									"event": "uf:grow_apple"
								}
							},
							"minecraft:flammable": {
								"flame_odds": 0.6,
								"burn_odds": 0.8
							},
							"minecraft:on_player_destroyed": {
								"event": "uf:shear",
								"condition": "query.get_equipped_item_name=='shears'"
							},
							"minecraft:loot": "loot_tables/apple_tree_leafs_loot.json"
						},
						"events": {
							"uf:grow_apple": {
								"run_command": {
									"command": "fill ~~-1~ ~~-1~ uf:apple_block 0 replace minecraft:air"
								}
							},
							"uf:shear": {
								"spawn_loot": {
									"table": "loot_tables/apple_tree_leafs_loot.json"
								}
							}
						}
					}
				},
				"key": "minecraft:block",
				"children": [
					{
						"open": {
							"description": {
								"identifier": "uf:apple_tree_leafs",
								"is_experimental": true
							},
							"components": {
								"minecraft:destroy_time": 0.2,
								"minecraft:explosion_resistance": 1,
								"minecraft:material_instances": {
									"*": {
										"texture": "uf_apple_tree_leafs",
										"render_method": "alpha_test"
									}
								},
								"minecraft:ticking": {
									"looping": true,
									"range": [
										300,
										370
									],
									"on_tick": {
										"event": "uf:grow_apple"
									}
								},
								"minecraft:flammable": {
									"flame_odds": 0.6,
									"burn_odds": 0.8
								},
								"minecraft:on_player_destroyed": {
									"event": "uf:shear",
									"condition": "query.get_equipped_item_name=='shears'"
								},
								"minecraft:loot": "loot_tables/apple_tree_leafs_loot.json"
							},
							"events": {
								"uf:grow_apple": {
									"run_command": {
										"command": "fill ~~-1~ ~~-1~ uf:apple_block 0 replace minecraft:air"
									}
								},
								"uf:shear": {
									"spawn_loot": {
										"table": "loot_tables/apple_tree_leafs_loot.json"
									}
								}
							}
						},
						"key": "description",
						"is_minified": true,
						"children": {
							"identifier": "uf:apple_tree_leafs",
							"is_experimental": true
						}
					},
					{
						"open": {
							"description": {
								"identifier": "uf:apple_tree_leafs",
								"is_experimental": true
							},
							"components": {
								"minecraft:destroy_time": 0.2,
								"minecraft:explosion_resistance": 1,
								"minecraft:material_instances": {
									"*": {
										"texture": "uf_apple_tree_leafs",
										"render_method": "alpha_test"
									}
								},
								"minecraft:ticking": {
									"looping": true,
									"range": [
										300,
										370
									],
									"on_tick": {
										"event": "uf:grow_apple"
									}
								},
								"minecraft:flammable": {
									"flame_odds": 0.6,
									"burn_odds": 0.8
								},
								"minecraft:on_player_destroyed": {
									"event": "uf:shear",
									"condition": "query.get_equipped_item_name=='shears'"
								},
								"minecraft:loot": "loot_tables/apple_tree_leafs_loot.json"
							},
							"events": {
								"uf:grow_apple": {
									"run_command": {
										"command": "fill ~~-1~ ~~-1~ uf:apple_block 0 replace minecraft:air"
									}
								},
								"uf:shear": {
									"spawn_loot": {
										"table": "loot_tables/apple_tree_leafs_loot.json"
									}
								}
							}
						},
						"key": "components",
						"children": [
							{
								"data": "0.2",
								"key": "minecraft:destroy_time"
							},
							{
								"data": "1",
								"key": "minecraft:explosion_resistance"
							},
							{
								"key": "minecraft:material_instances",
								"is_minified": true,
								"children": {
									"*": {
										"texture": "uf_apple_tree_leafs",
										"render_method": "alpha_test"
									}
								}
							},
							{
								"key": "minecraft:ticking",
								"children": [
									{
										"data": "true",
										"key": "looping"
									},
									{
										"open": {
											"looping": true,
											"range": [
												300,
												370
											],
											"on_tick": {
												"event": "uf:grow_apple"
											}
										},
										"key": "range",
										"is_minified": true,
										"children": [
											300,
											370
										]
									},
									{
										"open": {
											"looping": true,
											"range": [
												300,
												370
											],
											"on_tick": {
												"event": "uf:grow_apple"
											}
										},
										"key": "on_tick",
										"is_minified": true,
										"children": {
											"event": "uf:grow_apple"
										}
									}
								]
							},
							{
								"key": "minecraft:flammable",
								"is_minified": true,
								"children": {
									"flame_odds": 0.6,
									"burn_odds": 0.8
								}
							},
							{
								"open": {
									"minecraft:destroy_time": 0.2,
									"minecraft:explosion_resistance": 1,
									"minecraft:material_instances": {
										"*": {
											"texture": "uf_apple_tree_leafs",
											"render_method": "alpha_test"
										}
									},
									"minecraft:ticking": {
										"looping": true,
										"range": [
											300,
											370
										],
										"on_tick": {
											"event": "uf:grow_apple"
										}
									},
									"minecraft:flammable": {
										"flame_odds": 0.6,
										"burn_odds": 0.8
									},
									"minecraft:on_player_destroyed": {
										"event": "uf:shear",
										"condition": "query.get_equipped_item_name=='shears'"
									},
									"minecraft:loot": "loot_tables/apple_tree_leafs_loot.json"
								},
								"key": "minecraft:on_player_destroyed",
								"is_minified": true,
								"children": {
									"event": "uf:shear",
									"condition": "query.get_equipped_item_name=='shears'"
								}
							},
							{
								"data": "loot_tables/apple_tree_leafs_loot.json",
								"key": "minecraft:loot"
							}
						]
					},
					{
						"open": {
							"description": {
								"identifier": "uf:apple_tree_leafs",
								"is_experimental": true
							},
							"components": {
								"minecraft:destroy_time": 0.2,
								"minecraft:explosion_resistance": 1,
								"minecraft:material_instances": {
									"*": {
										"texture": "uf_apple_tree_leafs",
										"render_method": "alpha_test"
									}
								},
								"minecraft:ticking": {
									"looping": true,
									"range": [
										300,
										370
									],
									"on_tick": {
										"event": "uf:grow_apple"
									}
								},
								"minecraft:flammable": {
									"flame_odds": 0.6,
									"burn_odds": 0.8
								},
								"minecraft:on_player_destroyed": {
									"event": "uf:shear",
									"condition": "query.get_equipped_item_name=='shears'"
								},
								"minecraft:loot": "loot_tables/apple_tree_leafs_loot.json"
							},
							"events": {
								"uf:grow_apple": {
									"run_command": {
										"command": "fill ~~-1~ ~~-1~ uf:apple_block 0 replace minecraft:air"
									}
								},
								"uf:shear": {
									"spawn_loot": {
										"table": "loot_tables/apple_tree_leafs_loot.json"
									}
								}
							}
						},
						"key": "events",
						"children": [
							{
								"key": "uf:grow_apple",
								"children": [
									{
										"open": {
											"run_command": {
												"command": "fill ~~-1~ ~~-1~ uf:apple_block 0 replace minecraft:air"
											}
										},
										"key": "run_command",
										"is_minified": true,
										"children": {
											"command": "fill ~~-1~ ~~-1~ uf:apple_block 0 replace minecraft:air"
										}
									}
								]
							},
							{
								"open": {
									"uf:grow_apple": {
										"run_command": {
											"command": "fill ~~-1~ ~~-1~ uf:apple_block 0 replace minecraft:air"
										}
									},
									"uf:shear": {
										"spawn_loot": {
											"table": "loot_tables/apple_tree_leafs_loot.json"
										}
									}
								},
								"key": "uf:shear",
								"children": [
									{
										"open": {
											"spawn_loot": {
												"table": "loot_tables/apple_tree_leafs_loot.json"
											}
										},
										"key": "spawn_loot",
										"is_minified": true,
										"children": {
											"table": "loot_tables/apple_tree_leafs_loot.json"
										}
									}
								]
							}
						]
					}
				]
			}
		]
	}
}