{
	"file_path": "C:\\Users\\chupi\\AppData\\Local\\Packages\\Microsoft.MinecraftUWP_8wekyb3d8bbwe\\LocalState\\games\\com.mojang\\development_behavior_packs\\Ultra Farming Addon\\blocks\\trees\\cherry_tree_leaves_fruit.json",
	"file_type": "block",
	"format_version": 1,
	"file_uuid": "3e46cf93_4095_4b49_a38a_85f6c3e4967d",
	"file_version": 2,
	"cache_content": {
		"children": [
			{
				"data": "1.16.0",
				"key": "format_version"
			},
			{
				"open": {
					"format_version": "1.16.0",
					"minecraft:block": {
						"description": {
							"identifier": "uf:cherry_tree_leaves_fruit",
							"is_experimental": false
						},
						"components": {
							"minecraft:destroy_time": 0.2,
							"minecraft:explosion_resistance": 1,
							"bridge:simple_geo": {
								"render_method": "alpha_test"
							},
							"minecraft:on_interact": {
								"event": "get_fruit"
							}
						},
						"events": {
							"get_fruit": {
								"spawn_loot": {
									"table": "loot_tables/cherries.json"
								},
								"run_command": {
									"command": [
										"setblock ~~~ uf:cherry_tree_leafs"
									]
								}
							}
						}
					}
				},
				"key": "minecraft:block",
				"children": [
					{
						"open": {
							"description": {
								"identifier": "uf:cherry_tree_leaves_fruit",
								"is_experimental": false
							},
							"components": {
								"minecraft:destroy_time": 0.2,
								"minecraft:explosion_resistance": 1,
								"bridge:simple_geo": {
									"render_method": "alpha_test"
								},
								"minecraft:on_interact": {
									"event": "get_fruit"
								}
							},
							"events": {
								"get_fruit": {
									"spawn_loot": {
										"table": "loot_tables/cherries.json"
									},
									"run_command": {
										"command": [
											"setblock ~~~ uf:cherry_tree_leafs"
										]
									}
								}
							}
						},
						"key": "description",
						"is_minified": true,
						"children": {
							"identifier": "uf:cherry_tree_leaves_fruit",
							"is_experimental": false
						}
					},
					{
						"open": {
							"description": {
								"identifier": "uf:cherry_tree_leaves_fruit",
								"is_experimental": false
							},
							"components": {
								"minecraft:destroy_time": 0.2,
								"minecraft:explosion_resistance": 1,
								"bridge:simple_geo": {
									"render_method": "alpha_test"
								},
								"minecraft:on_interact": {
									"event": "get_fruit"
								}
							},
							"events": {
								"get_fruit": {
									"spawn_loot": {
										"table": "loot_tables/cherries.json"
									},
									"run_command": {
										"command": [
											"setblock ~~~ uf:cherry_tree_leafs"
										]
									}
								}
							}
						},
						"key": "components",
						"children": [
							{
								"data": "0.2",
								"key": "minecraft:destroy_time"
							},
							{
								"data": "1",
								"key": "minecraft:explosion_resistance"
							},
							{
								"key": "bridge:simple_geo",
								"is_minified": true,
								"children": {
									"render_method": "alpha_test"
								}
							},
							{
								"open": {
									"minecraft:destroy_time": 0.2,
									"minecraft:explosion_resistance": 1,
									"bridge:simple_geo": {
										"render_method": "alpha_test"
									},
									"minecraft:on_interact": {
										"event": "get_fruit"
									}
								},
								"key": "minecraft:on_interact",
								"is_minified": true,
								"children": {
									"event": "get_fruit"
								}
							}
						]
					},
					{
						"open": {
							"description": {
								"identifier": "uf:cherry_tree_leaves_fruit",
								"is_experimental": false
							},
							"components": {
								"minecraft:destroy_time": 0.2,
								"minecraft:explosion_resistance": 1,
								"bridge:simple_geo": {
									"render_method": "alpha_test"
								},
								"minecraft:on_interact": {
									"event": "get_fruit"
								}
							},
							"events": {
								"get_fruit": {
									"spawn_loot": {
										"table": "loot_tables/cherries.json"
									},
									"run_command": {
										"command": [
											"setblock ~~~ uf:cherry_tree_leafs"
										]
									}
								}
							}
						},
						"key": "events",
						"children": [
							{
								"open": {
									"get_fruit": {
										"spawn_loot": {
											"table": "loot_tables/cherries.json"
										},
										"run_command": {
											"command": [
												"setblock ~~~ uf:cherry_tree_leafs"
											]
										}
									}
								},
								"key": "get_fruit",
								"children": [
									{
										"key": "spawn_loot",
										"is_minified": true,
										"children": {
											"table": "loot_tables/cherries.json"
										}
									},
									{
										"open": {
											"spawn_loot": {
												"table": "loot_tables/cherries.json"
											},
											"run_command": {
												"command": [
													"setblock ~~~ uf:cherry_tree_leafs"
												]
											}
										},
										"key": "run_command",
										"children": [
											{
												"open": {
													"command": [
														"setblock ~~~ uf:cherry_tree_leafs"
													]
												},
												"key": "command",
												"is_minified": true,
												"children": [
													"setblock ~~~ uf:cherry_tree_leafs"
												]
											}
										]
									}
								]
							}
						]
					}
				]
			}
		]
	}
}