{
	"file_path": "C:\\Users\\chupi\\AppData\\Local\\Packages\\Microsoft.MinecraftUWP_8wekyb3d8bbwe\\LocalState\\games\\com.mojang\\development_behavior_packs\\Ultra Farming Addon\\blocks\\trees\\cherry_tree_leafs.json",
	"file_type": "block",
	"format_version": 1,
	"file_uuid": "ccdb406e_f534_43d5_9ab8_1d9323179ac1",
	"file_version": 21,
	"cache_content": {
		"children": [
			{
				"data": "1.16.0",
				"key": "format_version"
			},
			{
				"open": {
					"format_version": "1.16.0",
					"minecraft:block": {
						"description": {
							"identifier": "uf:cherry_tree_leafs",
							"is_experimental": true
						},
						"components": {
							"minecraft:destroy_time": 0.2,
							"minecraft:explosion_resistance": 1,
							"minecraft:ticking": {
								"range": [
									685,
									700
								],
								"on_tick": {
									"event": "uf:grow"
								}
							},
							"bridge:simple_geo": {
								"render_method": "alpha_test"
							}
						},
						"events": {
							"uf:grow": {
								"run_command": {
									"command": [
										"setblock ~~~ uf:cherry_tree_leaves_blossom"
									]
								}
							}
						}
					}
				},
				"key": "minecraft:block",
				"children": [
					{
						"open": {
							"description": {
								"identifier": "uf:cherry_tree_leafs",
								"is_experimental": true
							},
							"components": {
								"minecraft:destroy_time": 0.2,
								"minecraft:explosion_resistance": 1,
								"minecraft:ticking": {
									"range": [
										685,
										700
									],
									"on_tick": {
										"event": "uf:grow"
									}
								},
								"bridge:simple_geo": {
									"render_method": "alpha_test"
								}
							},
							"events": {
								"uf:grow": {
									"run_command": {
										"command": [
											"setblock ~~~ uf:cherry_tree_leaves_blossom"
										]
									}
								}
							}
						},
						"key": "description",
						"is_minified": true,
						"children": {
							"identifier": "uf:cherry_tree_leafs",
							"is_experimental": true
						}
					},
					{
						"open": {
							"description": {
								"identifier": "uf:cherry_tree_leafs",
								"is_experimental": true
							},
							"components": {
								"minecraft:destroy_time": 0.2,
								"minecraft:explosion_resistance": 1,
								"minecraft:ticking": {
									"range": [
										685,
										700
									],
									"on_tick": {
										"event": "uf:grow"
									}
								},
								"bridge:simple_geo": {
									"render_method": "alpha_test"
								}
							},
							"events": {
								"uf:grow": {
									"run_command": {
										"command": [
											"setblock ~~~ uf:cherry_tree_leaves_blossom"
										]
									}
								}
							}
						},
						"key": "components",
						"children": [
							{
								"data": "0.2",
								"key": "minecraft:destroy_time"
							},
							{
								"data": "1",
								"key": "minecraft:explosion_resistance"
							},
							{
								"open": {
									"minecraft:destroy_time": 0.2,
									"minecraft:explosion_resistance": 1,
									"minecraft:ticking": {
										"range": [
											685,
											700
										],
										"on_tick": {
											"event": "uf:grow"
										}
									},
									"bridge:simple_geo": {
										"render_method": "alpha_test"
									}
								},
								"key": "minecraft:ticking",
								"children": [
									{
										"open": {
											"range": [
												685,
												700
											],
											"on_tick": {
												"event": "uf:grow"
											}
										},
										"key": "range",
										"is_minified": true,
										"children": [
											685,
											700
										]
									},
									{
										"open": {
											"range": [
												685,
												700
											],
											"on_tick": {
												"event": "uf:grow"
											}
										},
										"key": "on_tick",
										"is_minified": true,
										"children": {
											"event": "uf:grow"
										}
									}
								]
							},
							{
								"open": {
									"minecraft:destroy_time": 0.2,
									"minecraft:explosion_resistance": 1,
									"minecraft:ticking": {
										"range": [
											685,
											700
										],
										"on_tick": {
											"event": "uf:grow"
										}
									},
									"bridge:simple_geo": {
										"render_method": "alpha_test"
									}
								},
								"key": "bridge:simple_geo",
								"is_minified": true,
								"children": {
									"render_method": "alpha_test"
								}
							}
						]
					},
					{
						"open": {
							"description": {
								"identifier": "uf:cherry_tree_leafs",
								"is_experimental": true
							},
							"components": {
								"minecraft:destroy_time": 0.2,
								"minecraft:explosion_resistance": 1,
								"minecraft:ticking": {
									"range": [
										685,
										700
									],
									"on_tick": {
										"event": "uf:grow"
									}
								},
								"bridge:simple_geo": {
									"render_method": "alpha_test"
								}
							},
							"events": {
								"uf:grow": {
									"run_command": {
										"command": [
											"setblock ~~~ uf:cherry_tree_leaves_blossom"
										]
									}
								}
							}
						},
						"key": "events",
						"children": [
							{
								"open": {
									"uf:grow": {
										"run_command": {
											"command": [
												"setblock ~~~ uf:cherry_tree_leaves_blossom"
											]
										}
									}
								},
								"key": "uf:grow",
								"children": [
									{
										"open": {
											"run_command": {
												"command": [
													"setblock ~~~ uf:cherry_tree_leaves_blossom"
												]
											}
										},
										"key": "run_command",
										"children": [
											{
												"open": {
													"command": [
														"setblock ~~~ uf:cherry_tree_leaves_blossom"
													]
												},
												"key": "command",
												"is_minified": true,
												"children": [
													"setblock ~~~ uf:cherry_tree_leaves_blossom"
												]
											}
										]
									}
								]
							}
						]
					}
				]
			}
		]
	}
}