{
	"file_path": "C:\\Users\\chupi\\AppData\\Local\\Packages\\Microsoft.MinecraftUWP_8wekyb3d8bbwe\\LocalState\\games\\com.mojang\\development_behavior_packs\\Ultra Farming Addon\\blocks\\trees\\cherry_tree_leaves_blossom.json",
	"file_type": "block",
	"format_version": 1,
	"file_uuid": "355cad7c_c112_4fa8_ac4a_e9c39baa877f",
	"file_version": 18,
	"cache_content": {
		"children": [
			{
				"data": "1.16.0",
				"key": "format_version"
			},
			{
				"open": {
					"format_version": "1.16.0",
					"minecraft:block": {
						"description": {
							"identifier": "uf:cherry_tree_leaves_blossom",
							"is_experimental": false
						},
						"components": {
							"minecraft:destroy_time": 0.2,
							"minecraft:explosion_resistance": 1,
							"minecraft:ticking": {
								"range": [
									50,
									700
								],
								"on_tick": {
									"event": "uf:grow_cherry"
								}
							},
							"minecraft:material_instances": {
								"*": {
									"texture": "uf_cherry_tree_leaves_blossom",
									"render_method": "alpha_test"
								}
							},
							"minecraft:loot": "loot_tables/cherry_tree_leafs_loot.json",
							"minecraft:on_player_destroyed": {
								"event": "uf:shear",
								"condition": "query.get_equipped_item_name=='shears'"
							}
						},
						"events": {
							"uf:grow_cherry": {
								"run_command": {
									"command": "fill ~~-1~ ~~-1~ uf:cherry_block 0 replace minecraft:air"
								}
							},
							"uf:shear": {
								"spawn_loot": {
									"table": "loot_tables/cherry_tree_leafs_block.json"
								}
							}
						}
					}
				},
				"key": "minecraft:block",
				"children": [
					{
						"open": {
							"description": {
								"identifier": "uf:cherry_tree_leaves_blossom",
								"is_experimental": false
							},
							"components": {
								"minecraft:destroy_time": 0.2,
								"minecraft:explosion_resistance": 1,
								"minecraft:ticking": {
									"range": [
										50,
										700
									],
									"on_tick": {
										"event": "uf:grow_cherry"
									}
								},
								"minecraft:material_instances": {
									"*": {
										"texture": "uf_cherry_tree_leaves_blossom",
										"render_method": "alpha_test"
									}
								},
								"minecraft:loot": "loot_tables/cherry_tree_leafs_loot.json",
								"minecraft:on_player_destroyed": {
									"event": "uf:shear",
									"condition": "query.get_equipped_item_name=='shears'"
								}
							},
							"events": {
								"uf:grow_cherry": {
									"run_command": {
										"command": "fill ~~-1~ ~~-1~ uf:cherry_block 0 replace minecraft:air"
									}
								},
								"uf:shear": {
									"spawn_loot": {
										"table": "loot_tables/cherry_tree_leafs_block.json"
									}
								}
							}
						},
						"key": "description",
						"is_minified": true,
						"children": {
							"identifier": "uf:cherry_tree_leaves_blossom",
							"is_experimental": false
						}
					},
					{
						"open": {
							"description": {
								"identifier": "uf:cherry_tree_leaves_blossom",
								"is_experimental": false
							},
							"components": {
								"minecraft:destroy_time": 0.2,
								"minecraft:explosion_resistance": 1,
								"minecraft:ticking": {
									"range": [
										50,
										700
									],
									"on_tick": {
										"event": "uf:grow_cherry"
									}
								},
								"minecraft:material_instances": {
									"*": {
										"texture": "uf_cherry_tree_leaves_blossom",
										"render_method": "alpha_test"
									}
								},
								"minecraft:loot": "loot_tables/cherry_tree_leafs_loot.json",
								"minecraft:on_player_destroyed": {
									"event": "uf:shear",
									"condition": "query.get_equipped_item_name=='shears'"
								}
							},
							"events": {
								"uf:grow_cherry": {
									"run_command": {
										"command": "fill ~~-1~ ~~-1~ uf:cherry_block 0 replace minecraft:air"
									}
								},
								"uf:shear": {
									"spawn_loot": {
										"table": "loot_tables/cherry_tree_leafs_block.json"
									}
								}
							}
						},
						"key": "components",
						"children": [
							{
								"data": "0.2",
								"key": "minecraft:destroy_time"
							},
							{
								"data": "1",
								"key": "minecraft:explosion_resistance"
							},
							{
								"key": "minecraft:ticking",
								"children": [
									{
										"open": {
											"range": [
												50,
												700
											],
											"on_tick": {
												"event": "uf:grow_cherry"
											}
										},
										"key": "range",
										"is_minified": true,
										"children": [
											50,
											700
										]
									},
									{
										"open": {
											"range": [
												50,
												700
											],
											"on_tick": {
												"event": "uf:grow_cherry"
											}
										},
										"key": "on_tick",
										"is_minified": true,
										"children": {
											"event": "uf:grow_cherry"
										}
									}
								]
							},
							{
								"key": "minecraft:material_instances",
								"children": [
									{
										"open": {
											"*": {
												"texture": "uf_cherry_tree_leaves_blossom",
												"render_method": "alpha_test"
											}
										},
										"key": "*",
										"is_minified": true,
										"children": {
											"texture": "uf_cherry_tree_leaves_blossom",
											"render_method": "alpha_test"
										}
									}
								]
							},
							{
								"open": {
									"minecraft:destroy_time": 0.2,
									"minecraft:explosion_resistance": 1,
									"minecraft:ticking": {
										"range": [
											50,
											700
										],
										"on_tick": {
											"event": "uf:grow_cherry"
										}
									},
									"minecraft:material_instances": {
										"*": {
											"texture": "uf_cherry_tree_leaves_blossom",
											"render_method": "alpha_test"
										}
									},
									"minecraft:loot": "loot_tables/cherry_tree_leafs_loot.json",
									"minecraft:on_player_destroyed": {
										"event": "uf:shear",
										"condition": "query.get_equipped_item_name=='shears'"
									}
								},
								"data": "loot_tables/cherry_tree_leafs_loot.json",
								"key": "minecraft:loot"
							},
							{
								"key": "minecraft:on_player_destroyed",
								"is_minified": true,
								"children": {
									"event": "uf:shear",
									"condition": "query.get_equipped_item_name=='shears'"
								}
							}
						]
					},
					{
						"open": {
							"description": {
								"identifier": "uf:cherry_tree_leaves_blossom",
								"is_experimental": false
							},
							"components": {
								"minecraft:destroy_time": 0.2,
								"minecraft:explosion_resistance": 1,
								"minecraft:ticking": {
									"range": [
										50,
										700
									],
									"on_tick": {
										"event": "uf:grow_cherry"
									}
								},
								"minecraft:material_instances": {
									"*": {
										"texture": "uf_cherry_tree_leaves_blossom",
										"render_method": "alpha_test"
									}
								},
								"minecraft:loot": "loot_tables/cherry_tree_leafs_loot.json",
								"minecraft:on_player_destroyed": {
									"event": "uf:shear",
									"condition": "query.get_equipped_item_name=='shears'"
								}
							},
							"events": {
								"uf:grow_cherry": {
									"run_command": {
										"command": "fill ~~-1~ ~~-1~ uf:cherry_block 0 replace minecraft:air"
									}
								},
								"uf:shear": {
									"spawn_loot": {
										"table": "loot_tables/cherry_tree_leafs_block.json"
									}
								}
							}
						},
						"key": "events",
						"children": [
							{
								"key": "uf:grow_cherry",
								"children": [
									{
										"open": {
											"run_command": {
												"command": "fill ~~-1~ ~~-1~ uf:cherry_block 0 replace minecraft:air"
											}
										},
										"key": "run_command",
										"is_minified": true,
										"children": {
											"command": "fill ~~-1~ ~~-1~ uf:cherry_block 0 replace minecraft:air"
										}
									}
								]
							},
							{
								"open": {
									"uf:grow_cherry": {
										"run_command": {
											"command": "fill ~~-1~ ~~-1~ uf:cherry_block 0 replace minecraft:air"
										}
									},
									"uf:shear": {
										"spawn_loot": {
											"table": "loot_tables/cherry_tree_leafs_block.json"
										}
									}
								},
								"key": "uf:shear",
								"children": [
									{
										"open": {
											"spawn_loot": {
												"table": "loot_tables/cherry_tree_leafs_block.json"
											}
										},
										"key": "spawn_loot",
										"is_minified": true,
										"children": {
											"table": "loot_tables/cherry_tree_leafs_block.json"
										}
									}
								]
							}
						]
					}
				]
			}
		]
	}
}