{
	"file_path": "C:\\Users\\chupi\\AppData\\Local\\Packages\\Microsoft.MinecraftUWP_8wekyb3d8bbwe\\LocalState\\games\\com.mojang\\development_behavior_packs\\Ultra Farming Addon\\blocks\\trees\\olive_tree_leafs.json",
	"file_type": "block",
	"format_version": 1,
	"file_uuid": "b577cfa1_b5b4_47dd_a39d_903f9f95a06f",
	"file_version": 59,
	"cache_content": {
		"children": [
			{
				"data": "1.16.0",
				"key": "format_version"
			},
			{
				"open": {
					"format_version": "1.16.0",
					"minecraft:block": {
						"description": {
							"identifier": "uf:olive_tree_leafs",
							"is_experimental": true
						},
						"components": {
							"minecraft:destroy_time": 0.2,
							"minecraft:explosion_resistance": 1,
							"minecraft:flammable": {
								"burn_odds": 0.9,
								"flame_odds": 0.9
							},
							"minecraft:loot": "loot_tables/olive_tree_leafs_loot.json",
							"minecraft:ticking": {
								"range": [
									300,
									550
								],
								"on_tick": {
									"event": "uf:set_olives"
								}
							},
							"bridge:simple_geo": {
								"texture": "uf_olive_tree_leafs",
								"render_method": "alpha_test"
							}
						},
						"events": {
							"uf:set_olives": {
								"run_command": {
									"command": "setblock ~~~ uf:olive_tree_leafs_full"
								}
							}
						}
					}
				},
				"key": "minecraft:block",
				"children": [
					{
						"open": {
							"description": {
								"identifier": "uf:olive_tree_leafs",
								"is_experimental": true
							},
							"components": {
								"minecraft:destroy_time": 0.2,
								"minecraft:explosion_resistance": 1,
								"minecraft:flammable": {
									"burn_odds": 0.9,
									"flame_odds": 0.9
								},
								"minecraft:loot": "loot_tables/olive_tree_leafs_loot.json",
								"minecraft:ticking": {
									"range": [
										300,
										550
									],
									"on_tick": {
										"event": "uf:set_olives"
									}
								},
								"bridge:simple_geo": {
									"texture": "uf_olive_tree_leafs",
									"render_method": "alpha_test"
								}
							},
							"events": {
								"uf:set_olives": {
									"run_command": {
										"command": "setblock ~~~ uf:olive_tree_leafs_full"
									}
								}
							}
						},
						"key": "description",
						"is_minified": true,
						"children": {
							"identifier": "uf:olive_tree_leafs",
							"is_experimental": true
						}
					},
					{
						"open": {
							"description": {
								"identifier": "uf:olive_tree_leafs",
								"is_experimental": true
							},
							"components": {
								"minecraft:destroy_time": 0.2,
								"minecraft:explosion_resistance": 1,
								"minecraft:flammable": {
									"burn_odds": 0.9,
									"flame_odds": 0.9
								},
								"minecraft:loot": "loot_tables/olive_tree_leafs_loot.json",
								"minecraft:ticking": {
									"range": [
										300,
										550
									],
									"on_tick": {
										"event": "uf:set_olives"
									}
								},
								"bridge:simple_geo": {
									"texture": "uf_olive_tree_leafs",
									"render_method": "alpha_test"
								}
							},
							"events": {
								"uf:set_olives": {
									"run_command": {
										"command": "setblock ~~~ uf:olive_tree_leafs_full"
									}
								}
							}
						},
						"key": "components",
						"children": [
							{
								"data": "0.2",
								"key": "minecraft:destroy_time"
							},
							{
								"data": "1",
								"key": "minecraft:explosion_resistance"
							},
							{
								"key": "minecraft:flammable",
								"is_minified": true,
								"children": {
									"burn_odds": 0.9,
									"flame_odds": 0.9
								}
							},
							{
								"data": "loot_tables/olive_tree_leafs_loot.json",
								"key": "minecraft:loot"
							},
							{
								"open": {
									"minecraft:destroy_time": 0.2,
									"minecraft:explosion_resistance": 1,
									"minecraft:flammable": {
										"burn_odds": 0.9,
										"flame_odds": 0.9
									},
									"minecraft:loot": "loot_tables/olive_tree_leafs_loot.json",
									"minecraft:ticking": {
										"range": [
											300,
											550
										],
										"on_tick": {
											"event": "uf:set_olives"
										}
									},
									"bridge:simple_geo": {
										"texture": "uf_olive_tree_leafs",
										"render_method": "alpha_test"
									}
								},
								"key": "minecraft:ticking",
								"children": [
									{
										"open": {
											"range": [
												300,
												550
											],
											"on_tick": {
												"event": "uf:set_olives"
											}
										},
										"key": "range",
										"is_minified": true,
										"children": [
											300,
											550
										]
									},
									{
										"open": {
											"range": [
												300,
												550
											],
											"on_tick": {
												"event": "uf:set_olives"
											}
										},
										"key": "on_tick",
										"is_minified": true,
										"children": {
											"event": "uf:set_olives"
										}
									}
								]
							},
							{
								"key": "bridge:simple_geo",
								"is_minified": true,
								"children": {
									"texture": "uf_olive_tree_leafs",
									"render_method": "alpha_test"
								}
							}
						]
					},
					{
						"open": {
							"description": {
								"identifier": "uf:olive_tree_leafs",
								"is_experimental": true
							},
							"components": {
								"minecraft:destroy_time": 0.2,
								"minecraft:explosion_resistance": 1,
								"minecraft:flammable": {
									"burn_odds": 0.9,
									"flame_odds": 0.9
								},
								"minecraft:loot": "loot_tables/olive_tree_leafs_loot.json",
								"minecraft:ticking": {
									"range": [
										300,
										550
									],
									"on_tick": {
										"event": "uf:set_olives"
									}
								},
								"bridge:simple_geo": {
									"texture": "uf_olive_tree_leafs",
									"render_method": "alpha_test"
								}
							},
							"events": {
								"uf:set_olives": {
									"run_command": {
										"command": "setblock ~~~ uf:olive_tree_leafs_full"
									}
								}
							}
						},
						"key": "events",
						"children": [
							{
								"open": {
									"uf:set_olives": {
										"run_command": {
											"command": "setblock ~~~ uf:olive_tree_leafs_full"
										}
									}
								},
								"key": "uf:set_olives",
								"children": [
									{
										"open": {
											"run_command": {
												"command": "setblock ~~~ uf:olive_tree_leafs_full"
											}
										},
										"key": "run_command",
										"is_minified": true,
										"children": {
											"command": "setblock ~~~ uf:olive_tree_leafs_full"
										}
									}
								]
							}
						]
					}
				]
			}
		]
	}
}