{
	"file_path": "C:\\Users\\chupi\\AppData\\Local\\Packages\\Microsoft.MinecraftUWP_8wekyb3d8bbwe\\LocalState\\games\\com.mojang\\development_behavior_packs\\Ultra Farming Addon\\blocks\\trees\\olive_tree_leafs_full.json",
	"file_type": "block",
	"format_version": 1,
	"file_uuid": "93965261_55ad_4b6b_9685_4d8e70e3b082",
	"file_version": 66,
	"cache_content": {
		"children": [
			{
				"data": "1.16.0",
				"key": "format_version"
			},
			{
				"open": {
					"format_version": "1.16.0",
					"minecraft:block": {
						"description": {
							"identifier": "uf:olive_tree_leafs_full",
							"is_experimental": true,
							"properties": {
								"uf:is_full": [
									false,
									true
								]
							}
						},
						"components": {
							"minecraft:destroy_time": 0.2,
							"minecraft:explosion_resistance": 1,
							"minecraft:flammable": {
								"burn_odds": 0.9,
								"flame_odds": 0.9
							},
							"minecraft:loot": "loot_tables/olive_tree_leafs_loot.json",
							"bridge:simple_geo": {
								"texture": "uf_olive_tree_leafs_full",
								"render_method": "alpha_test"
							},
							"minecraft:on_interact": {
								"event": "uf:get_olives"
							}
						},
						"events": {
							"uf:get_olives": {
								"spawn_loot": {
									"table": "loot_tables/olives.json"
								},
								"run_command": {
									"command": "setblock ~~~ uf:olive_tree_leafs"
								}
							}
						}
					}
				},
				"key": "minecraft:block",
				"children": [
					{
						"open": {
							"description": {
								"identifier": "uf:olive_tree_leafs_full",
								"is_experimental": true,
								"properties": {
									"uf:is_full": [
										false,
										true
									]
								}
							},
							"components": {
								"minecraft:destroy_time": 0.2,
								"minecraft:explosion_resistance": 1,
								"minecraft:flammable": {
									"burn_odds": 0.9,
									"flame_odds": 0.9
								},
								"minecraft:loot": "loot_tables/olive_tree_leafs_loot.json",
								"bridge:simple_geo": {
									"texture": "uf_olive_tree_leafs_full",
									"render_method": "alpha_test"
								},
								"minecraft:on_interact": {
									"event": "uf:get_olives"
								}
							},
							"events": {
								"uf:get_olives": {
									"spawn_loot": {
										"table": "loot_tables/olives.json"
									},
									"run_command": {
										"command": "setblock ~~~ uf:olive_tree_leafs"
									}
								}
							}
						},
						"key": "description",
						"children": [
							{
								"open": {
									"identifier": "uf:olive_tree_leafs_full",
									"is_experimental": true,
									"properties": {
										"uf:is_full": [
											false,
											true
										]
									}
								},
								"data": "uf:olive_tree_leafs_full",
								"key": "identifier"
							},
							{
								"data": "true",
								"key": "is_experimental"
							},
							{
								"open": {
									"identifier": "uf:olive_tree_leafs_full",
									"is_experimental": true,
									"properties": {
										"uf:is_full": [
											false,
											true
										]
									}
								},
								"key": "properties",
								"is_minified": true,
								"children": {
									"uf:is_full": [
										false,
										true
									]
								}
							}
						]
					},
					{
						"open": {
							"description": {
								"identifier": "uf:olive_tree_leafs_full",
								"is_experimental": true,
								"properties": {
									"uf:is_full": [
										false,
										true
									]
								}
							},
							"components": {
								"minecraft:destroy_time": 0.2,
								"minecraft:explosion_resistance": 1,
								"minecraft:flammable": {
									"burn_odds": 0.9,
									"flame_odds": 0.9
								},
								"minecraft:loot": "loot_tables/olive_tree_leafs_loot.json",
								"bridge:simple_geo": {
									"texture": "uf_olive_tree_leafs_full",
									"render_method": "alpha_test"
								},
								"minecraft:on_interact": {
									"event": "uf:get_olives"
								}
							},
							"events": {
								"uf:get_olives": {
									"spawn_loot": {
										"table": "loot_tables/olives.json"
									},
									"run_command": {
										"command": "setblock ~~~ uf:olive_tree_leafs"
									}
								}
							}
						},
						"key": "components",
						"children": [
							{
								"data": "0.2",
								"key": "minecraft:destroy_time"
							},
							{
								"data": "1",
								"key": "minecraft:explosion_resistance"
							},
							{
								"key": "minecraft:flammable",
								"is_minified": true,
								"children": {
									"burn_odds": 0.9,
									"flame_odds": 0.9
								}
							},
							{
								"data": "loot_tables/olive_tree_leafs_loot.json",
								"key": "minecraft:loot"
							},
							{
								"open": {
									"minecraft:destroy_time": 0.2,
									"minecraft:explosion_resistance": 1,
									"minecraft:flammable": {
										"burn_odds": 0.9,
										"flame_odds": 0.9
									},
									"minecraft:loot": "loot_tables/olive_tree_leafs_loot.json",
									"bridge:simple_geo": {
										"texture": "uf_olive_tree_leafs_full",
										"render_method": "alpha_test"
									},
									"minecraft:on_interact": {
										"event": "uf:get_olives"
									}
								},
								"key": "bridge:simple_geo",
								"is_minified": true,
								"children": {
									"texture": "uf_olive_tree_leafs_full",
									"render_method": "alpha_test"
								}
							},
							{
								"key": "minecraft:on_interact",
								"is_minified": true,
								"children": {
									"event": "uf:get_olives"
								}
							}
						]
					},
					{
						"open": {
							"description": {
								"identifier": "uf:olive_tree_leafs_full",
								"is_experimental": true,
								"properties": {
									"uf:is_full": [
										false,
										true
									]
								}
							},
							"components": {
								"minecraft:destroy_time": 0.2,
								"minecraft:explosion_resistance": 1,
								"minecraft:flammable": {
									"burn_odds": 0.9,
									"flame_odds": 0.9
								},
								"minecraft:loot": "loot_tables/olive_tree_leafs_loot.json",
								"bridge:simple_geo": {
									"texture": "uf_olive_tree_leafs_full",
									"render_method": "alpha_test"
								},
								"minecraft:on_interact": {
									"event": "uf:get_olives"
								}
							},
							"events": {
								"uf:get_olives": {
									"spawn_loot": {
										"table": "loot_tables/olives.json"
									},
									"run_command": {
										"command": "setblock ~~~ uf:olive_tree_leafs"
									}
								}
							}
						},
						"key": "events",
						"children": [
							{
								"open": {
									"uf:get_olives": {
										"spawn_loot": {
											"table": "loot_tables/olives.json"
										},
										"run_command": {
											"command": "setblock ~~~ uf:olive_tree_leafs"
										}
									}
								},
								"key": "uf:get_olives",
								"children": [
									{
										"open": {
											"spawn_loot": {
												"table": "loot_tables/olives.json"
											},
											"run_command": {
												"command": "setblock ~~~ uf:olive_tree_leafs"
											}
										},
										"key": "spawn_loot",
										"is_minified": true,
										"children": {
											"table": "loot_tables/olives.json"
										}
									},
									{
										"open": {
											"spawn_loot": {
												"table": "loot_tables/olives.json"
											},
											"run_command": {
												"command": "setblock ~~~ uf:olive_tree_leafs"
											}
										},
										"key": "run_command",
										"is_minified": true,
										"children": {
											"command": "setblock ~~~ uf:olive_tree_leafs"
										}
									}
								]
							}
						]
					}
				]
			}
		]
	}
}