{
	"file_path": "C:\\Users\\chupi\\AppData\\Local\\Packages\\Microsoft.MinecraftUWP_8wekyb3d8bbwe\\LocalState\\games\\com.mojang\\development_behavior_packs\\Ultra Farming Addon\\blocks\\orange_tree_sapling.json",
	"file_type": "block",
	"format_version": 1,
	"file_uuid": "5b80adba_5864_45be_a2ea_57361e7fffd2",
	"file_version": 85,
	"cache_content": {
		"children": [
			{
				"data": "1.16.100",
				"key": "format_version"
			},
			{
				"open": {
					"format_version": "1.16.100",
					"minecraft:block": {
						"description": {
							"identifier": "uf:orange_tree_sapling",
							"category": "nature"
						},
						"components": {
							"minecraft:material_instances": {
								"*": {
									"texture": "uf_orange_tree_sapling",
									"render_method": "alpha_test",
									"face_dimming": false
								}
							},
							"minecraft:pick_collision": {
								"origin": [
									-4,
									0,
									-4
								],
								"size": [
									8,
									14,
									8
								]
							},
							"minecraft:loot": "loot_tables/orange_tree_sappling_loot.json",
							"minecraft:geometry": "geometry.plantv3",
							"minecraft:destroy_time": 0.01,
							"minecraft:entity_collision": false,
							"minecraft:friction": 0.6,
							"minecraft:flammable": {
								"flame_odds": 0,
								"burn_odds": 0
							},
							"minecraft:placement_filter": {
								"conditions": [
									{
										"block_filter": [
											"minecraft:dirt",
											"minecraft:grass",
											"minecraft:podzol"
										],
										"allowed_faces": [
											"up"
										]
									}
								]
							},
							"minecraft:breakonpush": true,
							"minecraft:breathability": "air",
							"minecraft:block_light_absorption": 0,
							"minecraft:on_interact": {
								"event": "bone_meal",
								"condition": "query.get_equipped_item_name('main_hand') == 'bone_meal'"
							},
							"minecraft:ticking": {
								"range": [
									300,
									1200
								],
								"on_tick": {
									"event": "grow_natural",
									"target": "self"
								}
							}
						},
						"events": {
							"grow_natural": {
								"randomize": [
									{
										"run_command": {
											"command": [
												"fill ~ ~ ~ ~ ~ ~ air",
												"structure load orange_tree_0 ~-3~~-3"
											],
											"target": "self"
										},
										"weight": 10
									},
									{
										"run_command": {
											"command": [
												"fill ~ ~ ~ ~ ~ ~ air",
												"structure load orange_tree_0 ~-3~~-3"
											],
											"target": "self"
										},
										"weight": 10
									},
									{
										"run_command": {
											"command": [
												"fill ~ ~ ~ ~ ~ ~ air",
												"structure load orange_tree_0 ~-3~~-3"
											],
											"target": "self"
										},
										"weight": 10
									},
									{
										"run_command": {
											"command": [
												"fill ~ ~ ~ ~ ~ ~ air",
												"structure load maple_tree_with_syrup ~-2~~-2"
											],
											"target": "self"
										},
										"weight": 2
									}
								]
							},
							"bone_meal": {
								"sequence": [
									{
										"decrement_stack": {}
									},
									{
										"run_command": {
											"command": [
												"particle minecraft:crop_growth_emitter ~~~"
											]
										}
									},
									{
										"trigger": {
											"event": "grow_natural"
										}
									}
								]
							}
						}
					}
				},
				"key": "minecraft:block",
				"children": [
					{
						"open": {
							"description": {
								"identifier": "uf:orange_tree_sapling",
								"category": "nature"
							},
							"components": {
								"minecraft:material_instances": {
									"*": {
										"texture": "uf_orange_tree_sapling",
										"render_method": "alpha_test",
										"face_dimming": false
									}
								},
								"minecraft:pick_collision": {
									"origin": [
										-4,
										0,
										-4
									],
									"size": [
										8,
										14,
										8
									]
								},
								"minecraft:loot": "loot_tables/orange_tree_sappling_loot.json",
								"minecraft:geometry": "geometry.plantv3",
								"minecraft:destroy_time": 0.01,
								"minecraft:entity_collision": false,
								"minecraft:friction": 0.6,
								"minecraft:flammable": {
									"flame_odds": 0,
									"burn_odds": 0
								},
								"minecraft:placement_filter": {
									"conditions": [
										{
											"block_filter": [
												"minecraft:dirt",
												"minecraft:grass",
												"minecraft:podzol"
											],
											"allowed_faces": [
												"up"
											]
										}
									]
								},
								"minecraft:breakonpush": true,
								"minecraft:breathability": "air",
								"minecraft:block_light_absorption": 0,
								"minecraft:on_interact": {
									"event": "bone_meal",
									"condition": "query.get_equipped_item_name('main_hand') == 'bone_meal'"
								},
								"minecraft:ticking": {
									"range": [
										300,
										1200
									],
									"on_tick": {
										"event": "grow_natural",
										"target": "self"
									}
								}
							},
							"events": {
								"grow_natural": {
									"randomize": [
										{
											"run_command": {
												"command": [
													"fill ~ ~ ~ ~ ~ ~ air",
													"structure load orange_tree_0 ~-3~~-3"
												],
												"target": "self"
											},
											"weight": 10
										},
										{
											"run_command": {
												"command": [
													"fill ~ ~ ~ ~ ~ ~ air",
													"structure load orange_tree_0 ~-3~~-3"
												],
												"target": "self"
											},
											"weight": 10
										},
										{
											"run_command": {
												"command": [
													"fill ~ ~ ~ ~ ~ ~ air",
													"structure load orange_tree_0 ~-3~~-3"
												],
												"target": "self"
											},
											"weight": 10
										},
										{
											"run_command": {
												"command": [
													"fill ~ ~ ~ ~ ~ ~ air",
													"structure load maple_tree_with_syrup ~-2~~-2"
												],
												"target": "self"
											},
											"weight": 2
										}
									]
								},
								"bone_meal": {
									"sequence": [
										{
											"decrement_stack": {}
										},
										{
											"run_command": {
												"command": [
													"particle minecraft:crop_growth_emitter ~~~"
												]
											}
										},
										{
											"trigger": {
												"event": "grow_natural"
											}
										}
									]
								}
							}
						},
						"key": "description",
						"is_minified": true,
						"children": {
							"identifier": "uf:orange_tree_sapling",
							"category": "nature"
						}
					},
					{
						"open": {
							"description": {
								"identifier": "uf:orange_tree_sapling",
								"category": "nature"
							},
							"components": {
								"minecraft:material_instances": {
									"*": {
										"texture": "uf_orange_tree_sapling",
										"render_method": "alpha_test",
										"face_dimming": false
									}
								},
								"minecraft:pick_collision": {
									"origin": [
										-4,
										0,
										-4
									],
									"size": [
										8,
										14,
										8
									]
								},
								"minecraft:loot": "loot_tables/orange_tree_sappling_loot.json",
								"minecraft:geometry": "geometry.plantv3",
								"minecraft:destroy_time": 0.01,
								"minecraft:entity_collision": false,
								"minecraft:friction": 0.6,
								"minecraft:flammable": {
									"flame_odds": 0,
									"burn_odds": 0
								},
								"minecraft:placement_filter": {
									"conditions": [
										{
											"block_filter": [
												"minecraft:dirt",
												"minecraft:grass",
												"minecraft:podzol"
											],
											"allowed_faces": [
												"up"
											]
										}
									]
								},
								"minecraft:breakonpush": true,
								"minecraft:breathability": "air",
								"minecraft:block_light_absorption": 0,
								"minecraft:on_interact": {
									"event": "bone_meal",
									"condition": "query.get_equipped_item_name('main_hand') == 'bone_meal'"
								},
								"minecraft:ticking": {
									"range": [
										300,
										1200
									],
									"on_tick": {
										"event": "grow_natural",
										"target": "self"
									}
								}
							},
							"events": {
								"grow_natural": {
									"randomize": [
										{
											"run_command": {
												"command": [
													"fill ~ ~ ~ ~ ~ ~ air",
													"structure load orange_tree_0 ~-3~~-3"
												],
												"target": "self"
											},
											"weight": 10
										},
										{
											"run_command": {
												"command": [
													"fill ~ ~ ~ ~ ~ ~ air",
													"structure load orange_tree_0 ~-3~~-3"
												],
												"target": "self"
											},
											"weight": 10
										},
										{
											"run_command": {
												"command": [
													"fill ~ ~ ~ ~ ~ ~ air",
													"structure load orange_tree_0 ~-3~~-3"
												],
												"target": "self"
											},
											"weight": 10
										},
										{
											"run_command": {
												"command": [
													"fill ~ ~ ~ ~ ~ ~ air",
													"structure load maple_tree_with_syrup ~-2~~-2"
												],
												"target": "self"
											},
											"weight": 2
										}
									]
								},
								"bone_meal": {
									"sequence": [
										{
											"decrement_stack": {}
										},
										{
											"run_command": {
												"command": [
													"particle minecraft:crop_growth_emitter ~~~"
												]
											}
										},
										{
											"trigger": {
												"event": "grow_natural"
											}
										}
									]
								}
							}
						},
						"key": "components",
						"children": [
							{
								"open": {
									"minecraft:material_instances": {
										"*": {
											"texture": "uf_orange_tree_sapling",
											"render_method": "alpha_test",
											"face_dimming": false
										}
									},
									"minecraft:pick_collision": {
										"origin": [
											-4,
											0,
											-4
										],
										"size": [
											8,
											14,
											8
										]
									},
									"minecraft:loot": "loot_tables/orange_tree_sappling_loot.json",
									"minecraft:geometry": "geometry.plantv3",
									"minecraft:destroy_time": 0.01,
									"minecraft:entity_collision": false,
									"minecraft:friction": 0.6,
									"minecraft:flammable": {
										"flame_odds": 0,
										"burn_odds": 0
									},
									"minecraft:placement_filter": {
										"conditions": [
											{
												"block_filter": [
													"minecraft:dirt",
													"minecraft:grass",
													"minecraft:podzol"
												],
												"allowed_faces": [
													"up"
												]
											}
										]
									},
									"minecraft:breakonpush": true,
									"minecraft:breathability": "air",
									"minecraft:block_light_absorption": 0,
									"minecraft:on_interact": {
										"event": "bone_meal",
										"condition": "query.get_equipped_item_name('main_hand') == 'bone_meal'"
									},
									"minecraft:ticking": {
										"range": [
											300,
											1200
										],
										"on_tick": {
											"event": "grow_natural",
											"target": "self"
										}
									}
								},
								"key": "minecraft:material_instances",
								"children": [
									{
										"open": {
											"*": {
												"texture": "uf_orange_tree_sapling",
												"render_method": "alpha_test",
												"face_dimming": false
											}
										},
										"key": "*",
										"is_minified": true,
										"children": {
											"texture": "uf_orange_tree_sapling",
											"render_method": "alpha_test",
											"face_dimming": false
										}
									}
								]
							},
							{
								"key": "minecraft:pick_collision",
								"is_minified": true,
								"children": {
									"origin": [
										-4,
										0,
										-4
									],
									"size": [
										8,
										14,
										8
									]
								}
							},
							{
								"open": {
									"minecraft:material_instances": {
										"*": {
											"texture": "uf_orange_tree_sapling",
											"render_method": "alpha_test",
											"face_dimming": false
										}
									},
									"minecraft:pick_collision": {
										"origin": [
											-4,
											0,
											-4
										],
										"size": [
											8,
											14,
											8
										]
									},
									"minecraft:loot": "loot_tables/orange_tree_sappling_loot.json",
									"minecraft:geometry": "geometry.plantv3",
									"minecraft:destroy_time": 0.01,
									"minecraft:entity_collision": false,
									"minecraft:friction": 0.6,
									"minecraft:flammable": {
										"flame_odds": 0,
										"burn_odds": 0
									},
									"minecraft:placement_filter": {
										"conditions": [
											{
												"block_filter": [
													"minecraft:dirt",
													"minecraft:grass",
													"minecraft:podzol"
												],
												"allowed_faces": [
													"up"
												]
											}
										]
									},
									"minecraft:breakonpush": true,
									"minecraft:breathability": "air",
									"minecraft:block_light_absorption": 0,
									"minecraft:on_interact": {
										"event": "bone_meal",
										"condition": "query.get_equipped_item_name('main_hand') == 'bone_meal'"
									},
									"minecraft:ticking": {
										"range": [
											300,
											1200
										],
										"on_tick": {
											"event": "grow_natural",
											"target": "self"
										}
									}
								},
								"data": "loot_tables/orange_tree_sappling_loot.json",
								"key": "minecraft:loot"
							},
							{
								"data": "geometry.plantv3",
								"key": "minecraft:geometry"
							},
							{
								"data": "0.01",
								"key": "minecraft:destroy_time"
							},
							{
								"data": "false",
								"key": "minecraft:entity_collision"
							},
							{
								"data": "0.6",
								"key": "minecraft:friction"
							},
							{
								"key": "minecraft:flammable",
								"is_minified": true,
								"children": {
									"flame_odds": 0,
									"burn_odds": 0
								}
							},
							{
								"key": "minecraft:placement_filter",
								"is_minified": true,
								"children": {
									"conditions": [
										{
											"block_filter": [
												"minecraft:dirt",
												"minecraft:grass",
												"minecraft:podzol"
											],
											"allowed_faces": [
												"up"
											]
										}
									]
								}
							},
							{
								"data": "true",
								"key": "minecraft:breakonpush"
							},
							{
								"data": "air",
								"key": "minecraft:breathability"
							},
							{
								"data": "0",
								"key": "minecraft:block_light_absorption"
							},
							{
								"key": "minecraft:on_interact",
								"is_minified": true,
								"children": {
									"event": "bone_meal",
									"condition": "query.get_equipped_item_name('main_hand') == 'bone_meal'"
								}
							},
							{
								"key": "minecraft:ticking",
								"is_minified": true,
								"children": {
									"range": [
										300,
										1200
									],
									"on_tick": {
										"event": "grow_natural",
										"target": "self"
									}
								}
							}
						]
					},
					{
						"open": {
							"description": {
								"identifier": "uf:orange_tree_sapling",
								"category": "nature"
							},
							"components": {
								"minecraft:material_instances": {
									"*": {
										"texture": "uf_orange_tree_sapling",
										"render_method": "alpha_test",
										"face_dimming": false
									}
								},
								"minecraft:pick_collision": {
									"origin": [
										-4,
										0,
										-4
									],
									"size": [
										8,
										14,
										8
									]
								},
								"minecraft:loot": "loot_tables/orange_tree_sappling_loot.json",
								"minecraft:geometry": "geometry.plantv3",
								"minecraft:destroy_time": 0.01,
								"minecraft:entity_collision": false,
								"minecraft:friction": 0.6,
								"minecraft:flammable": {
									"flame_odds": 0,
									"burn_odds": 0
								},
								"minecraft:placement_filter": {
									"conditions": [
										{
											"block_filter": [
												"minecraft:dirt",
												"minecraft:grass",
												"minecraft:podzol"
											],
											"allowed_faces": [
												"up"
											]
										}
									]
								},
								"minecraft:breakonpush": true,
								"minecraft:breathability": "air",
								"minecraft:block_light_absorption": 0,
								"minecraft:on_interact": {
									"event": "bone_meal",
									"condition": "query.get_equipped_item_name('main_hand') == 'bone_meal'"
								},
								"minecraft:ticking": {
									"range": [
										300,
										1200
									],
									"on_tick": {
										"event": "grow_natural",
										"target": "self"
									}
								}
							},
							"events": {
								"grow_natural": {
									"randomize": [
										{
											"run_command": {
												"command": [
													"fill ~ ~ ~ ~ ~ ~ air",
													"structure load orange_tree_0 ~-3~~-3"
												],
												"target": "self"
											},
											"weight": 10
										},
										{
											"run_command": {
												"command": [
													"fill ~ ~ ~ ~ ~ ~ air",
													"structure load orange_tree_0 ~-3~~-3"
												],
												"target": "self"
											},
											"weight": 10
										},
										{
											"run_command": {
												"command": [
													"fill ~ ~ ~ ~ ~ ~ air",
													"structure load orange_tree_0 ~-3~~-3"
												],
												"target": "self"
											},
											"weight": 10
										},
										{
											"run_command": {
												"command": [
													"fill ~ ~ ~ ~ ~ ~ air",
													"structure load maple_tree_with_syrup ~-2~~-2"
												],
												"target": "self"
											},
											"weight": 2
										}
									]
								},
								"bone_meal": {
									"sequence": [
										{
											"decrement_stack": {}
										},
										{
											"run_command": {
												"command": [
													"particle minecraft:crop_growth_emitter ~~~"
												]
											}
										},
										{
											"trigger": {
												"event": "grow_natural"
											}
										}
									]
								}
							}
						},
						"key": "events",
						"children": [
							{
								"open": {
									"grow_natural": {
										"randomize": [
											{
												"run_command": {
													"command": [
														"fill ~ ~ ~ ~ ~ ~ air",
														"structure load orange_tree_0 ~-3~~-3"
													],
													"target": "self"
												},
												"weight": 10
											},
											{
												"run_command": {
													"command": [
														"fill ~ ~ ~ ~ ~ ~ air",
														"structure load orange_tree_0 ~-3~~-3"
													],
													"target": "self"
												},
												"weight": 10
											},
											{
												"run_command": {
													"command": [
														"fill ~ ~ ~ ~ ~ ~ air",
														"structure load orange_tree_0 ~-3~~-3"
													],
													"target": "self"
												},
												"weight": 10
											},
											{
												"run_command": {
													"command": [
														"fill ~ ~ ~ ~ ~ ~ air",
														"structure load maple_tree_with_syrup ~-2~~-2"
													],
													"target": "self"
												},
												"weight": 2
											}
										]
									},
									"bone_meal": {
										"sequence": [
											{
												"decrement_stack": {}
											},
											{
												"run_command": {
													"command": [
														"particle minecraft:crop_growth_emitter ~~~"
													]
												}
											},
											{
												"trigger": {
													"event": "grow_natural"
												}
											}
										]
									}
								},
								"key": "grow_natural",
								"children": [
									{
										"open": {
											"randomize": [
												{
													"run_command": {
														"command": [
															"fill ~ ~ ~ ~ ~ ~ air",
															"structure load orange_tree_0 ~-3~~-3"
														],
														"target": "self"
													},
													"weight": 10
												},
												{
													"run_command": {
														"command": [
															"fill ~ ~ ~ ~ ~ ~ air",
															"structure load orange_tree_0 ~-3~~-3"
														],
														"target": "self"
													},
													"weight": 10
												},
												{
													"run_command": {
														"command": [
															"fill ~ ~ ~ ~ ~ ~ air",
															"structure load orange_tree_0 ~-3~~-3"
														],
														"target": "self"
													},
													"weight": 10
												},
												{
													"run_command": {
														"command": [
															"fill ~ ~ ~ ~ ~ ~ air",
															"structure load maple_tree_with_syrup ~-2~~-2"
														],
														"target": "self"
													},
													"weight": 2
												}
											]
										},
										"key": "randomize",
										"children": [
											{
												"open": [
													{
														"run_command": {
															"command": [
																"fill ~ ~ ~ ~ ~ ~ air",
																"structure load orange_tree_0 ~-3~~-3"
															],
															"target": "self"
														},
														"weight": 10
													},
													{
														"run_command": {
															"command": [
																"fill ~ ~ ~ ~ ~ ~ air",
																"structure load orange_tree_0 ~-3~~-3"
															],
															"target": "self"
														},
														"weight": 10
													},
													{
														"run_command": {
															"command": [
																"fill ~ ~ ~ ~ ~ ~ air",
																"structure load orange_tree_0 ~-3~~-3"
															],
															"target": "self"
														},
														"weight": 10
													},
													{
														"run_command": {
															"command": [
																"fill ~ ~ ~ ~ ~ ~ air",
																"structure load maple_tree_with_syrup ~-2~~-2"
															],
															"target": "self"
														},
														"weight": 2
													}
												],
												"children": [
													{
														"open": {
															"run_command": {
																"command": [
																	"fill ~ ~ ~ ~ ~ ~ air",
																	"structure load orange_tree_0 ~-3~~-3"
																],
																"target": "self"
															},
															"weight": 10
														},
														"key": "run_command",
														"children": [
															{
																"open": {
																	"command": [
																		"fill ~ ~ ~ ~ ~ ~ air",
																		"structure load orange_tree_0 ~-3~~-3"
																	],
																	"target": "self"
																},
																"key": "command",
																"is_minified": true,
																"children": [
																	"fill ~ ~ ~ ~ ~ ~ air",
																	"structure load orange_tree_0 ~-3~~-3"
																]
															},
															{
																"data": "self",
																"key": "target"
															}
														]
													},
													{
														"data": "10",
														"key": "weight"
													}
												]
											},
											{
												"open": [
													{
														"run_command": {
															"command": [
																"fill ~ ~ ~ ~ ~ ~ air",
																"structure load orange_tree_0 ~-3~~-3"
															],
															"target": "self"
														},
														"weight": 10
													},
													{
														"run_command": {
															"command": [
																"fill ~ ~ ~ ~ ~ ~ air",
																"structure load orange_tree_0 ~-3~~-3"
															],
															"target": "self"
														},
														"weight": 10
													},
													{
														"run_command": {
															"command": [
																"fill ~ ~ ~ ~ ~ ~ air",
																"structure load orange_tree_0 ~-3~~-3"
															],
															"target": "self"
														},
														"weight": 10
													},
													{
														"run_command": {
															"command": [
																"fill ~ ~ ~ ~ ~ ~ air",
																"structure load maple_tree_with_syrup ~-2~~-2"
															],
															"target": "self"
														},
														"weight": 2
													}
												],
												"children": [
													{
														"open": {
															"run_command": {
																"command": [
																	"fill ~ ~ ~ ~ ~ ~ air",
																	"structure load orange_tree_0 ~-3~~-3"
																],
																"target": "self"
															},
															"weight": 10
														},
														"key": "run_command",
														"children": [
															{
																"open": {
																	"command": [
																		"fill ~ ~ ~ ~ ~ ~ air",
																		"structure load orange_tree_0 ~-3~~-3"
																	],
																	"target": "self"
																},
																"key": "command",
																"is_minified": true,
																"children": [
																	"fill ~ ~ ~ ~ ~ ~ air",
																	"structure load orange_tree_0 ~-3~~-3"
																]
															},
															{
																"data": "self",
																"key": "target"
															}
														]
													},
													{
														"data": "10",
														"key": "weight"
													}
												]
											},
											{
												"open": [
													{
														"run_command": {
															"command": [
																"fill ~ ~ ~ ~ ~ ~ air",
																"structure load orange_tree_0 ~-3~~-3"
															],
															"target": "self"
														},
														"weight": 10
													},
													{
														"run_command": {
															"command": [
																"fill ~ ~ ~ ~ ~ ~ air",
																"structure load orange_tree_0 ~-3~~-3"
															],
															"target": "self"
														},
														"weight": 10
													},
													{
														"run_command": {
															"command": [
																"fill ~ ~ ~ ~ ~ ~ air",
																"structure load orange_tree_0 ~-3~~-3"
															],
															"target": "self"
														},
														"weight": 10
													},
													{
														"run_command": {
															"command": [
																"fill ~ ~ ~ ~ ~ ~ air",
																"structure load maple_tree_with_syrup ~-2~~-2"
															],
															"target": "self"
														},
														"weight": 2
													}
												],
												"children": [
													{
														"open": {
															"run_command": {
																"command": [
																	"fill ~ ~ ~ ~ ~ ~ air",
																	"structure load orange_tree_0 ~-3~~-3"
																],
																"target": "self"
															},
															"weight": 10
														},
														"key": "run_command",
														"children": [
															{
																"open": {
																	"command": [
																		"fill ~ ~ ~ ~ ~ ~ air",
																		"structure load orange_tree_0 ~-3~~-3"
																	],
																	"target": "self"
																},
																"key": "command",
																"is_minified": true,
																"children": [
																	"fill ~ ~ ~ ~ ~ ~ air",
																	"structure load orange_tree_0 ~-3~~-3"
																]
															},
															{
																"data": "self",
																"key": "target"
															}
														]
													},
													{
														"data": "10",
														"key": "weight"
													}
												]
											},
											{
												"is_minified": true,
												"children": {
													"run_command": {
														"command": [
															"fill ~ ~ ~ ~ ~ ~ air",
															"structure load maple_tree_with_syrup ~-2~~-2"
														],
														"target": "self"
													},
													"weight": 2
												}
											}
										]
									}
								]
							},
							{
								"key": "bone_meal",
								"is_minified": true,
								"children": {
									"sequence": [
										{
											"decrement_stack": {}
										},
										{
											"run_command": {
												"command": [
													"particle minecraft:crop_growth_emitter ~~~"
												]
											}
										},
										{
											"trigger": {
												"event": "grow_natural"
											}
										}
									]
								}
							}
						]
					}
				]
			}
		]
	}
}