{
	"resource_pack_name": "bridgeRP",
	"texture_name": "atlas.items",
	"texture_data": {
		"uf_corn_crop_seeds": {
			"textures": "textures/items/corn_crop_seeds"
		},
		"uf_corn": {
			"textures": "textures/items/corn"
		},
		"uf_lettuce_crop_seeds": {
			"textures": "textures/items/lettuce_crop_seeds"
		},
		"uf_lettuce": {
			"textures": "textures/items/lettuce"
		},
		"tractor": {
			"textures": [
				"textures/items/tractor"
			]
		},
		"uf_tomato_crop_seeds": {
			"textures": "textures/items/tomato_crop_seeds"
		},
		"uf_tomato": {
			"textures": "textures/items/tomato"
		},
		"uf_apple_tree_sapling_item": {
			"textures": "textures/items/apple_tree_sapling_item"
		},
		"uf_rice_crop_seeds": {
			"textures": "textures/items/rice_crop_seeds"
		},
		"uf_rice": {
			"textures": "textures/items/rice"
		},
		"uf_rice_farmland_item": {
			"textures": "textures/items/rice_farmland_item"
		},
		"uf_grapes_crop_seeds": {
			"textures": "textures/items/grapes_crop_seeds"
		},
		"uf_grape": {
			"textures": "textures/items/grape"
		},
		"uf_orange_tree_sapling_item": {
			"textures": "textures/items/orange_tree_sapling_item"
		},
		"uf_orange": {
			"textures": "textures/items/orange"
		},
		"uf_pepper_crop_seeds": {
			"textures": "textures/items/pepper_crop_seeds"
		},
		"uf_pepper": {
			"textures": "textures/items/pepper"
		},
		"uf_olive_tree_sapling_item": {
			"textures": "textures/items/olive_tree_sapling_item"
		},
		"uf_olive": {
			"textures": "textures/items/olive"
		},
		"uf_botany_table_item": {
			"textures": "textures/items/botany_table_item"
		},
		"uf_fried_egg": {
			"textures": "textures/items/fried_egg"
		},
		"uf_wine": {
			"textures": "textures/items/wine"
		},
		"uf_plow_tool": {
			"textures": "textures/items/plow_tool"
		},
		"uf_fried_tomato": {
			"textures": "textures/items/fried_tomato"
		},
		"uf_cheese_mold_item": {
			"textures": "textures/items/cheese_mold_item"
		},
		"uf_cheese": {
			"textures": "textures/items/cheese"
		},
		"uf_wine_barrel_item": {
			"textures": "textures/items/wine_barrel_item"
		},
		"uf_sandwich_0": {
			"textures": "textures/items/sandwich_0"
		},
		"uf_sandwich_1": {
			"textures": "textures/items/sandwich_1"
		},
		"uf_sandwich_2": {
			"textures": "textures/items/sandwich_2"
		},
		"uf_tortilla_corn": {
			"textures": "textures/items/tortilla_corn"
		},
		"uf_taco_0": {
			"textures": "textures/items/taco_0"
		},
		"uf_taco_1": {
			"textures": "textures/items/taco_1"
		},
		"uf_taco_2": {
			"textures": "textures/items/taco_2"
		},
		"uf_cob": {
			"textures": "textures/items/cob"
		},
		"uf_wheat_feeder_item": {
			"textures": "textures/items/wheat_feeder_item"
		},
		"uf_cherry_tree_sapling_item": {
			"textures": "textures/items/cherry_tree_sapling_item"
		},
		"uf_cherry": {
			"textures": "textures/items/cherry"
		},
		"uf_kelp_hatchert_item": {
			"textures": "textures/items/kelp_hatchert_item"
		},
		"uf_salmon_sushi": {
			"textures": "textures/items/salmon_sushi"
		},
		"uf_nigiri": {
			"textures": "textures/items/nigiri"
		},
		"uf_rice_ball": {
			"textures": "textures/items/rice_ball"
		},
		"uf_lettuce_sushi": {
			"textures": "textures/items/lettuce_sushi"
		},
		"uf_corn_sushi": {
			"textures": "textures/items/corn_sushi"
		},
		"uf_sushi_set_item": {
			"textures": "textures/items/sushi_set_item"
		},
		"uf_apple_pie": {
			"textures": "textures/items/apple_pie"
		},
		"uf_cherry_pie": {
			"textures": "textures/items/cherry_pie"
		},
		"uf_orange_pie": {
			"textures": "textures/items/orange_pie"
		},
		"uf_knife": {
			"textures": "textures/items/knife"
		},
		"uf_raw_chicken_foot": {
			"textures": "textures/items/raw_chicken_foot"
		},
		"uf_cooked_chicken_foot": {
			"textures": "textures/items/cooked_chicken_foot"
		},
		"uf_cooked_rice": {
			"textures": "textures/items/cooked_rice"
		},
		"uf_cooking_pot_recipes_book": {
			"textures": "textures/items/cooking_pot_recipes_book"
		},
		"uf_noodles": {
			"textures": "textures/items/noodles"
		},
		"uf_onion_crop_seeds": {
			"textures": "textures/items/onion_crop_seeds"
		},
		"uf_onion": {
			"textures": "textures/items/onion"
		},
		"uf_pumpkin_piece": {
			"textures": "textures/items/pumpkin_piece"
		},
		"uf_potato_stew": {
			"textures": "textures/items/potato_stew"
		},
		"uf_soup": {
			"textures": "textures/items/soup"
		},
		"uf_beef_stew": {
			"textures": "textures/items/beef_stew"
		},
		"uf_pumpkin_stew": {
			"textures": "textures/items/pumpkin_stew"
		},
		"uf_raw_sausages": {
			"textures": "textures/items/raw_sausages"
		},
		"uf_cooked_sausage": {
			"textures": "textures/items/cooked_sausage"
		},
		"uf_raw_fries": {
			"textures": "textures/items/raw_fries"
		},
		"uf_fries": {
			"textures": "textures/items/fries"
		},
		"uf_chicken_coop_item": {
			"textures": "textures/items/chicken_coop_item"
		},
		"uf_cooking_pot_item": {
			"textures": "textures/items/cooking_pot_item"
		},
		"uf_cut_table_item": {
			"textures": "textures/items/cut_table_item"
		},
		"garlic_seeds": {
			"textures": "textures/items/garlic_seeds"
		},
		"garlic": {
			"textures": [
				"textures/items/garlic"
			]
		},
		"cauliflower_seeds": {
			"textures": "textures/items/cauliflower_seeds"
		},
		"cauliflower": {
			"textures": [
				"textures/items/cauliflower"
			]
		},
		"eggplant_seeds": {
			"textures": "textures/items/eggplant_seeds"
		},
		"eggplant": {
			"textures": [
				"textures/items/eggplant"
			]
		},
		"strawberry_seeds": {
			"textures": "textures/items/strawberry_seeds"
		},
		"strawberry": {
			"textures": [
				"textures/items/strawberry"
			]
		},
		"cotton_seeds": {
			"textures": "textures/items/cotton_seeds"
		},
		"cotton": {
			"textures": [
				"textures/items/cotton"
			]
		},
		"cucumber_seeds": {
			"textures": "textures/items/cucumber_seeds"
		},
		"cucumber": {
			"textures": [
				"textures/items/cucumber"
			]
		},
		"sweet_potato_seeds": {
			"textures": "textures/items/sweet_potato_seeds"
		},
		"sweet_potato": {
			"textures": [
				"textures/items/sweet_potato"
			]
		},
		"uf_strawberry_cake": {
			"textures": "textures/items/strawberry_cake"
		},
		"uf_roasted_sweet_potato": {
			"textures": "textures/items/roasted_sweet_potato"
		},
		"uf_strawberry_jam": {
			"textures": "textures/items/strawberry_jam"
		},
		"uf_orange_jam": {
			"textures": "textures/items/orange_jam"
		},
		"uf_grape_jam": {
			"textures": "textures/items/grape_jam"
		},
		"uf_rice_panicle": {
			"textures": "textures/items/rice_panicle"
		},
		"uf_empty_wine_bottle": {
			"textures": "textures/items/empty_wine_bottle"
		},
		"uf_bread_slice": {
			"textures": "textures/items/simple_food/bread_slice"
		},
		"uf_toasted_bread": {
			"textures": "textures/items/cooked_food/toasted_bread"
		},
		"uf_spaghetti": {
			"textures": "textures/items/extra_food/spaghetti"
		},
		"uf_mushroom_spaghetti": {
			"textures": "textures/items/extra_food/mushroom_spaghetti"
		},
		"uf_carbonara_spaghetti": {
			"textures": "textures/items/extra_food/carbonara_spaghetti"
		},
		"uf_tomato_spaghetti": {
			"textures": "textures/items/extra_food/tomato_spaghetti"
		},
		"uf_toasted_bread_grape_jam": {
			"textures": "textures/items/extra_food/toasted_bread_grape_jam"
		},
		"uf_toasted_bread_orange_jam": {
			"textures": "textures/items/extra_food/toasted_bread_orange_jam"
		},
		"uf_toasted_bread_strawberry_jam": {
			"textures": "textures/items/extra_food/toasted_bread_strawberry_jam"
		}
	}
}