{
	"resource_pack_name": "bridgeRP",
	"texture_name": "atlas.terrain",
	"padding": 8,
	"num_mip_levels": 4,
	"texture_data": {
		"uf_corn_crop_0": {
			"textures": "textures/blocks/corn_crop_0"
		},
		"uf_corn_crop_1": {
			"textures": "textures/blocks/corn_crop_1"
		},
		"uf_corn_crop_2": {
			"textures": "textures/blocks/corn_crop_2"
		},
		"uf_corn_crop_3": {
			"textures": "textures/blocks/corn_crop_3"
		},
		"uf_corn_crop_4": {
			"textures": "textures/blocks/corn_crop_4"
		},
		"uf_custom_farm_land": {
			"textures": "textures/blocks/custom_farm_land"
		},
		"uf_lettuce_crop": {
			"textures": "textures/blocks/lettuce_crop"
		},
		"lettuce_crop_0": {
			"textures": "textures/blocks/lettuce_crop_0"
		},
		"lettuce_crop_1": {
			"textures": "textures/blocks/lettuce_crop_1"
		},
		"lettuce_crop_2": {
			"textures": "textures/blocks/lettuce_crop_2"
		},
		"lettuce_crop_3": {
			"textures": "textures/blocks/lettuce_crop_3"
		},
		"uf_wheat_feeder": {
			"textures": "textures/blocks/wheat_feeder"
		},
		"uf_tomato_crop_0": {
			"textures": "textures/blocks/tomato_crop_0"
		},
		"uf_tomato_crop_1": {
			"textures": "textures/blocks/tomato_crop_1"
		},
		"uf_tomato_crop_2": {
			"textures": "textures/blocks/tomato_crop_2"
		},
		"uf_tomato_crop_3": {
			"textures": "textures/blocks/tomato_crop_3"
		},
		"uf_tomato_crop_4": {
			"textures": "textures/blocks/tomato_crop_4"
		},
		"uf_apple_tree_leafs": {
			"textures": "textures/blocks/apple_tree_leafs"
		},
		"uf_apple_block": {
			"textures": "textures/blocks/apple_block"
		},
		"uf_apple_tree_sappling": {
			"textures": "textures/blocks/apple_tree_sappling"
		},
		"uf_botany_table": {
			"textures": "textures/blocks/botany_table"
		},
		"uf_rice_farmland": {
			"textures": [
				{
					"path": "textures/blocks/rice_farmland"
				}
			]
		},
		"uf_rice_crop_0": {
			"textures": "textures/blocks/rice_crop_0"
		},
		"uf_rice_crop_1": {
			"textures": "textures/blocks/rice_crop_1"
		},
		"uf_rice_crop_2": {
			"textures": "textures/blocks/rice_crop_2"
		},
		"uf_rice_crop_3": {
			"textures": "textures/blocks/rice_crop_3"
		},
		"uf_rice_crop_4": {
			"textures": "textures/blocks/rice_crop_4"
		},
		"uf_grapes_crop_0": {
			"textures": "textures/blocks/grapes_crop_0"
		},
		"uf_grapes_crop_1": {
			"textures": "textures/blocks/grapes_crop_1"
		},
		"uf_grapes_crop_2": {
			"textures": "textures/blocks/grapes_crop_2"
		},
		"uf_grapes_crop_3": {
			"textures": "textures/blocks/grapes_crop_3"
		},
		"uf_grapes_crop_4": {
			"textures": "textures/blocks/grapes_crop_4"
		},
		"uf_grapes_crop_5": {
			"textures": "textures/blocks/grapes_crop_5"
		},
		"uf_chicken_coop": {
			"textures": "textures/blocks/chicken_coop"
		},
		"uf_orange_tree_leafs": {
			"textures": "textures/blocks/orange_tree_leafs"
		},
		"uf_orange_block": {
			"textures": "textures/blocks/orange_block"
		},
		"uf_orange_tree_sapling": {
			"textures": "textures/blocks/orange_tree_sapling"
		},
		"uf_pepper_crop_0": {
			"textures": "textures/blocks/pepper_crop_0"
		},
		"uf_pepper_crop_1": {
			"textures": "textures/blocks/pepper_crop_1"
		},
		"uf_pepper_crop_2": {
			"textures": "textures/blocks/pepper_crop_2"
		},
		"uf_pepper_crop_3": {
			"textures": "textures/blocks/pepper_crop_3"
		},
		"uf_pepper_crop_4": {
			"textures": "textures/blocks/pepper_crop_4"
		},
		"uf_olive_tree_leafs": {
			"textures": "textures/blocks/olive_tree_leafs"
		},
		"uf_olive_tree_leafs_full": {
			"textures": "textures/blocks/olive_tree_leafs_full"
		},
		"uf_olive_tree_sapling": {
			"textures": "textures/blocks/olive_tree_sapling"
		},
		"uf_wine_barrel": {
			"textures": "textures/blocks/wine_barrel"
		},
		"uf_chese_mold": {
			"textures": "textures/blocks/chese_mold"
		},
		"uf_popcorn_machine": {
			"textures": "textures/blocks/popcorn_machine"
		},
		"uf_sprinkler": {
			"textures": "textures/blocks/sprinkler"
		},
		"uf_cherry_tree_leafs": {
			"textures": "textures/blocks/cherry_tree_leaves"
		},
		"uf_cherry_tree_leafs_blossom": {
			"textures": "textures/blocks/cherry_tree_leaves_blossom"
		},
		"uf_cherry_tree_leaves_blossom": {
			"textures": "textures/blocks/cherry_tree_leaves_blossom"
		},
		"uf_cherry_tree_leaves_fruit": {
			"textures": "textures/blocks/cherry_tree_leaves_fruit"
		},
		"uf_cherry_tree_sapling": {
			"textures": "textures/blocks/cherry_tree_sapling"
		},
		"uf_kelp_hatchery": {
			"textures": "textures/blocks/kelp_hatchery"
		},
		"uf_kelp_hatchery_stg_0": {
			"textures": "textures/blocks/kelp_hatchery_stg_0"
		},
		"uf_kelp_hatchery_stg_1": {
			"textures": "textures/blocks/kelp_hatchery_stg_1"
		},
		"uf_kelp_hatchery_stg_2": {
			"textures": "textures/blocks/kelp_hatchery_stg_2"
		},
		"uf_kelp_hatchery_stg_3": {
			"textures": "textures/blocks/kelp_hatchery_stg_3"
		},
		"uf_sushi_set": {
			"textures": "textures/blocks/sushi_set"
		},
		"uf_juicer": {
			"textures": "textures/blocks/juicer"
		},
		"uf_cut_table": {
			"textures": "textures/blocks/cut_table"
		},
		"uf_cut_table_melon": {
			"textures": "textures/blocks/cut_table_melon"
		},
		"uf_cut_table_raw_chicken": {
			"textures": "textures/blocks/cut_table_raw_chicken"
		},
		"uf_cut_table_cooked_chicken": {
			"textures": "textures/blocks/cut_table_cooked_chicken"
		},
		"uf_cooking_pot": {
			"textures": "textures/blocks/cooking_pot"
		},
		"uf_cooking_pot_rice": {
			"textures": "textures/blocks/cooking_pot_rice"
		},
		"uf_cooking_pot_stg_1": {
			"textures": "textures/blocks/cooking_pot_stg_1"
		},
		"uf_cooking_pot_stg_2": {
			"textures": "textures/blocks/cooking_pot_stg_2"
		},
		"uf_cooking_pot_stg_3": {
			"textures": "textures/blocks/cooking_pot_stg_3"
		},
		"uf_cooking_pot_stg_4": {
			"textures": "textures/blocks/cooking_pot_stg_4"
		},
		"uf_onion_crop_0": {
			"textures": "textures/blocks/onion_crop_0"
		},
		"uf_onion_crop_1": {
			"textures": "textures/blocks/onion_crop_1"
		},
		"uf_onion_crop_2": {
			"textures": "textures/blocks/onion_crop_2"
		},
		"uf_onion_crop_3": {
			"textures": "textures/blocks/onion_crop_3"
		},
		"uf_onion_crop_4": {
			"textures": "textures/blocks/onion_crop_4"
		},
		"uf_cut_table_pumpkin": {
			"textures": "textures/blocks/cut_table_pumpkin"
		},
		"uf_cut_table_porkchop": {
			"textures": "textures/blocks/cut_table_porkchop"
		},
		"uf_cut_table_beef": {
			"textures": "textures/blocks/cut_table_beef"
		},
		"uf_cut_table_potato": {
			"textures": "textures/blocks/cut_table_potato"
		},
		"uf_brown_spores_block": {
			"textures": "textures/blocks/brown_spores_block"
		},
		"uf_tiny_brown_mushroom": {
			"textures": "textures/blocks/tiny_brown_mushroom"
		},
		"uf_red_spores_block": {
			"textures": "textures/blocks/red_spores_block"
		},
		"uf_tiny_red_mushroom": {
			"textures": "textures/blocks/tiny_red_mushroom"
		},
		"uf_chicken_coop_full": {
			"textures": "textures/blocks/chicken_coop_full"
		},
		"uf_chicken_coop_eggs": {
			"textures": "textures/blocks/chicken_coop_eggs"
		},
		"uf_cherry_block": {
			"textures": "textures/blocks/cherry_block"
		},
		"uf_cherry_tree_leaves_blossom_fake": {
			"textures": "textures/blocks/cherry_tree_leaves_blossom"
		},
		"garlic_0": {
			"textures": "textures/blocks/garlic_0"
		},
		"garlic_1": {
			"textures": "textures/blocks/garlic_1"
		},
		"garlic_2": {
			"textures": "textures/blocks/garlic_2"
		},
		"garlic_3": {
			"textures": "textures/blocks/garlic_3"
		},
		"garlic_4": {
			"textures": "textures/blocks/garlic_4"
		},
		"cauliflower_crop_0": {
			"textures": "textures/blocks/cauliflower_crop_0"
		},
		"cauliflower_crop_1": {
			"textures": "textures/blocks/cauliflower_crop_1"
		},
		"cauliflower_crop_2": {
			"textures": "textures/blocks/cauliflower_crop_2"
		},
		"cauliflower_crop_3": {
			"textures": "textures/blocks/cauliflower_crop_3"
		},
		"cauliflower_crop": {
			"textures": "textures/blocks/cauliflower_crop"
		},
		"eggplant_crop_0": {
			"textures": "textures/blocks/eggplant_crop_0"
		},
		"eggplant_crop_1": {
			"textures": "textures/blocks/eggplant_crop_1"
		},
		"eggplant_crop_2": {
			"textures": "textures/blocks/eggplant_crop_2"
		},
		"eggplant_crop_3": {
			"textures": "textures/blocks/eggplant_crop_3"
		},
		"eggplant_crop_4": {
			"textures": "textures/blocks/eggplant_crop_4"
		},
		"strawberry_crop_0": {
			"textures": "textures/blocks/strawberry_crop_0"
		},
		"strawberry_crop_1": {
			"textures": "textures/blocks/strawberry_crop_1"
		},
		"strawberry_crop_2": {
			"textures": "textures/blocks/strawberry_crop_2"
		},
		"strawberry_crop_3": {
			"textures": "textures/blocks/strawberry_crop_3"
		},
		"strawberry_crop_4": {
			"textures": "textures/blocks/strawberry_crop_4"
		},
		"cotton_crop_0": {
			"textures": "textures/blocks/cotton_crop_0"
		},
		"cotton_crop_1": {
			"textures": "textures/blocks/cotton_crop_1"
		},
		"cotton_crop_2": {
			"textures": "textures/blocks/cotton_crop_2"
		},
		"cotton_crop_3": {
			"textures": "textures/blocks/cotton_crop_3"
		},
		"cotton_crop_4": {
			"textures": "textures/blocks/cotton_crop_4"
		},
		"cucumber_crop_0": {
			"textures": "textures/blocks/cucumber_crop_0"
		},
		"cucumber_crop_1": {
			"textures": "textures/blocks/cucumber_crop_1"
		},
		"cucumber_crop_2": {
			"textures": "textures/blocks/cucumber_crop_2"
		},
		"cucumber_crop_3": {
			"textures": "textures/blocks/cucumber_crop_3"
		},
		"cucumber_crop_4": {
			"textures": "textures/blocks/cucumber_crop_4"
		},
		"sweet_potato_crop_0": {
			"textures": "textures/blocks/sweet_potato_crop_0"
		},
		"sweet_potato_crop_1": {
			"textures": "textures/blocks/sweet_potato_crop_1"
		},
		"sweet_potato_crop_2": {
			"textures": "textures/blocks/sweet_potato_crop_2"
		},
		"sweet_potato_crop_3": {
			"textures": "textures/blocks/sweet_potato_crop_3"
		},
		"sweet_potato_crop_4": {
			"textures": "textures/blocks/sweet_potato_crop_4"
		},
		"uf_stove": {
			"textures": "textures/blocks/stove"
		},
		"uf_strawberry_cake": {
			"textures": "textures/blocks/strawberry_cake"
		},
		"uf_toaster": {
			"textures": "textures/blocks/toaster_cutted_bread"
		},
		"uf_toaster_cutted_bread": {
			"textures": "textures/blocks/toaster_toasted_cutted_bread"
		},
		"uf_wine_bottle_block": {
			"textures": "textures/blocks/wine_bottle"
		},
		"uf_rustic_countertop_side": {
			"textures": "textures/blocks/rustic_countertop_connected"
		},
		"uf_rustic_countertop_top": {
			"textures": "textures/blocks/rustic_countertop_top"
		},
		"uf_brick_countertop": {
			"textures": "textures/blocks/bricks_countertop_connected"
		},
		"uf_mud_countertop": {
			"textures": "textures/blocks/mud_countertop"
		},
		"uf_wild_plant": {
			"textures": "textures/blocks/wild_plant"
		}
	}
}