{
	"format_version": "1.16.100",
	"minecraft:item": {
		"description": {
			"identifier": "uf:carbonara_spaghetti",
			"category": "equipment"
		},
		"components": {
			"minecraft:use_duration": 1.6,
			"minecraft:food": {
				"nutrition": 8,
				"saturation_modifier": "max"
			},
			"minecraft:icon": {
				"texture": "uf_carbonara_spaghetti"
			},
			"minecraft:use_animation": "eat",
			"minecraft:render_offsets": "apple",
			"minecraft:creative_category": {
				"parent": "itemGroup.name.miscFood"
			}
		}
	}
}