{
    "format_version": "1.16.100",
    "minecraft:item": {
        "description": {
            "category": "equipment",
            "identifier": "uf:strawberry_cake"
        },
        "components": {
            "minecraft:creative_category": {
                "parent": "itemGroup.name.miscFood"
            },
            "minecraft:max_stack_size": 1,
            "minecraft:block_placer": {
                "block": "uf:strawberry_cake_block",
                "use_block_description": true
            },
            "minecraft:icon": {
                "texture": "uf_strawberry_cake"
            }
        },
        "events": {}
    }
}