{
	"format_version": "1.16.100",
	"minecraft:block": {
		"description": {
			"identifier": "uf:chese_mold",
			"is_experimental": false,
			"properties": {
				"uf:stage": [
					0,
					1,
					2,
					3,
					4,
					5,
					6,
					7
				]
			}
		},
		"components": {
			"minecraft:creative_category": {
				"category": "nature",
				"group": "nature"
			},
			"minecraft:destroy_time": 0.2,
			"minecraft:explosion_resistance": 1,
			"minecraft:geometry": "geometry.cheese_mold_empty",
			"minecraft:material_instances": {
				"*": {
					"texture": "uf_chese_mold",
					"render_method": "alpha_test"
				}
			},
			"minecraft:block_light_absorption": 0
		},
		"permutations": [
			{
				"condition": "query.block_property('uf:stage') == 0",
				"components": {
					"minecraft:geometry": "geometry.cheese_mold_empty",
					"minecraft:on_interact": {
						"event": "uf:start_cheese",
						"condition": "query.get_equipped_item_name == 'milk_bucket'"
					}
				}
			},
			{
				"condition": "query.block_property('uf:stage') == 1",
				"components": {
					"minecraft:geometry": "geometry.cheese_mold_process",
					"minecraft:ticking": {
						"range": [
							2,
							6
						],
						"on_tick": {
							"event": "uf:progress_5"
						}
					}
				}
			},
			{
				"condition": "query.block_property('uf:stage') == 2",
				"components": {
					"minecraft:geometry": "geometry.cheese_mold_process",
					"minecraft:ticking": {
						"range": [
							2,
							6
						],
						"on_tick": {
							"event": "uf:progress_4"
						}
					}
				}
			},
			{
				"condition": "query.block_property('uf:stage') == 3",
				"components": {
					"minecraft:geometry": "geometry.cheese_mold_process",
					"minecraft:ticking": {
						"range": [
							2,
							6
						],
						"on_tick": {
							"event": "uf:progress_3"
						}
					}
				}
			},
			{
				"condition": "query.block_property('uf:stage') == 4",
				"components": {
					"minecraft:geometry": "geometry.cheese_mold_process",
					"minecraft:ticking": {
						"range": [
							2,
							6
						],
						"on_tick": {
							"event": "uf:progress_2"
						}
					}
				}
			},
			{
				"condition": "query.block_property('uf:stage') == 5",
				"components": {
					"minecraft:geometry": "geometry.cheese_mold_process",
					"minecraft:ticking": {
						"range": [
							2,
							6
						],
						"on_tick": {
							"event": "uf:progress_1"
						}
					}
				}
			},
			{
				"condition": "query.block_property('uf:stage') == 6",
				"components": {
					"minecraft:geometry": "geometry.cheese_mold_process",
					"minecraft:ticking": {
						"range": [
							1,
							6
						],
						"on_tick": {
							"event": "uf:progress_0"
						}
					}
				}
			},
			{
				"condition": "query.block_property('uf:stage') == 7",
				"components": {
					"minecraft:geometry": "geometry.cheese_mold_full",
					"minecraft:on_interact": {
						"event": "uf:take_cheese"
					}
				}
			}
		],
		"events": {
			"uf:start_cheese": {
				"set_block_property": {
					"uf:stage": 1
				},
				"decrement_stack": {},
				"transform_item": {
					"transform": "minecraft:bucket"
				}
			},
			"uf:progress_5": {
				"set_block_property": {
					"uf:stage": 2
				},
				"run_command": {
					"command": [
						"/particle uf:time_5 ~ ~1 ~"
					]
				}
			},
			"uf:progress_4": {
				"set_block_property": {
					"uf:stage": 3
				},
				"run_command": {
					"command": [
						"/particle uf:time_4 ~ ~1 ~"
					]
				}
			},
			"uf:progress_3": {
				"set_block_property": {
					"uf:stage": 4
				},
				"run_command": {
					"command": [
						"/particle uf:time_3 ~ ~1 ~"
					]
				}
			},
			"uf:progress_2": {
				"set_block_property": {
					"uf:stage": 5
				},
				"run_command": {
					"command": [
						"/particle uf:time_2 ~ ~1 ~"
					]
				}
			},
			"uf:progress_1": {
				"set_block_property": {
					"uf:stage": 6
				},
				"run_command": {
					"command": [
						"/particle uf:time_1 ~ ~1 ~"
					]
				}
			},
			"uf:progress_0": {
				"set_block_property": {
					"uf:stage": 7
				}
			},
			"uf:take_cheese": {
				"set_block_property": {
					"uf:stage": 0
				},
				"spawn_loot": {
					"table": "loot_tables/cheese.json"
				}
			}
		}
	}
}