{
	"format_version": "1.16.100",
	"minecraft:block": {
		"description": {
			"identifier": "uf:chicken_coop_full",
			"is_experimental": false,
			"properties": {
				"uf:face": [
					0,
					1,
					2,
					3
				],
				"uf:ready": [
					false,
					true
				]
			}
		},
		"components": {
			"minecraft:destroy_time": 0.2,
			"minecraft:explosion_resistance": 1,
			"minecraft:geometry": "geometry.chicken_coop",
			"minecraft:material_instances": {
				"*": {
					"texture": "uf_chicken_coop"
				}
			},
			"minecraft:ticking": {
				"range": [
					0,
					0
				],
				"on_tick": {
					"event": "uf:random_rot"
				}
			},
			"minecraft:block_light_absorption": 0,
			"minecraft:pick_collision": {
				"origin": [
					-7,
					0,
					-7
				],
				"size": [
					14,
					3,
					14
				]
			},
			"minecraft:entity_collision": {
				"origin": [
					-7,
					0,
					-7
				],
				"size": [
					14,
					3,
					14
				]
			},
			"minecraft:breathability": "air"
		},
		"permutations": [
			{
				"condition": "query.block_property('uf:ready')",
				"components": {
					"minecraft:ticking": {
						"range": [
							10,
							40
						],
						"on_tick": {
							"event": "uf:finish"
						}
					}
				}
			},
			{
				"condition": "query.block_property('uf:face') == 0",
				"components": {
					"minecraft:rotation": [
						0,
						180,
						0
					]
				}
			},
			{
				"condition": "query.block_property('uf:face') == 1",
				"components": {
					"minecraft:rotation": [
						0,
						0,
						0
					]
				}
			},
			{
				"condition": "query.block_property('uf:face') == 2",
				"components": {
					"minecraft:rotation": [
						0,
						270,
						0
					]
				}
			}
		],
		"events": {
			"uf:random_rot": {
				"sequence": [
					{
						"condition": "1",
						"set_block_property": {
							"uf:face": "math.random(0,2)"
						}
					},
					{
						"condition": "1",
						"set_block_property": {
							"uf:ready": true
						}
					}
				]
			},
			"uf:finish": {
				"run_command": {
					"command": [
						"setblock ~~~ uf:chicken_coop_eggs",
						"particle minecraft:crop_growth_emitter ~ ~ ~",
						"summon chicken ~~~"
					]
				}
			}
		}
	}
}