{
    "format_version": "1.16.100",
    "minecraft:block": {
        "description": {
            "identifier": "uf:stove",
            "is_experimental": false
        },
        "components": {
            "minecraft:destroy_time": 0.4,
            "minecraft:explosion_resistance": 1,
            "minecraft:geometry": "geometry.stove",
            "minecraft:material_instances": {
                "*": {
                    "texture": "uf_stove"
                }
            },
            "minecraft:block_light_absorption": 0,
            "minecraft:block_light_emission": 0.2
        },
        "events": {}
    }
}