{
	"format_version": "1.16.100",
	"minecraft:block": {
		"description": {
			"identifier": "uf:wine_barrel",
			"is_experimental": false,
			"properties": {
				"uf:face": [
					0,
					1,
					2,
					3
				],
				"uf:wine_stage": [
					0,
					1,
					2,
					3,
					4
				]
			}
		},
		"components": {
			"minecraft:on_player_placing": {
				"event": "set_facing"
			},
			"minecraft:creative_category": {
				"category": "items"
			},
			"minecraft:destroy_time": 0.2,
			"minecraft:explosion_resistance": 1,
			"minecraft:geometry": "geometry.wine_barrel",
			"minecraft:material_instances": {
				"*": {
					"texture": "uf_wine_barrel",
					"ambient_occlusion": false
				}
			},
			"minecraft:on_interact": {
				"event": "uf:update_wine"
			},
			"minecraft:pick_collision": {
				"origin": [
					-7,
					0,
					-7
				],
				"size": [
					14,
					16,
					14
				]
			},
			"minecraft:entity_collision": {
				"origin": [
					-7,
					0,
					-7
				],
				"size": [
					14,
					16,
					14
				]
			},
			"minecraft:block_light_absorption": 0
		},
		"permutations": [
			{
				"condition": "query.block_property('uf:face') == 0",
				"components": {
					"minecraft:rotation": [
						0,
						180,
						0
					]
				}
			},
			{
				"condition": "query.block_property('uf:face') == 1",
				"components": {
					"minecraft:rotation": [
						0,
						0,
						0
					]
				}
			},
			{
				"condition": "query.block_property('uf:face') == 2",
				"components": {
					"minecraft:rotation": [
						0,
						270,
						0
					]
				}
			},
			{
				"condition": "query.block_property('uf:face') == 3",
				"components": {
					"minecraft:rotation": [
						0,
						90,
						0
					]
				}
			},
			{
				"condition": "query.block_property('uf:wine_stage') == 0",
				"components": {}
			},
			{
				"condition": "query.block_property('uf:wine_stage') == 1",
				"components": {}
			},
			{
				"condition": "query.block_property('uf:wine_stage') == 2",
				"components": {}
			},
			{
				"condition": "query.block_property('uf:wine_stage') == 3",
				"components": {}
			},
			{
				"condition": "query.block_property('uf:wine_stage') == 4",
				"components": {}
			}
		],
		"events": {
			"set_facing": {
				"set_block_property": {
					"uf:face": "query.cardinal_facing_2d-2"
				}
			},
			"uf:wine_info": {
				"sequence": [
					{
						"condition": "query.block_property('uf:wine_stage')==0",
						"run_command": {
							"command": [
								"tellraw @p {\"rawtext\":[{\"text\":\"Wine Barrel: 0% [0/4]\"}]}"
							]
						}
					},
					{
						"condition": "query.block_property('uf:wine_stage')==1",
						"run_command": {
							"command": [
								"tellraw @p {\"rawtext\":[{\"text\":\"Wine Barrel: 25% [1/4]\"}]}"
							]
						}
					},
					{
						"condition": "query.block_property('uf:wine_stage')==2",
						"run_command": {
							"command": [
								"tellraw @p {\"rawtext\":[{\"text\":\"Wine Barrel: 50% [2/4]\"}]}"
							]
						}
					},
					{
						"condition": "query.block_property('uf:wine_stage')==3",
						"run_command": {
							"command": [
								"tellraw @p {\"rawtext\":[{\"text\":\"Wine Barrel: 75% [3/4]\"}]}"
							]
						}
					},
					{
						"condition": "query.block_property('uf:wine_stage')==4",
						"run_command": {
							"command": [
								"tellraw @p {\"rawtext\":[{\"text\":\"Wine Barrel: 100% [4/4]\"}]}"
							]
						}
					}
				]
			},
			"uf:update_wine": {
				"sequence": [
					{
						"condition": "query.get_equipped_item_name==''",
						"trigger": "uf:wine_info"
					},
					{
						"condition": "query.get_equipped_item_name=='grape'&&query.block_property('uf:wine_stage')<4",
						"set_block_property": {
							"uf:wine_stage": "query.block_property('uf:wine_stage')+1"
						},
						"decrement_stack": {},
						"trigger": "uf:wine_info"
					},
					{
						"condition": "query.get_equipped_item_name=='empty_wine_bottle'&&query.block_property('uf:wine_stage')>0",
						"set_block_property": {
							"uf:wine_stage": "query.block_property('uf:wine_stage')-1"
						},
						"spawn_loot": {
							"table": "loot_tables/wine.json"
						},
						"decrement_stack": {},
						"trigger": "uf:wine_info"
					}
				]
			}
		}
	}
}